Date_sampled,Cruise,Station,Latitude,Longitude,Bottle_Number,Depth,Bottom_depth,Temperature,Conductivity,dO2,Fluorescence,Transmisson_pct,PAR,Salinity,PO4,NO3_NO2,Silicate,NO2,NH4
2017-12-31,NBP18-01,4,-72.751,-116.001,1,653.7,685,0.7258,29.686417,4.4168,0.0235,98.3352,nd,34.6397,2.40,32.5,106.2,0.04,0.70
2017-12-31,NBP18-01,4,-72.751,-116.001,2,649.9,685,0.7251,29.684185,4.4158,0.0276,98.339,nd,34.6398,nd,nd,nd,nd,nd
2017-12-31,NBP18-01,4,-72.751,-116.001,3,599.9,685,0.1888,29.110466,4.6622,0.0197,98.6998,nd,34.5192,2.45,33.5,101.9,0.01,0.00
2017-12-31,NBP18-01,4,-72.751,-116.001,4,500,685,-0.7427,28.114146,5.1594,0.0305,98.6786,nd,34.3017,2.40,31.5,93.2,-0.01,0.08
2017-12-31,NBP18-01,4,-72.751,-116.001,5,450,685,-1.4005,27.478972,5.8206,0.0396,98.7241,nd,34.2147,2.35,31.3,87.2,0.01,0.04
2017-12-31,NBP18-01,4,-72.751,-116.001,6,400,685,-1.7316,27.154639,6.2354,0.0471,98.6873,nd,34.1772,2.34,31.0,84.7,0.02,-0.01
2017-12-31,NBP18-01,4,-72.751,-116.001,7,300,685,-1.793,27.049936,6.2572,0.0532,98.6707,nd,34.1654,2.31,31.0,87.1,0.01,0.00
2017-12-31,NBP18-01,4,-72.751,-116.001,8,200,685,-1.7866,27.001773,6.327,0.1797,98.4893,nd,34.1546,2.33,30.7,86.0,0.10,0.02
2017-12-31,NBP18-01,4,-72.751,-116.001,9,100,685,-1.7745,26.925121,6.4562,0.1917,98.419,nd,34.0981,2.28,32.1,83.2,0.13,0.02
2017-12-31,NBP18-01,4,-72.751,-116.001,10,50,685,-1.7404,26.899278,6.8391,2.108,94.6203,nd,34.0554,2.29,29.9,87.4,0.08,0.26
2017-12-31,NBP18-01,4,-72.751,-116.001,11,30,685,-1.4518,27.123164,7.6025,3.8445,93.323,nd,34.0482,2.17,28.7,85.1,0.07,0.08
2017-12-31,NBP18-01,4,-72.751,-116.001,12,10,685,0.487,28.724077,8.0213,2.1493,90.1394,nd,34.0343,2.04,26.8,81.5,0.16,0.20
2018-01-03,NBP18-01,10,-73.054,-129.988,1,459.9,489,1.0728,29.955026,4.3047,0.0235,98.2791,nd,34.7136,2.38,31.9,105.9,0.11,0.09
2018-01-03,NBP18-01,10,-73.054,-129.988,2,399.6,489,0.0471,28.871076,4.814,0.0527,98.0928,nd,34.4822,2.38,31.5,93.9,0.04,0.06
2018-01-03,NBP18-01,10,-73.054,-129.988,3,350,489,-0.7494,28.069911,5.3886,0.0336,97.3748,nd,34.3414,2.39,31.5,85.4,0.03,0.03
2018-01-03,NBP18-01,10,-73.054,-129.988,4,300.2,489,-1.2068,27.606044,5.7348,0.043,98.3842,nd,34.2617,2.35,32.1,82.8,0.00,0.02
2018-01-03,NBP18-01,10,-73.054,-129.988,5,250.2,489,-1.5997,27.207533,6.0919,0.0514,98.3707,nd,34.1936,2.35,32.3,84.3,0.01,0.02
2018-01-03,NBP18-01,10,-73.054,-129.988,6,200,489,-1.7787,27.011369,6.4053,0.0715,98.3303,nd,34.1589,2.28,32.4,87.7,0.04,0.04
2018-01-03,NBP18-01,10,-73.054,-129.988,7,150,489,-1.8139,26.948066,6.4876,0.1356,98.1337,nd,34.1436,2.27,30.5,83.7,0.11,0.11
2018-01-03,NBP18-01,10,-73.054,-129.988,8,100.1,489,-1.8054,26.927274,6.6058,0.1999,98.0713,nd,34.1367,2.28,31.8,87.3,0.20,0.19
2018-01-03,NBP18-01,10,-73.054,-129.988,9,50.2,489,-1.7556,26.937872,6.6461,0.3793,97.4068,nd,34.1267,2.27,31.5,85.2,0.15,0.40
2018-01-03,NBP18-01,10,-73.054,-129.988,10,20.1,489,-1.3644,27.185446,7.1499,7.7872,88.26,nd,34.0408,2.08,27.0,78.9,0.11,0.53
2018-01-03,NBP18-01,10,-73.054,-129.988,12,9.9,489,-0.8135,27.524217,7.6352,5.7674,88.8854,nd,33.8861,1.94,26.1,79.9,0.14,0.44
2018-01-03,NBP18-01,11,-74.047,-133.764,1,342.2,370,-1.1229,27.704168,5.6663,0.0409,97.9709,nd,34.2736,2.38,31.8,85.6,0.08,0.60
2018-01-03,NBP18-01,11,-74.047,-133.764,2,300,370,-1.1313,27.676865,5.6763,0.0617,97.9908,nd,34.2725,2.38,31.7,85.8,0.03,0.27
2018-01-03,NBP18-01,11,-74.047,-133.764,3,250,370,-1.3758,27.418377,5.8926,0.0679,98.3985,nd,34.2288,2.36,31.2,85.4,0.00,0.40
2018-01-03,NBP18-01,11,-74.047,-133.764,4,200,370,-1.567,27.206156,6.1339,0.0465,98.4314,nd,34.1863,2.34,30.9,84.0,0.01,0.42
2018-01-03,NBP18-01,11,-74.047,-133.764,5,150,370,-1.6635,27.087111,6.2847,0.0616,98.463,nd,34.1642,2.33,32.0,85.4,0.04,0.11
2018-01-03,NBP18-01,11,-74.047,-133.764,6,100,370,-1.7765,26.940928,6.538,0.3262,97.9955,nd,34.1225,1.87,22.3,76.7,0.05,0.58
2018-01-03,NBP18-01,11,-74.047,-133.764,7,74.9,370,-1.7661,26.920704,6.6011,0.7556,96.6018,nd,34.0989,2.19,29.5,81.9,0.13,0.67
2018-01-03,NBP18-01,11,-74.047,-133.764,8,50,370,-1.6286,26.988207,6.8256,4.0245,92.1852,nd,34.0508,2.18,28.0,80.5,0.10,0.46
2018-01-03,NBP18-01,11,-74.047,-133.764,9,28.9,370,-1.0871,27.2452,7.8513,17.9275,75.4453,nd,33.8026,1.86,23.7,78.1,0.06,0.24
2018-01-03,NBP18-01,11,-74.047,-133.764,10,20.1,370,-1.0162,27.272654,8.0049,22.1021,73.5822,nd,33.7658,1.65,20.4,76.2,0.08,0.29
2018-01-03,NBP18-01,11,-74.047,-133.764,12,10,370,-1.0032,27.276137,7.998,23.556,72.9116,nd,33.7621,1.67,19.2,75.9,0.31,0.76
2018-01-05,NBP18-01,15,-75.864,-151.918,1,1000.4,1511,1.0102,30.14605,4.3335,0.0162,98.6444,nd,34.7181,2.37,31.3,106.8,0.07,0.11
2018-01-05,NBP18-01,15,-75.864,-151.918,2,800,1511,1.1903,30.218104,4.2419,0.0216,98.6392,nd,34.7237,nd,nd,nd,nd,nd
2018-01-05,NBP18-01,15,-75.864,-151.918,3,600,1511,1.4153,30.325395,4.1543,0.0332,98.574,nd,34.7262,2.39,30.6,93.9,0.03,0.04
2018-01-05,NBP18-01,15,-75.864,-151.918,4,400,1511,0.4179,29.202309,4.7158,0.0335,98.5645,nd,34.5024,2.33,32.0,85.4,0.04,0.21
2018-01-05,NBP18-01,15,-75.864,-151.918,5,300,1511,-1.0711,27.704817,5.7155,0.0395,98.3488,nd,34.242,2.35,33.4,85.7,0.00,0.17
2018-01-05,NBP18-01,15,-75.864,-151.918,6,200,1511,-1.7035,27.065069,6.3447,0.1073,98.4331,nd,34.1473,2.25,31.6,80.6,0.03,0.01
2018-01-05,NBP18-01,15,-75.864,-151.918,7,150,1511,-1.749,26.991823,6.4478,0.1377,98.3099,nd,34.1299,2.25,31.6,82.9,0.08,0.08
2018-01-05,NBP18-01,15,-75.864,-151.918,8,110,1511,-1.7544,26.954288,6.5785,0.1841,98.0909,nd,34.1093,2.21,31.0,80.2,0.13,0.03
2018-01-05,NBP18-01,15,-75.864,-151.918,9,80,1511,-1.7333,26.945108,6.6627,0.2731,97.6051,nd,34.0919,2.18,30.4,80.7,0.16,0.06
2018-01-05,NBP18-01,15,-75.864,-151.918,10,50.2,1511,-1.5639,27.027824,7.0146,4.5746,90.0765,nd,34.0317,2.08,27.0,65.5,0.19,1.00
2018-01-05,NBP18-01,15,-75.864,-151.918,11,30,1511,-0.8246,27.539529,8.2649,35.9356,65.0779,nd,33.907,1.94,24.3,74.1,0.14,1.69
2018-01-05,NBP18-01,15,-75.864,-151.918,12,10,1511,-0.4794,27.655105,8.9344,41.8372,62.1479,nd,33.689,1.25,15.3,71.3,0.13,0.98
2018-01-08,NBP18-01,20,-76.714,179.819,1,533.3,565,-1.8969,27.475129,6.4001,0.0374,97.6957,nd,34.7301,2.33,30.6,78.9,0.03,0.26
2018-01-08,NBP18-01,20,-76.714,179.819,2,500,565,-1.8981,27.4591,6.4058,0.0355,97.6903,nd,34.7305,2.35,30.8,79.1,0.02,0.24
2018-01-08,NBP18-01,20,-76.714,179.819,3,400,565,-1.9101,27.369557,6.3717,0.0432,98.1269,nd,34.6832,2.32,31.1,78.3,0.01,0.07
2018-01-08,NBP18-01,20,-76.714,179.819,4,300,565,-1.9476,27.269953,6.4564,0.037,98.4552,nd,34.6519,2.32,30.5,78.1,-0.00,0.01
2018-01-08,NBP18-01,20,-76.714,179.819,5,200,565,-2.0007,27.137593,6.5188,0.053,98.4163,nd,34.5932,2.29,30.5,76.7,0.05,0.19
2018-01-08,NBP18-01,20,-76.714,179.819,6,150,565,-1.8285,27.23657,6.5506,0.2233,97.7411,nd,34.5636,2.24,29.3,74.8,0.07,0.69
2018-01-08,NBP18-01,20,-76.714,179.819,7,100.4,565,-1.7242,27.274562,6.6197,0.3494,97.4277,nd,34.5273,2.25,28.9,77.5,0.08,0.58
2018-01-08,NBP18-01,20,-76.714,179.819,8,50.2,565,-1.1264,27.72318,7.2639,2.047,94.0265,nd,34.4885,2.03,25.6,73.9,0.09,0.54
2018-01-08,NBP18-01,20,-76.714,179.819,10,30.2,565,-0.6895,28.063986,7.628,1.6941,92.1451,nd,34.4648,1.95,24.4,70.0,0.09,0.47
2018-01-08,NBP18-01,20,-76.714,179.819,12,10,565,-0.0806,28.519235,7.8101,0.6306,91.1199,nd,34.3975,1.98,24.0,72.5,0.09,0.79
2018-01-09,NBP18-01,22,-75.013,165.358,1,1084.7,1134,-1.8874,27.816856,6.6264,0.2399,97.2222,nd,34.8513,2.28,29.8,77.4,0.01,0.16
2018-01-09,NBP18-01,22,-75.013,165.358,2,1000,1134,-1.8926,27.773984,6.6775,0.0524,98.227,nd,34.8497,2.25,29.7,75.8,0.02,0.16
2018-01-09,NBP18-01,22,-75.013,165.358,3,800,1134,-1.9001,27.673892,6.6975,0.0984,98.1949,nd,34.8431,2.25,29.5,76.4,0.01,0.39
2018-01-09,NBP18-01,22,-75.013,165.358,4,600,1134,-1.9049,27.564854,6.69,0.096,98.2635,nd,34.8221,2.26,29.6,75.9,0.00,0.05
2018-01-09,NBP18-01,22,-75.013,165.358,5,400,1134,-1.9114,27.430469,6.5405,0.067,98.2499,nd,34.7698,2.28,30.0,76.4,0.01,0.20
2018-01-09,NBP18-01,22,-75.013,165.358,6,200,1134,-1.9043,27.323237,6.5406,0.2313,97.9499,nd,34.7408,2.29,30.0,75.2,0.02,0.61
2018-01-09,NBP18-01,22,-75.013,165.358,7,150,1134,-1.9132,27.285271,6.5762,0.2775,98.0014,nd,34.7309,2.26,29.4,75.5,0.03,0.21
2018-01-09,NBP18-01,22,-75.013,165.358,8,100,1134,-1.9152,27.255073,6.5924,0.9332,96.378,nd,34.7233,2.27,29.5,75.2,0.05,0.05
2018-01-09,NBP18-01,22,-75.013,165.358,9,75,1134,-1.8695,27.279275,6.6109,1.9542,94.0504,nd,34.7206,2.29,29.5,74.3,0.06,0.55
2018-01-09,NBP18-01,22,-75.013,165.358,10,40.1,1134,-1.5707,27.48139,6.8807,13.6976,87.105,nd,34.6758,2.13,27.3,69.0,0.08,0.50
2018-01-09,NBP18-01,22,-75.013,165.358,11,25,1134,-0.9646,27.949433,8.014,19.7809,76.4414,nd,34.6278,1.83,23.1,64.5,0.05,0.17
2018-01-09,NBP18-01,22,-75.013,165.358,12,10,1134,0.6334,29.254298,9.3302,17.2769,74.0946,nd,34.5643,0.81,6.2,27.3,0.06,0.40
2018-01-11,NBP18-01,25,-75.293,163.914,1,1209,1251,-1.8809,27.877534,6.5928,0.1245,97.6728,nd,34.852,2.26,28.6,74.4,0.06,0.19
2018-01-11,NBP18-01,25,-75.293,163.914,2,1100,1251,-1.8887,27.821462,6.6601,0.0594,98.1976,nd,34.8497,2.23,28.8,73.9,0.04,0.02
2018-01-11,NBP18-01,25,-75.293,163.914,3,1000,1251,-1.8932,27.772041,6.6832,0.0528,98.3416,nd,34.8477,2.25,30.9,77.2,0.01,0.19
2018-01-11,NBP18-01,25,-75.293,163.914,4,800,1251,-1.8993,27.671371,6.6772,0.0589,98.2829,nd,34.8381,2.23,31.3,78.0,0.01,0.05
2018-01-11,NBP18-01,25,-75.293,163.914,5,600,1251,-1.9031,27.553027,6.6311,0.0423,98.3255,nd,34.8034,2.26,31.2,78.8,0.01,0.26
2018-01-11,NBP18-01,25,-75.293,163.914,6,400,1251,-1.8949,27.436017,6.4936,0.0526,98.3689,nd,34.7583,2.26,32.1,81.2,0.03,0.06
2018-01-11,NBP18-01,25,-75.293,163.914,7,300,1251,-1.8984,27.368788,6.5163,0.0808,98.3218,nd,34.7327,2.25,31.7,80.0,0.05,0.02
2018-01-11,NBP18-01,25,-75.293,163.914,8,150,1251,-1.9129,27.27727,6.5595,0.1023,98.3071,nd,34.7193,2.25,31.3,78.4,0.06,-0.00
2018-01-11,NBP18-01,25,-75.293,163.914,9,100,1251,-1.9139,27.252108,6.5591,0.1063,98.3102,nd,34.7177,2.22,29.7,73.3,0.04,0.06
2018-01-11,NBP18-01,25,-75.293,163.914,10,75,1251,-1.9169,27.236394,6.5733,0.1078,98.3051,nd,34.7161,2.27,29.8,75.4,0.04,0.08
2018-01-11,NBP18-01,25,-75.293,163.914,11,30,1251,-1.9133,27.216419,6.5714,0.1238,98.1519,nd,34.7131,1.99,28.4,68.7,0.08,0.17
2018-01-11,NBP18-01,27,-74.987,165.890,1,1062,1109,-1.8865,27.808835,6.5746,0.0815,97.4001,nd,34.853,2.45,32.2,103.6,0.02,0.16
2018-01-11,NBP18-01,27,-74.987,165.890,2,1000,1109,-1.8923,27.774694,6.6616,0.0549,98.1172,nd,34.8503,2.25,28.9,73.5,0.06,0.05
2018-01-11,NBP18-01,27,-74.987,165.890,3,800,1109,-1.9001,27.674121,6.6972,0.0913,98.2864,nd,34.8435,nd,nd,nd,nd,nd
2018-01-11,NBP18-01,27,-74.987,165.890,4,600,1109,-1.9045,27.566462,6.6967,0.0957,98.3117,nd,34.8238,2.20,29.1,73.5,0.03,0.03
2018-01-11,NBP18-01,27,-74.987,165.890,5,400.1,1109,-1.9381,27.407161,6.5902,0.093,98.1526,nd,34.7685,2.22,29.6,65.6,0.00,0.02
2018-01-11,NBP18-01,27,-74.987,165.890,6,300.1,1109,-1.9289,27.358942,6.563,0.1441,98.1962,nd,34.7547,1.90,25.6,65.6,0.06,0.58
2018-01-11,NBP18-01,27,-74.987,165.890,7,209.9,1109,-1.8896,27.345133,6.4997,0.1476,98.1975,nd,34.7477,2.20,29.0,70.2,0.03,0.00
2018-01-11,NBP18-01,27,-74.987,165.890,8,150.1,1109,-1.9278,27.273725,6.5793,0.1612,98.1947,nd,34.7319,2.25,29.9,74.9,0.03,0.05
2018-01-11,NBP18-01,27,-74.987,165.890,9,100.2,1109,-1.8957,27.272785,6.5626,1.3276,97.3035,nd,34.7253,2.27,31.3,77.0,0.15,0.34
2018-01-11,NBP18-01,27,-74.987,165.890,10,50.1,1109,-1.6685,27.411999,6.7051,10.2314,87.5232,nd,34.687,2.22,29.2,71.2,0.10,0.28
2018-01-11,NBP18-01,27,-74.987,165.890,11,25,1109,-0.9121,27.992425,7.9374,18.5496,79.4099,nd,34.6259,nd,nd,nd,nd,nd
2018-01-11,NBP18-01,27,-74.987,165.890,12,10,1109,-0.5088,28.244749,8.4466,19.3035,80.0749,nd,34.5158,1.47,17.4,54.2,0.07,0.43
2018-01-16,NBP18-01,29,-76.001,172.997,1,559.5,589,-1.894,27.513365,6.4106,0.053,97.5654,nd,34.7638,2.28,30.0,76.8,0.08,0.30
2018-01-16,NBP18-01,29,-76.001,172.997,2,550,589,-1.8948,27.508648,6.4139,0.0528,97.5242,nd,34.7637,2.31,30.6,78.3,0.12,0.41
2018-01-16,NBP18-01,29,-76.001,172.997,3,500,589,-1.8959,27.481976,6.4128,0.2494,97.5253,nd,34.7598,2.29,30.9,77.6,0.05,-0.00
2018-01-16,NBP18-01,29,-76.001,172.997,4,400,589,-1.8803,27.411625,6.3198,0.0627,98.0336,nd,34.7072,2.35,31.4,80.0,0.02,0.00
2018-01-16,NBP18-01,29,-76.001,172.997,5,300,589,-1.3126,27.771922,5.6768,0.0862,96.987,nd,34.6107,2.35,31.7,85.4,0.01,0.02
2018-01-16,NBP18-01,29,-76.001,172.997,6,250.4,589,-1.6478,27.436964,6.1828,0.9435,96.4657,nd,34.5674,2.28,30.0,79.8,0.11,0.66
2018-01-16,NBP18-01,29,-76.001,172.997,7,200.4,589,-1.3607,27.648591,5.8495,0.6728,97.2295,nd,34.5601,2.32,30.7,80.6,0.09,0.09
2018-01-16,NBP18-01,29,-76.001,172.997,8,150,589,-1.4248,27.550782,5.8702,0.3393,97.5174,nd,34.5315,2.34,30.9,78.5,0.10,0.28
2018-01-16,NBP18-01,29,-76.001,172.997,9,100,589,-1.1324,27.7523,5.9672,0.744,96.9408,nd,34.5031,2.30,30.0,78.7,0.15,0.48
2018-01-16,NBP18-01,29,-76.001,172.997,10,70,589,-1.0851,27.743432,7.0375,4.901,94.346,nd,34.4561,2.19,28.2,75.6,0.15,0.70
2018-01-16,NBP18-01,29,-76.001,172.997,11,30,589,-0.1493,28.456225,7.6842,5.2494,89.0745,nd,34.3788,1.88,23.4,66.3,0.10,0.22
2018-01-16,NBP18-01,29,-76.001,172.997,12,10,589,1.3037,29.62983,7.8516,4.7539,86.425,nd,34.3065,1.79,23.3,62.6,0.20,0.06
2018-01-17,NBP18-01,31,-77.495,175.654,1,701,750,-1.8882,27.574523,6.3869,0.0269,97.1685,nd,34.7526,2.31,30.9,80.3,0.10,0.25
2018-01-17,NBP18-01,31,-77.495,175.654,2,670,750,-1.8908,27.555759,6.4079,0.0393,97.5748,nd,34.7488,2.32,31.3,79.8,0.05,0.03
2018-01-17,NBP18-01,31,-77.495,175.654,3,600,750,-1.904,27.490377,6.4659,0.0375,98.501,nd,34.7171,2.30,31.1,78.0,0.05,0.01
2018-01-17,NBP18-01,31,-77.495,175.654,4,500,750,-1.8989,27.407964,6.2748,0.0502,98.0317,nd,34.66,2.34,31.6,80.2,0.04,-0.00
2018-01-17,NBP18-01,31,-77.495,175.654,5,300,750,-1.8568,27.250092,6.5077,0.0808,98.3781,nd,34.5183,2.24,30.2,78.0,0.04,0.04
2018-01-17,NBP18-01,31,-77.495,175.654,6,200,750,-1.7065,27.285341,6.397,0.0824,98.261,nd,34.4571,2.22,30.1,78.1,0.12,0.38
2018-01-17,NBP18-01,31,-77.495,175.654,7,150,750,-1.7525,27.21041,6.4388,0.1464,98.0183,nd,34.4386,2.24,30.6,76.7,0.17,0.15
2018-01-17,NBP18-01,31,-77.495,175.654,8,90,750,-1.4218,27.410955,7.1331,1.9891,95.2917,nd,34.3735,2.07,26.9,74.2,0.11,0.73
2018-01-17,NBP18-01,31,-77.495,175.654,9,70,750,-1.172,27.583081,7.3769,2.1933,94.3449,nd,34.3361,2.01,25.8,71.4,0.09,0.52
2018-01-17,NBP18-01,31,-77.495,175.654,10,50,750,-0.7128,27.932624,7.768,2.4091,92.6618,nd,34.301,1.91,24.6,68.8,0.08,0.28
2018-01-17,NBP18-01,31,-77.495,175.654,11,25,750,-0.6111,28.050388,7.8421,2.2396,92.5974,nd,34.3602,1.89,24.3,70.1,0.12,0.15
2018-01-17,NBP18-01,31,-77.495,175.654,12,10,750,-0.6999,27.953823,7.7476,0.9295,93.1992,nd,34.3399,1.95,25.1,70.5,0.13,0.24
2018-01-17,NBP18-01,32,-76.750,172.000,1,642.6,680,-1.8959,27.55732,6.5279,0.0739,97.2705,nd,34.7742,2.45,30.0,77.9,0.04,0.96
2018-01-17,NBP18-01,32,-76.750,172.000,2,630.1,680,-1.8969,27.5494,6.5292,0.0607,97.4824,nd,34.7725,2.37,30.8,78.8,0.05,0.08
2018-01-17,NBP18-01,32,-76.750,172.000,3,600,680,-1.8963,27.530492,6.5071,0.0553,97.9092,nd,34.7641,2.30,30.9,79.2,0.03,0.04
2018-01-17,NBP18-01,32,-76.750,172.000,4,460,680,-1.8925,27.44636,6.4002,0.0959,97.8082,nd,34.7313,nd,nd,nd,nd,nd
2018-01-17,NBP18-01,32,-76.750,172.000,5,374,680,-1.8889,27.397876,6.3797,0.1283,97.7641,nd,34.7145,nd,nd,nd,nd,nd
2018-01-17,NBP18-01,32,-76.750,172.000,6,300,680,-1.8895,27.35131,6.3641,0.226,97.4542,nd,34.6979,nd,nd,nd,nd,nd
2018-01-17,NBP18-01,32,-76.750,172.000,7,200,680,-1.8874,27.270292,6.3384,0.3938,97.1692,nd,34.6467,nd,nd,nd,nd,nd
2018-01-17,NBP18-01,32,-76.750,172.000,8,150,680,-1.8185,27.280705,6.223,0.6538,96.4586,nd,34.6136,2.31,30.5,78.3,0.19,0.32
2018-01-17,NBP18-01,32,-76.750,172.000,9,100,680,-1.6276,27.387983,6.0783,1.2571,95.4598,nd,34.5729,2.07,25.0,68.8,0.17,0.95
2018-01-17,NBP18-01,32,-76.750,172.000,10,60,680,-1.4987,27.443242,6.8822,2.1586,93.759,nd,34.5262,2.17,26.5,77.1,0.12,1.93
2018-01-17,NBP18-01,32,-76.750,172.000,11,25,680,-0.9943,27.803787,8.2817,15.7875,83.254,nd,34.4629,1.70,20.4,69.1,0.06,0.74
2018-01-17,NBP18-01,32,-76.750,172.000,12,10,680,0.7512,29.18814,8.4025,7.1916,81.585,nd,34.3467,1.21,13.9,57.6,0.10,0.36
2018-01-23,NBP18-01,34,-77.147,168.503,1,944.5,990,-1.888,27.70493,6.5309,0.0655,93.1251,nd,34.7824,2.36,30.7,78.9,0.08,0.99
2018-01-23,NBP18-01,34,-77.147,168.503,2,930.1,990,-1.8887,27.698226,6.5335,0.0742,93.0212,nd,34.7825,2.32,30.5,80.2,0.05,0.57
2018-01-23,NBP18-01,34,-77.147,168.503,3,800,990,-1.8934,27.630639,6.5395,0.0541,93.9023,nd,34.7746,2.29,30.5,78.8,0.05,0.13
2018-01-23,NBP18-01,34,-77.147,168.503,4,600,990,-1.8918,27.528816,6.5168,0.0996,93.9375,nd,34.7565,2.30,30.6,77.0,0.01,0.05
2018-01-23,NBP18-01,34,-77.147,168.503,5,400,990,-1.8881,27.422087,6.4504,0.1894,93.8628,nd,34.7309,2.27,30.0,77.3,0.04,0.00
2018-01-23,NBP18-01,34,-77.147,168.503,6,250.1,990,-1.8846,27.319082,6.3981,0.27,93.4747,nd,34.6797,2.27,30.7,76.0,0.06,0.09
2018-01-23,NBP18-01,34,-77.147,168.503,7,200,990,-1.8783,27.275446,6.3692,0.3409,93.3213,nd,34.6433,2.29,30.6,78.5,0.11,0.31
2018-01-23,NBP18-01,34,-77.147,168.503,8,150.1,990,-1.7635,27.275249,6.5407,0.4863,92.6537,nd,34.5419,2.18,27.5,74.0,0.13,0.87
2018-01-23,NBP18-01,34,-77.147,168.503,9,100,990,-0.8611,27.924704,7.3135,1.5451,90.118,nd,34.4273,2.05,26.1,73.2,0.11,0.83
2018-01-23,NBP18-01,34,-77.147,168.503,10,49.8,990,-0.8099,27.888378,7.5463,1.2424,90.8268,nd,34.3515,1.93,24.7,71.2,0.12,0.50
2018-01-23,NBP18-01,34,-77.147,168.503,11,20.1,990,-0.0406,28.186097,8.5429,6.1786,84.4269,nd,33.9039,1.37,16.1,59.9,0.11,0.54
2018-01-23,NBP18-01,34,-77.147,168.503,12,5.1,990,-0.7102,27.268669,8.4694,0.7385,84.3958,nd,33.4279,1.18,13.3,56.9,0.09,0.49
2018-01-26,NBP18-01,35,-76.231,168.769,1,511.8,545,-1.8927,27.485377,6.3613,0.0255,98.3659,0.00000,34.7533,nd,nd,nd,nd,nd
2018-01-26,NBP18-01,35,-76.231,168.769,2,500,545,-1.8936,27.479195,6.3631,0.0373,98.3857,0.00000,34.7533,2.28,30.7,81.1,0.01,0.46
2018-01-26,NBP18-01,35,-76.231,168.769,3,400.1,545,-1.8916,27.413909,6.3625,0.0506,98.6351,0.00000,34.7235,2.31,30.6,79.9,0.01,0.16
2018-01-26,NBP18-01,35,-76.231,168.769,4,300,545,-1.8918,27.357219,6.3478,0.0733,98.7962,0.00000,34.7089,2.28,30.6,78.9,0.01,0.07
2018-01-26,NBP18-01,35,-76.231,168.769,5,200,545,-1.8832,27.306571,6.3343,0.0991,98.666,0.00000,34.6927,2.27,30.6,78.7,0.00,0.27
2018-01-26,NBP18-01,35,-76.231,168.769,6,150,545,-1.8618,27.292956,6.3382,0.1838,98.4613,0.00000,34.6814,2.30,30.5,78.1,0.01,0.17
2018-01-26,NBP18-01,35,-76.231,168.769,7,100,545,-1.8383,27.277349,6.3141,0.239,98.2701,0.02584,34.6644,nd,nd,nd,nd,nd
2018-01-26,NBP18-01,35,-76.231,168.769,8,75,545,-1.7697,27.301463,6.3802,0.548,97.2314,0.17701,34.6347,2.29,30.3,77.9,0.08,0.31
2018-01-26,NBP18-01,35,-76.231,168.769,9,50,545,-1.7081,27.30571,6.3393,1.6654,95.5611,0.95655,34.5849,2.25,29.7,76.2,0.09,0.43
2018-01-26,NBP18-01,35,-76.231,168.769,10,30,545,-0.4237,28.158933,7.3933,4.8267,88.169,5.46660,34.2908,2.08,27.7,72.1,0.07,0.81
2018-01-26,NBP18-01,35,-76.231,168.769,11,10,545,0.0289,28.502452,7.7157,1.5787,86.558,77.94300,34.2522,1.66,22.5,62.6,0.11,0.25
2018-01-26,NBP18-01,35,-76.231,168.769,12,4.5,545,0.0424,28.510745,7.7247,1.2799,86.5082,207.86000,34.2517,1.78,23.8,65.6,0.09,0.19
2018-01-29,NBP18-01,41,-74.833,165.002,1,780,787,-1.8975,27.666038,6.5679,0.1916,97.4849,0.00000,34.8421,nd,nd,nd,nd,nd
2018-01-29,NBP18-01,41,-74.833,165.002,2,770,787,-1.8986,27.660734,6.5759,0.2064,97.5399,0.00000,34.8415,nd,nd,nd,nd,nd
2018-01-29,NBP18-01,41,-74.833,165.002,3,600,787,-1.9063,27.556866,6.6329,0.0661,98.5647,0.00000,34.8125,2.26,30.1,76.6,0.04,0.03
2018-01-29,NBP18-01,41,-74.833,165.002,4,400,787,-1.9198,27.420548,6.5126,0.0462,98.6114,0.00000,34.7659,2.28,30.4,76.2,0.02,0.02
2018-01-29,NBP18-01,41,-74.833,165.002,5,300,787,-1.9027,27.380561,6.4899,0.0811,98.6448,0.00000,34.7543,2.28,30.6,76.5,0.04,0.06
2018-01-29,NBP18-01,41,-74.833,165.002,6,200,787,-1.8894,27.330972,6.493,0.2266,98.2359,0.00000,34.7341,nd,nd,nd,nd,nd
2018-01-29,NBP18-01,41,-74.833,165.002,7,100,787,-1.8712,27.283483,6.4415,0.4504,97.2638,0.00000,34.7115,nd,nd,nd,nd,nd
2018-01-29,NBP18-01,41,-74.833,165.002,8,74.7,787,-1.7557,27.355973,6.563,2.2692,94.5217,0.00000,34.6946,nd,nd,nd,nd,nd
2018-01-29,NBP18-01,41,-74.833,165.002,9,50.1,787,-1.2934,27.710499,7.1507,6.7833,89.0232,0.11421,34.664,2.02,24.8,67.7,0.12,1.15
2018-01-29,NBP18-01,41,-74.833,165.002,10,25.1,787,0.2606,28.743674,8.1843,9.3103,85.2936,5.99190,34.3025,nd,nd,nd,nd,nd
2018-01-29,NBP18-01,41,-74.833,165.002,11,10.1,787,0.0165,28.387511,8.206,7.1618,83.2722,67.11800,34.1136,0.87,12.8,44.8,0.10,0.27
2018-01-29,NBP18-01,41,-74.833,165.002,12,4.7,787,nd,nd,nd,nd,nd,nd,nd,nd,nd,nd,nd,nd
2018-01-31,NBP18-01,46,-74.742,165.287,1,657.2,666,-1.9029,27.592676,6.5817,0.126,97.4307,0.00000,34.823,2.35,29.4,76.1,0.03,2.62
2018-01-31,NBP18-01,46,-74.742,165.287,2,647.2,666,-1.9032,27.588446,6.5796,0.1293,97.541,0.00000,34.823,2.34,30.1,80.4,0.02,0.14
2018-01-31,NBP18-01,46,-74.742,165.287,3,500,666,-1.9081,27.490492,6.5498,0.0784,98.2848,0.00000,34.786,2.26,29.8,76.9,-0.00,0.69
2018-01-31,NBP18-01,46,-74.742,165.287,4,349.7,666,-1.9203,27.391036,6.5025,0.0899,98.1777,0.00000,34.7576,2.27,30.2,76.3,0.02,0.37
2018-01-31,NBP18-01,46,-74.742,165.287,5,250.1,666,-1.904,27.34989,6.4655,0.2947,98.0543,0.00000,34.7455,nd,30.6,77.3,0.04,-0.01
2018-01-31,NBP18-01,46,-74.742,165.287,6,100.1,666,-1.816,27.326607,6.3764,0.644,96.3665,0.00000,34.7073,2.30,30.8,74.5,0.17,0.67
2018-01-31,NBP18-01,46,-74.742,165.287,7,74.8,666,-1.5602,27.519701,6.6562,1.2704,94.6589,0.00000,34.6943,2.21,28.4,70.6,0.12,2.15
2018-01-31,NBP18-01,46,-74.742,165.287,8,50.1,666,-1.0086,27.898642,7.0927,8.1851,87.3029,0.18245,34.5932,1.98,24.4,65.7,0.08,2.09
2018-01-31,NBP18-01,46,-74.742,165.287,9,30,666,0.0044,28.440794,8.1665,9.0917,83.5011,3.92980,34.1856,1.20,16.0,50.1,0.07,0.93
2018-01-31,NBP18-01,46,-74.742,165.287,10,20,666,-0.2709,28.11399,8.3419,10.3465,80.5673,19.31300,34.0648,0.88,13.6,44.6,0.07,0.53
2018-01-31,NBP18-01,46,-74.742,165.287,11,10,666,-0.4591,27.877854,8.227,5.5842,81.4305,102.03000,33.9655,0.70,12.3,41.6,0.08,0.30
2018-01-31,NBP18-01,46,-74.742,165.287,12,4.2,666,-0.4657,27.865459,8.2273,3.1832,81.5364,305.44000,33.9599,0.64,12.1,40.9,0.10,0.49
2018-02-02,NBP18-01,50,-74.741,165.488,1,540.4,560,-1.9055,27.518132,6.5428,0.1063,97.7895,0.00000,34.7964,2.9999,22.4001,40.9839,0.051,7.0294
2018-02-02,NBP18-01,50,-74.741,165.488,2,530,560,-1.9063,27.512221,6.5425,0.081,97.9999,0.00000,34.7948,2.29,29.5,75.9,0.02,0.11
2018-02-02,NBP18-01,50,-74.741,165.488,3,400,560,-1.9186,27.422817,6.5039,0.0851,98.0654,0.00000,34.7676,2.27,29.8,76.9,0.01,0.08
2018-02-02,NBP18-01,50,-74.741,165.488,4,320,560,-1.9111,27.385099,6.4846,0.2289,97.9187,0.00000,34.7576,2.31,31.2,77.8,0.02,0.13
2018-02-02,NBP18-01,50,-74.741,165.488,5,200,560,-1.8979,27.330642,6.4751,0.3865,97.9653,0.00000,34.7435,2.26,29.9,76.7,0.02,0.08
2018-02-02,NBP18-01,50,-74.741,165.488,6,100,560,-1.8024,27.340371,6.3937,0.6542,96.0394,0.00000,34.7105,2.26,30.2,75.2,0.13,0.63
2018-02-02,NBP18-01,50,-74.741,165.488,7,80,560,-1.7087,27.401645,6.4922,0.8499,95.621,0.00000,34.7001,2.26,29.4,72.8,0.14,1.23
2018-02-02,NBP18-01,50,-74.741,165.488,8,60,560,-1.3251,27.650825,6.7385,4.4928,90.3839,0.14969,34.6121,2.12,27.0,70.1,0.09,1.95
2018-02-02,NBP18-01,50,-74.741,165.488,9,40,560,-0.0266,28.641205,8.0073,2.7489,90.1072,1.62610,34.4805,1.46,17.9,55.6,0.08,1.72
2018-02-02,NBP18-01,50,-74.741,165.488,10,20,560,0.1698,28.581407,8.2561,4.6659,84.7902,26.06500,34.193,0.94,13.5,45.8,0.12,0.80
2018-02-02,NBP18-01,50,-74.741,165.488,11,10,560,-0.3344,28.015681,8.2462,3.6694,83.4807,129.61000,34.0106,0.77,11.7,41.6,0.08,0.91
2018-02-02,NBP18-01,50,-74.741,165.488,12,4.3,560,-0.3525,27.992764,8.2471,1.9377,83.4627,415.92000,34.0039,0.76,11.6,41.7,0.08,1.26
2018-02-03,NBP18-01,52,-75.000,164.005,1,631,630,-1.9291,27.520782,6.5356,0.0494,98.1408,0.00000,34.7702,2.34,30.0,77.3,0.07,0.22
2018-02-03,NBP18-01,52,-75.000,164.005,2,621,630,-1.9308,27.514426,6.5308,0.0383,98.1133,0.00000,34.7688,2.26,29.0,76.3,0.01,0.50
2018-02-03,NBP18-01,52,-75.000,164.005,3,500,630,-2.0006,27.39128,6.6059,0.033,98.0294,0.00000,34.7556,2.23,29.6,75.5,0.05,0.33
2018-02-03,NBP18-01,52,-75.000,164.005,4,399.9,630,-1.9101,27.416975,6.4852,0.0531,98.2362,0.00000,34.7495,2.32,30.3,76.3,0.01,0.17
2018-02-03,NBP18-01,52,-75.000,164.005,5,300,630,-1.9035,27.363897,6.567,0.0528,98.3307,0.00000,34.7319,2.24,29.4,76.2,0.03,0.12
2018-02-03,NBP18-01,52,-75.000,164.005,6,200,630,-1.9041,27.294888,6.5954,0.0642,98.3235,0.00000,34.7007,2.25,29.7,76.6,0.03,0.21
2018-02-03,NBP18-01,52,-75.000,164.005,7,100,630,-1.8967,27.241424,6.6398,0.1798,98.029,0.00000,34.6824,2.28,30.0,79.3,0.03,0.11
2018-02-03,NBP18-01,52,-75.000,164.005,8,60,630,-1.8483,27.240819,6.5882,0.4955,96.702,0.04491,34.6515,2.25,29.6,76.0,0.07,0.23
2018-02-03,NBP18-01,52,-75.000,164.005,9,40,630,-1.4725,27.460994,6.911,6.3768,87.5191,0.83441,34.5335,nd,23.2,63.3,0.09,0.77
2018-02-03,NBP18-01,52,-75.000,164.005,10,20.1,630,-0.8345,27.833995,8.1862,9.6039,81.3191,24.87400,34.3243,1.09,16.6,49.6,0.10,0.85
2018-02-03,NBP18-01,52,-75.000,164.005,12,4.5,630,-0.808,27.847005,8.2328,2.3907,81.5229,958.81000,34.3218,1.02,16.0,48.0,0.10,0.22
2018-02-04,NBP18-01,52,-75.000,164.005,13,647.6,646,-1.9205,27.546876,6.5792,0.038,97.7439,0.00000,34.786,2.31,29.4,76.8,0.07,0.17
2018-02-04,NBP18-01,52,-75.000,164.005,14,600.1,646,-1.9334,27.501396,6.5271,0.048,97.7056,0.00000,34.7668,2.26,29.7,74.7,0.06,0.14
2018-02-04,NBP18-01,52,-75.000,164.005,15,548.5,646,-1.9376,27.473116,6.5239,0.0395,97.7188,0.00000,34.7648,2.31,29.8,75.9,0.01,0.37
2018-02-04,NBP18-01,52,-75.000,164.005,16,450,646,-2.0228,27.347747,6.6222,0.0235,97.6104,0.00000,34.7522,2.29,29.9,81.2,0.01,0.28
2018-02-04,NBP18-01,52,-75.000,164.005,17,350,646,-1.9125,27.389042,6.4812,0.0619,97.7694,0.00000,34.7456,2.33,30.1,75.9,0.04,0.20
2018-02-04,NBP18-01,52,-75.000,164.005,18,250.1,646,-1.9128,27.325604,6.6179,0.0359,97.9652,0.00000,34.7218,2.30,29.2,75.5,0.02,0.25
2018-02-04,NBP18-01,52,-75.000,164.005,19,149.8,646,-1.9059,27.265344,6.6107,0.0672,97.9276,0.00000,34.6944,2.27,29.5,65.3,0.10,0.65
2018-02-04,NBP18-01,52,-75.000,164.005,20,100,646,-1.8965,27.242345,6.62,0.1507,97.543,0.00000,34.6835,2.31,29.6,75.7,0.10,0.29
2018-02-04,NBP18-01,52,-75.000,164.005,21,75.1,646,-1.8274,27.269003,6.581,0.6418,96.6939,0.00000,34.6568,2.30,29.5,74.9,0.14,0.29
2018-02-04,NBP18-01,52,-75.000,164.005,22,50,646,-1.7295,27.314771,6.6484,3.9348,91.4777,0.05790,34.6226,2.13,26.1,72.1,0.12,0.55
2018-02-04,NBP18-01,52,-75.000,164.005,23,20,646,-1.1561,27.60334,8.1032,9.0321,81.9734,12.32200,34.3772,1.27,17.7,51.3,0.15,0.57
2018-02-04,NBP18-01,52,-75.000,164.005,24,10,646,-1.1609,27.595774,8.109,7.6722,81.958,105.90000,34.3787,1.80,18.5,54.3,0.13,3.03
2018-02-06,NBP18-01,57,-74.879,164.482,1,515,578,-1.936,27.45785,6.4994,0.0919,97.5588,0.00000,34.7636,2.32,29.9,75.7,0.07,1.23
2018-02-06,NBP18-01,57,-74.879,164.482,2,505,578,-1.9352,27.45384,6.5054,0.0962,97.4744,0.00000,34.7634,2.26,30.1,77.3,0.01,0.79
2018-02-06,NBP18-01,57,-74.879,164.482,3,350,578,-1.941,27.36608,6.5148,0.0939,97.7014,0.00000,34.7469,2.14,28.7,74.2,0.05,0.37
2018-02-06,NBP18-01,57,-74.879,164.482,4,200.6,578,-1.891,27.315176,6.458,0.1913,97.4196,0.00000,34.7138,2.24,30.0,75.7,0.09,0.15
2018-02-06,NBP18-01,57,-74.879,164.482,5,199.9,578,-1.891,27.315176,6.458,0.1913,97.4196,0.00000,34.7138,nd,nd,nd,nd,nd
2018-02-06,NBP18-01,57,-74.879,164.482,6,150.1,578,-1.8832,27.2907,6.4808,0.2181,97.5855,0.00000,34.7034,2.26,30.3,76.1,0.06,0.42
2018-02-06,NBP18-01,57,-74.879,164.482,7,100,578,-1.8616,27.275189,6.3234,0.5401,96.5669,0.00000,34.6886,2.28,30.7,74.0,0.16,0.29
2018-02-06,NBP18-01,57,-74.879,164.482,8,75.1,578,-1.663,27.362041,6.906,3.5858,91.3432,0.00000,34.5947,2.19,29.4,72.2,0.17,0.77
2018-02-06,NBP18-01,57,-74.879,164.482,9,50.1,578,-1.0339,27.765403,7.6527,5.8251,88.5066,0.10664,34.44,1.78,24.7,64.3,0.09,0.65
2018-02-06,NBP18-01,57,-74.879,164.482,10,24.9,578,-1.2067,27.506268,8.1541,9.5022,83.6158,8.02170,34.2988,1.33,20.0,54.8,0.07,0.45
2018-02-06,NBP18-01,57,-74.879,164.482,11,10,578,-1.1794,27.471549,8.2066,5.6683,83.1696,150.68000,34.2293,1.12,18.3,51.0,0.05,0.35
2018-02-06,NBP18-01,57,-74.879,164.482,12,4.2,578,-1.1783,27.469043,8.2147,1.7189,83.1316,664.03000,34.2285,1.13,17.9,50.7,0.13,0.54
2018-02-08,NBP18-01,60,-74.959,164.739,1,985.2,995,-1.8928,27.764637,6.6149,0.0443,97.8369,0.00000,34.8478,2.26,29.7,76.6,0.19,0.39
2018-02-08,NBP18-01,60,-74.959,164.739,2,800.2,995,-1.8997,27.671936,6.6352,0.0385,97.9932,0.00000,34.8393,2.26,29.7,75.9,0.13,0.35
2018-02-08,NBP18-01,60,-74.959,164.739,3,600.2,995,-1.903,27.552853,6.5693,0.0381,98.0082,0.00000,34.8031,2.28,30.2,76.2,0.11,0.74
2018-02-08,NBP18-01,60,-74.959,164.739,4,400,995,-1.9213,27.414117,6.4798,0.1729,97.9086,0.00000,34.7586,2.26,30.4,77.4,0.08,0.15
2018-02-08,NBP18-01,60,-74.959,164.739,5,200,995,-1.8885,27.326068,6.4586,0.188,97.5422,0.00000,34.7262,2.28,30.4,76.0,0.14,0.04
2018-02-08,NBP18-01,60,-74.959,164.739,6,100,995,-1.8645,27.277919,6.3179,0.7848,96.5415,0.02217,34.6959,2.29,30.7,75.6,0.18,0.40
2018-02-08,NBP18-01,60,-74.959,164.739,7,75,995,-1.8237,27.290239,6.3324,1.7172,95.6277,0.27664,34.6822,2.29,29.8,74.3,0.18,0.54
2018-02-08,NBP18-01,60,-74.959,164.739,8,50,995,-1.6912,27.358117,6.4547,2.9322,93.7253,2.46080,34.6383,2.23,29.4,73.1,0.14,0.82
2018-02-08,NBP18-01,60,-74.959,164.739,9,40.1,995,-1.5179,27.427241,7.0954,4.6972,90.7876,8.55520,34.5392,2.10,27.8,70.2,0.12,0.86
2018-02-08,NBP18-01,60,-74.959,164.739,10,30,995,-1.6279,26.911601,7.7524,4.813,90.2186,29.41800,33.9564,1.68,23.5,61.5,0.12,0.66
2018-02-08,NBP18-01,60,-74.959,164.739,11,10.2,995,-1.7218,26.739167,7.885,1.6563,90.5376,316.82000,33.8365,1.50,21.5,57.5,0.14,0.72
2018-02-08,NBP18-01,60,-74.959,164.739,12,4.8,995,-1.7149,26.74346,7.8828,1.0922,90.4493,838.35000,33.8385,1.48,21.2,57.1,0.11,0.85
2018-02-09,NBP18-01,62,-74.999,169.491,1,323.1,330,-1.8946,27.377495,6.3821,0.0519,96.5752,0.00000,34.7257,2.35,30.3,79.3,0.02,0.75
2018-02-09,NBP18-01,62,-74.999,169.491,2,313,330,-1.8954,27.372085,6.387,0.0494,96.7316,0.00000,34.7256,2.29,29.6,80.2,0.06,0.14
2018-02-09,NBP18-01,62,-74.999,169.491,3,250,330,-1.8962,27.322984,6.4398,0.0719,98.161,0.00000,34.6987,2.12,28.6,73.1,0.01,0.39
2018-02-09,NBP18-01,62,-74.999,169.491,4,200.1,330,-1.8959,27.294011,6.3798,0.1072,97.9778,0.00000,34.6899,2.27,29.5,76.5,0.02,0.27
2018-02-09,NBP18-01,62,-74.999,169.491,5,149.8,330,-1.807,27.322531,6.2288,0.1641,97.9707,0.00000,34.6587,2.16,29.1,75.5,0.03,0.60
2018-02-09,NBP18-01,62,-74.999,169.491,6,99.5,330,-1.481,27.53249,5.9258,0.1708,97.9734,0.00000,34.6038,2.32,31.3,78.7,0.06,0.64
2018-02-09,NBP18-01,62,-74.999,169.491,7,74.9,330,-1.0614,27.875931,5.6828,0.3114,97.8875,0.00048,34.6071,2.31,31.1,83.6,0.09,0.24
2018-02-09,NBP18-01,62,-74.999,169.491,8,50,330,-0.9852,27.904596,5.6771,0.4734,97.3385,0.11527,34.5743,2.31,30.1,80.9,0.16,0.18
2018-02-09,NBP18-01,62,-74.999,169.491,9,40.2,330,-0.664,28.101136,5.8598,4.9502,90.3774,0.38588,34.4797,2.19,30.0,76.6,0.10,0.66
2018-02-09,NBP18-01,62,-74.999,169.491,10,25,330,-0.4321,28.157449,7.6881,10.252,83.8622,3.45190,34.3015,1.60,24.0,60.6,0.10,0.57
2018-02-09,NBP18-01,62,-74.999,169.491,11,10,330,-0.5759,27.992134,7.823,9.7859,83.1255,39.68000,34.2509,nd,22.7,57.3,0.10,0.60
2018-02-09,NBP18-01,62,-74.999,169.491,12,4,330,-0.5647,27.997915,7.834,8.0975,82.9556,133.29000,34.2497,1.49,22.6,56.5,0.16,0.39
2018-02-11,NBP18-01,67,-76.454,167.919,1,739.4,745,-1.8932,27.620013,6.4939,0.0842,97.0024,0.00000,34.7977,3.02,28.9,83.8,0.01,6.12
2018-02-11,NBP18-01,67,-76.454,167.919,2,730.2,745,-1.8937,27.615376,6.5018,0.0971,97.1279,0.00000,34.7974,2.28,29.7,78.7,0.05,0.56
2018-02-11,NBP18-01,67,-76.454,167.919,3,600,745,-1.8976,27.532061,6.5038,0.0589,98.1257,0.00000,34.7678,2.29,29.9,77.2,0.03,0.24
2018-02-11,NBP18-01,67,-76.454,167.919,4,450.2,745,-1.8936,27.458737,6.5013,0.1093,98.1455,0.00000,34.7563,2.30,29.8,75.9,0.01,0.41
2018-02-11,NBP18-01,67,-76.454,167.919,5,299.8,745,-1.8959,27.378087,6.5447,0.0866,97.9751,0.00000,34.7429,2.25,29.6,75.3,0.08,0.27
2018-02-11,NBP18-01,67,-76.454,167.919,6,199.7,745,-1.8918,27.319837,6.4211,0.1333,97.9819,0.00000,34.722,2.29,29.8,74.9,0.03,0.21
2018-02-11,NBP18-01,67,-76.454,167.919,7,100.8,745,-1.8806,27.252708,6.3751,0.201,97.7655,0.00000,34.6794,2.25,30.2,74.9,0.11,0.28
2018-02-11,NBP18-01,67,-76.454,167.919,8,75,745,-1.8769,27.230201,6.3793,0.2856,97.5085,0.00000,34.6604,2.28,30.1,76.8,0.16,0.18
2018-02-11,NBP18-01,67,-76.454,167.919,9,39.9,745,-1.6459,27.33977,6.4097,1.1379,95.1882,0.13063,34.5664,nd,nd,nd,nd,nd
2018-02-11,NBP18-01,67,-76.454,167.919,10,20,745,-0.2713,28.290276,7.8758,11.4506,80.0654,1.83430,34.301,1.84,24.5,64.0,0.18,0.53
2018-02-11,NBP18-01,67,-76.454,167.919,11,10.1,745,-0.6352,27.836431,8.5369,14.5766,77.4618,17.87500,34.1078,1.12,15.3,45.4,0.18,0.33
2018-02-11,NBP18-01,67,-76.454,167.919,12,4.7,745,-0.6776,27.781012,8.5891,11.3193,77.3565,90.89500,34.0845,1.10,15.3,45.2,0.17,0.25
2018-02-13,NBP18-01,70,-74.744,170.374,1,286.6,295,-1.894,27.343744,6.3218,0.0333,97.4972,0.00000,34.7015,2.24,30.1,77.3,0.02,0.10
2018-02-13,NBP18-01,70,-74.744,170.374,2,276.2,295,-1.8942,27.339141,6.3199,0.0386,97.5084,0.00000,34.7017,2.35,31.0,79.9,0.05,0.02
2018-02-13,NBP18-01,70,-74.744,170.374,3,250.1,295,-1.8957,27.324882,6.328,0.0437,97.6552,0.00000,34.7008,2.30,30.2,78.6,-0.01,0.14
2018-02-13,NBP18-01,70,-74.744,170.374,4,149.8,295,-1.8906,27.270273,6.291,0.0701,98.1717,0.00000,34.6833,2.27,30.1,71.8,0.01,0.28
2018-02-13,NBP18-01,70,-74.744,170.374,5,100.1,295,-1.8349,27.276394,6.1864,0.1485,98.0685,0.00000,34.6591,2.31,30.8,76.6,0.04,0.49
2018-02-13,NBP18-01,70,-74.744,170.374,7,75.2,295,-1.7051,27.358222,6.0716,0.1543,97.9587,0.05154,34.6379,2.16,29.4,73.6,0.06,0.68
2018-02-13,NBP18-01,70,-74.744,170.374,8,49.9,295,-1.6071,27.403193,5.9991,1.7162,95.1847,0.47505,34.603,2.35,31.2,78.6,0.06,0.27
2018-02-13,NBP18-01,70,-74.744,170.374,9,30.4,295,-0.769,27.892594,7.5318,8.9865,84.4992,4.96410,34.3231,1.74,24.8,59.7,0.16,0.47
2018-02-13,NBP18-01,70,-74.744,170.374,11,10,295,-0.773,27.8726,7.6656,3.9681,84.1939,160.76000,34.313,1.72,24.5,60.7,0.15,0.32
2018-02-13,NBP18-01,70,-74.744,170.374,12,4.2,295,-0.7733,27.869192,7.6594,3.1501,84.2541,697.28000,34.3125,1.68,24.0,59.0,0.17,0.47
2018-02-14,NBP18-01,72,-74.800,164.395,1,473.7,478,-1.9276,27.436628,6.498,0.1729,97.5985,0.00000,34.7513,2.40,30.4,76.7,0.13,0.77
2018-02-14,NBP18-01,72,-74.800,164.395,2,463.4,478,-1.9265,27.431051,6.4921,0.1092,97.67,0.00000,34.7479,2.28,29.4,75.3,0.07,0.12
2018-02-14,NBP18-01,72,-74.800,164.395,3,350.1,478,-1.9039,27.381762,6.4739,0.1324,97.6604,0.00000,34.7247,2.29,29.4,77.3,0.11,0.00
2018-02-14,NBP18-01,72,-74.800,164.395,4,250,478,-1.8882,27.330086,6.4773,0.1547,97.587,0.00000,34.6993,2.29,30.3,73.7,0.11,0.13
2018-02-14,NBP18-01,72,-74.800,164.395,5,150,478,-1.5902,27.420233,7.0292,3.1172,92.4465,0.00000,34.5423,2.06,27.2,67.3,0.16,0.62
2018-02-14,NBP18-01,72,-74.800,164.395,6,130,478,-1.4918,27.432671,7.3954,4.2686,90.3764,0.00000,34.4582,1.81,24.3,62.2,0.17,0.74
2018-02-14,NBP18-01,72,-74.800,164.395,7,80.1,478,-1.3378,27.460937,7.8075,6.2023,87.9952,0.00000,34.3522,1.47,21.0,54.5,0.14,0.58
2018-02-14,NBP18-01,72,-74.800,164.395,8,50.1,478,-1.2281,27.512441,7.9046,7.5662,87.0589,0.15544,34.3161,1.34,19.3,51.2,0.17,0.59
2018-02-14,NBP18-01,72,-74.800,164.395,9,25.4,478,-1.2061,27.503894,7.9733,7.32,86.6209,8.46430,34.2948,1.28,18.4,50.2,0.17,0.59
2018-02-14,NBP18-01,72,-74.800,164.395,10,25,478,-1.2061,27.503894,7.9733,7.32,86.6209,8.46430,34.2948,1.23,18.6,50.0,0.15,0.54
2018-02-14,NBP18-01,72,-74.800,164.395,11,10,478,-1.2038,27.487709,8.0328,4.6436,86.5883,116.61000,34.2795,1.24,17.5,50.4,0.14,0.49
2018-02-14,NBP18-01,72,-74.800,164.395,12,4.5,478,-1.1987,27.488539,8.034,2.0621,86.6422,345.32000,34.2786,1.17,18.3,48.6,0.16,0.43
2018-02-16,NBP18-01,76,-74.799,164.597,1,573.1,583,-1.949,27.478882,6.5723,0.0669,97.2682,0.00000,34.7712,2.29,29.9,75.2,0.05,0.77
2018-02-16,NBP18-01,76,-74.799,164.597,2,563.1,583,-1.9489,27.474296,6.5693,0.0726,97.3503,0.00000,34.7709,2.30,30.2,76.0,0.04,0.08
2018-02-16,NBP18-01,76,-74.799,164.597,3,400.1,583,-1.9169,27.407524,6.4534,0.1138,97.3694,0.00000,34.7442,2.30,29.4,77.4,0.09,0.02
2018-02-16,NBP18-01,76,-74.799,164.597,4,299.9,583,-1.8913,27.350321,6.5752,0.2731,97.0327,0.00000,34.6985,2.28,28.7,76.2,0.10,0.05
2018-02-16,NBP18-01,76,-74.799,164.597,5,250.1,583,-1.9022,27.298278,6.914,0.698,96.1601,0.00000,34.6712,2.22,28.3,73.5,0.12,0.27
2018-02-16,NBP18-01,76,-74.799,164.597,6,200.1,583,-1.8947,27.262222,7.1195,0.9887,95.6,0.00000,34.644,2.19,29.1,72.2,0.14,0.21
2018-02-16,NBP18-01,76,-74.799,164.597,7,130.1,583,-1.6093,27.35094,7.4409,3.4641,91.2185,0.00000,34.4809,1.89,25.3,63.9,0.16,0.81
2018-02-16,NBP18-01,76,-74.799,164.597,8,80.2,583,-1.3748,27.42887,7.8082,5.3687,88.5762,0.00000,34.3498,1.39,20.6,53.4,0.16,0.64
2018-02-16,NBP18-01,76,-74.799,164.597,9,60.1,583,-1.3467,27.433617,7.8523,6.4798,87.985,0.00000,34.3373,1.34,19.9,52.5,0.14,0.60
2018-02-16,NBP18-01,76,-74.799,164.597,10,25.2,583,-1.3893,27.358949,7.946,5.9765,87.9959,4.44680,34.3056,1.47,18.8,53.2,0.12,0.52
2018-02-16,NBP18-01,76,-74.799,164.597,11,10.1,583,-1.3602,27.376651,7.9388,5.3697,87.6556,43.51300,34.3062,1.33,18.3,52.7,0.13,0.46
2018-02-16,NBP18-01,76,-74.799,164.597,12,4.2,583,-1.367,27.368633,7.9485,5.2087,87.8491,146.51000,34.3067,1.24,18.6,49.6,0.10,0.62
2018-02-17,NBP18-01,78,-74.696,164.796,1,594.7,610,-1.9097,27.517371,6.4109,0.1119,97.1888,0.00000,34.7652,2.74,29.6,77.4,0.10,1.97
2018-02-17,NBP18-01,78,-74.696,164.796,2,500,610,-1.9083,27.464707,6.4076,0.1118,97.4656,0.00000,34.7502,2.30,29.7,75.8,0.10,0.31
2018-02-17,NBP18-01,78,-74.696,164.796,3,350,610,-1.8558,27.422955,6.4753,0.1218,96.993,0.00000,34.7268,2.32,29.4,76.0,0.20,0.39
2018-02-17,NBP18-01,78,-74.696,164.796,4,250,610,-1.6892,27.485866,6.6123,0.5503,95.8714,0.00000,34.6843,2.24,28.4,70.9,0.18,1.06
2018-02-17,NBP18-01,78,-74.696,164.796,5,225,610,-1.8839,27.294535,6.955,0.7677,96.3092,0.00000,34.6606,2.23,28.4,74.6,0.12,0.17
2018-02-17,NBP18-01,78,-74.696,164.796,6,200,610,-1.8759,27.263977,7.1462,1.2928,95.1858,0.00000,34.6245,2.13,28.8,71.6,0.13,0.18
2018-02-17,NBP18-01,78,-74.696,164.796,7,150,610,-1.6644,27.332661,7.3541,3.0875,92.3047,0.00000,34.5066,1.87,25.1,65.1,0.15,0.52
2018-02-17,NBP18-01,78,-74.696,164.796,8,100.1,610,-1.5989,27.312966,7.606,3.9421,90.8232,0.00000,34.4353,1.76,22.8,61.0,0.15,1.20
2018-02-17,NBP18-01,78,-74.696,164.796,10,49.9,610,-1.5374,27.315551,7.7002,5.1665,90.047,0.22901,34.4004,1.58,22.1,56.8,0.15,0.49
2018-02-17,NBP18-01,78,-74.696,164.796,11,25,610,-1.4865,27.308853,7.825,4.9331,89.4516,6.66890,34.3482,1.42,20.5,53.6,0.13,0.60
2018-02-17,NBP18-01,78,-74.696,164.796,12,10.1,610,-1.489,27.298796,7.8573,3.6501,89.542,59.08100,34.3469,1.45,19.0,54.0,0.14,0.65
2018-02-18,NBP18-01,79,-74.757,164.356,1,585.6,590,-1.923,27.513147,6.5428,0.0716,97.5014,0.00000,34.7805,2.54,29.8,74.0,0.05,1.31
2018-02-18,NBP18-01,79,-74.757,164.356,2,574.6,590,-1.9232,27.505039,6.5204,0.0732,97.5036,0.00000,34.7762,2.26,29.4,75.5,0.07,0.08
2018-02-18,NBP18-01,79,-74.757,164.356,3,450,590,-1.9051,27.442865,6.4394,0.1261,97.4006,0.00000,34.7476,2.33,29.7,77.7,0.20,0.24
2018-02-18,NBP18-01,79,-74.757,164.356,4,300,590,-1.8963,27.360966,6.4749,0.1323,97.4422,0.00000,34.7193,2.24,29.2,74.7,0.08,0.00
2018-02-18,NBP18-01,79,-74.757,164.356,5,200,590,-1.8385,27.353849,6.4402,0.2752,96.7923,0.00000,34.7065,2.27,29.8,73.8,0.16,0.72
2018-02-18,NBP18-01,79,-74.757,164.356,6,150,590,-1.7531,27.375187,6.5762,0.8499,95.533,0.00000,34.6693,2.29,28.4,74.7,0.15,0.57
2018-02-18,NBP18-01,79,-74.757,164.356,7,125,590,-1.6084,27.424958,6.9083,1.9055,93.6373,0.00000,34.586,2.11,26.7,67.6,0.14,1.85
2018-02-18,NBP18-01,79,-74.757,164.356,8,100,590,-1.6214,27.312101,7.5287,3.1489,91.6659,0.00000,34.4602,1.88,23.7,64.1,0.15,0.69
2018-02-18,NBP18-01,79,-74.757,164.356,9,50,590,-1.5047,27.304378,7.8501,4.8496,89.5241,0.09736,34.3471,1.48,20.8,54.3,0.12,0.53
2018-02-18,NBP18-01,79,-74.757,164.356,10,25.1,590,-1.5291,27.260394,7.9179,5.2925,89.2967,3.45130,34.3302,1.43,19.4,52.6,0.14,0.49
2018-02-18,NBP18-01,79,-74.757,164.356,11,10,590,-1.4234,27.236436,8.1404,4.6161,87.4036,45.90300,34.185,1.21,17.6,47.1,0.15,0.39
2018-02-18,NBP18-01,79,-74.757,164.356,12,4.5,590,-1.4217,27.231491,8.1462,3.4544,87.3586,193.98000,34.1801,1.16,17.3,47.2,0.10,0.39
