Date,Station,Latitude,Longitude,Depth,Niskin,Sample,Fltr_Vol,Chl_C3,Chl_lide,MgDVP,Chl_C2,Chl_C1,Peridinin,Ph_ide,But_19,Fuco,Neo,Prasino,Viola,Hex_19,Diadino,cis_fuco,Allo,Diato,Monad,Zea,Lutein,Croco,Chl_b,Chl_a_allomer,Chl_C2_MGDG,DV_Chl_a,Chl_a,Ph_tin,a_Car,b_Car
2017-12-31,5,-73.30348,-116.9882,5,UW,1,1.06,20.1,241.8,23,616.8,435.2,10,156.9,8.4,58.2,8,3.7,26.7,16.2,137.3,11.7,37.8,44.8,0,53,16.9,13,97.7,0,38.2,25.8,466.6,42.6,0,44.4
2017-12-31,5,-73.30348,-116.9882,10,24,2,1.06,55.1,270,41.7,1104.6,0,28.8,199.9,17,109.6,9.7,6.3,34.3,24.5,167,18.2,23.2,13.9,0,39,10.9,11.4,97.1,13.9,39.4,0,758.9,51.1,0,32.1
2017-12-31,5,-73.30348,-116.9882,20,21,3,1.06,122.4,261.6,57,1372.4,227.7,12.8,125.3,10.4,162.3,7.8,8.2,11.1,32.3,80,27.9,14.7,7.2,0,33.6,12,7,92.2,16.2,50.8,34.7,1159.2,59.5,0,27.3
2017-12-31,5,-73.30348,-116.9882,30,18,4,1.06,119.3,200.9,41.1,1195.8,0,9.4,111.8,11.4,130.6,0,0,13.4,33.6,46.9,24.1,0,0,0,0,0,0,71.5,15.8,53.1,31.4,953.7,51.4,0,19.7
2017-12-31,5,-73.30348,-116.9882,50,15,5,1.06,57.6,54.3,30.3,553.9,298.4,4.6,52.6,16,66.7,6.6,8.1,10.7,39.6,22,12.9,0,0,0,0,0,0,92.6,13.8,55.7,28,594.0,46.4,0,10.6
2017-12-31,5,-73.30348,-116.9882,100,11,6,1.06,17.3,0,0,93.4,0,0,29.1,10.3,13.1,0,0,0,18.8,6.7,0,0,0,0,0,0,0,20.1,0,34.9,0,70.1,0,0,0
2017-12-31,6,-73.98582,-117.9601,5,UW,1,1.06,11.5,21.4,17.3,276.1,127.4,5.5,46.3,8.7,30.7,6,5,13.5,11.7,64.4,8,0,12.6,0,40.9,10.1,10.1,66.7,13,30.9,0,410.3,60.5,0,19.4
2017-12-31,6,-73.98582,-117.9601,20,23,2,1.06,11.1,49.6,18,315.7,165.8,6.9,58.1,9,34.1,6.9,5.4,32.5,10.3,97.1,8.7,0,28.7,0,44.6,12.6,0,81.9,13.6,33,0,502.1,49.5,0,24.7
2017-12-31,6,-73.98582,-117.9601,60,21,3,1.06,25.8,19.4,25.7,310.4,84,4.9,52.6,9.2,37.1,6.2,7,17.9,15.5,24.3,9.6,0,5.9,0,34.8,8.1,0,76.7,12.9,32.6,0,393.8,42.9,0,9.9
2017-12-31,6,-73.98582,-117.9601,100,19,4,1.06,27.9,0,25.6,199.5,0,0,43.3,8.9,25.6,5.7,6.6,12.4,18,13.7,7.7,0,0,0,31.6,0,0,68.3,0,39.7,0,267.6,41,0,5.5
2017-12-31,6,-73.98582,-117.9601,150,17,5,1.06,37.4,0,22.2,236.7,0,0,40.3,13.1,28.2,5,5.8,9.5,21.6,13.9,7.2,0,0,0,30.4,0,0,62.8,0,39.9,0,315.0,37.1,0,5
2018-01-01,8,-72.44818,-123.8206,5,UW,1,1.06,60.5,71.6,30,770,199.8,5.8,69.7,10.7,57,7.3,4.3,17.1,67,56,14.6,0,17,0,34.6,10.1,14.3,110.7,13.6,83.3,51.6,769.4,57.7,0,13.2
2018-01-01,8,-72.44818,-123.8206,10,24,2,1.06,114.8,86.2,36.2,1040.4,171.8,6.3,65.1,12.6,60.3,11.2,4.7,25.4,159.6,56.4,15.1,0,21.2,0,33.5,10.3,21.8,168.5,14.6,153,56.8,1004.6,67.6,0,19.6
2018-01-01,8,-72.44818,-123.8206,20,19,3,1.06,135.7,22.8,29.8,919.7,0,0,55.2,14.7,39.1,6.3,6.4,10.1,165,26.7,10.9,0,16.5,0,0,0,8.5,88.1,13.9,163.5,54.1,805.7,52.1,0,7.6
2018-01-01,8,-72.44818,-123.8206,30,17,4,1.06,97.4,0,26.2,569.5,0,0,41.3,12.8,29.5,5.6,5.5,9.2,95.6,18.6,9.2,0,11.1,0,0,0,0,72.7,13.2,105.1,39.8,517.9,39,0,4.2
2018-01-01,8,-72.44818,-123.8206,50,13,5,1.06,49.6,0,12.6,238.2,0,0,29.5,14.8,16.8,4.2,3.9,0,47.8,11,0,0,0,0,0,0,0,47.2,0,65.2,27,240.3,33.9,0,0.5
2018-01-03,10,-73.05435,-129.9882,5,UW,1,1.06,83.8,48.4,25.7,813.1,181.2,0,51.8,7.3,28.4,4.5,8.3,8.2,146.4,48.8,9.4,0,32.1,0,33.6,8.9,0,48,12.7,144.4,52.8,649.7,50.1,0,0
2018-01-03,10,-73.05435,-129.9882,10,24,2,1.06,245.7,42.4,32.7,1860.5,0,4.7,57.3,17.4,56.1,5.1,0,0,391.2,78.9,16,0,51.5,0,36.3,8.7,0,48.4,17.4,374.8,80.7,1415.7,88.8,0,14.8
2018-01-03,10,-73.05435,-129.9882,20,20,3,1.06,181.8,29.6,27.4,1192.8,0,0,48.5,16.5,38.4,0,0,0,222.2,34.3,12.5,0,20.8,0,0,0,0,35.2,13.8,251.1,53.7,874.2,68.9,0,8
2018-01-03,11,-74.04732,-133.7641,5,UW,1,0.28,981.1,460.3,142.6,9016.2,0,26.4,368.4,37.7,260.6,0,0,0,1803,373.1,63.6,0,0,0,0,0,0,104.2,72.8,1654.2,311.1,5822.9,313.3,0,50.6
2018-01-03,11,-74.04732,-133.7641,10,23,2,0.28,916.8,334.6,139.2,8005.6,631.9,24.8,375.4,35.7,268.6,0,0,0,1729.6,414.1,63.5,0,0,0,0,0,0,88.7,62.6,1447.4,254.3,5346.4,285.2,0,47.1
2018-01-03,11,-74.04732,-133.7641,20,19,3,0.28,402.7,84.8,0,3317,0,19.5,186.2,22.4,131,0,0,0,530.4,112.2,39.2,0,44,0,0,0,0,87.1,0,546.1,158.8,2341.3,199.7,0,17
2018-01-03,11,-74.04732,-133.7641,30,15,4,0.28,180.2,0,0,1539.7,0,0,146.8,21.7,78.7,0,0,0,230.1,56.1,26.9,0,22.8,0,0,0,0,76.2,0,279.9,106.8,1037.3,159.1,0,1.4
2018-01-03,11,-74.04732,-133.7641,50,11,5,0.28,57.3,0,0,398.7,0,0,0,0,41.4,0,0,0,77.1,26.6,0,0,0,0,0,0,0,0,0,139.8,0,216.4,120.6,0,0
2018-01-03,12,-74.47272,-133.9445,5,UW,1,0.43,665,305.4,103.5,6086.1,0,16.7,285.7,20.8,199.1,0,0,0,963.3,244.2,49.9,0,0,0,0,0,0,75.7,44.2,959.5,272.4,3888.3,250.2,0,30.4
2018-01-03,12,-74.47272,-133.9445,10,24,2,0.415,710.3,276.5,128.6,6498.6,0,18.8,314.8,20.8,210.4,0,0,0,974.5,237.9,56.4,0,0,0,0,0,0,78.1,51.3,1046,285.4,4279.1,254.2,0,37.7
2018-01-03,12,-74.47272,-133.9445,20,19,3,0.41,674.7,242.6,108.2,6170.2,0,20.3,257.9,28.2,214,0,0,0,900.8,191.9,44.3,0,0,0,0,0,0,85.4,43.3,919.2,248.5,4141.2,251.9,0,35.5
2018-01-03,12,-74.47272,-133.9445,50,16,4,0.485,549.8,162.3,80.6,4427.8,0,24.7,203.6,20.8,143.3,0,0,0,504.3,113.7,33.4,0,0,0,0,0,0,65.5,42.1,663.5,242.6,3322.0,199.5,0,27.6
2018-01-03,12,-74.47272,-133.9445,100,14,5,0.49,437.1,84.7,64.3,3002.8,0,11.8,157.8,19.7,99.9,0,0,0,314.4,80,27,0,0,0,0,0,0,62.4,34.5,461.7,179.8,2490.9,200.5,0,20.2
2018-01-03,12,-74.47272,-133.9445,150,12,6,0.715,214.7,34.6,37.8,1441.5,0,7.1,90.6,15,55.4,0,0,0,161.8,44,15.1,0,0,0,0,0,0,37.1,22.5,240,89.4,1216.0,98.1,0,9.6
2018-01-04,13,-74.81275,-141.0121,5,UW,1,0.775,302.3,147.2,63.2,2839.7,0,0,248.1,16,131.2,0,0,0,305.5,97,25.4,0,0,0,0,0,0,63.9,22.7,326.8,145.7,2106.6,127.7,0,18.5
2018-01-04,13,-74.81275,-141.0121,10,22,2,0.735,306.7,172.4,63.6,2994.9,0,0,258.3,16.7,140.7,0,0,0,300.2,102.7,26.9,0,0,0,0,0,0,67.5,27,330.6,155.2,2206.2,140.5,0,20.6
2018-01-04,13,-74.81275,-141.0121,20,19,3,0.825,281.5,160.8,57.4,2632.5,0,0,238,15.1,127,0,0,0,258.5,83.2,23.5,0,0,0,0,0,0,54,0,270,127.1,1942.3,122.5,0,17.8
2018-01-05,14,-74.96723,-145.0618,5,UW,1,0.905,219.8,124,40.7,1931.6,0,0,89.1,15.7,70.1,0,0,0,463.4,133,18,0,0,0,0,0,0,41.3,16.7,324.3,53.2,1424.0,75.2,0,14.5
2018-01-05,14,-74.96723,-145.0618,10,22,2,1.06,9.4,15.6,0,75.8,0,0,0,0,10.4,0,0,0,12.1,6.6,0,0,0,0,0,0,0,0,0,0,0,35.3,0,0,0
2018-01-05,14,-74.96723,-145.0618,20,19,3,1.06,7.6,15.2,0,66.6,0,0,0,0,10.2,0,0,0,11.2,6.4,0,0,0,0,0,0,0,0,0,0,0,29.2,0,0,0
2018-01-05,14,-74.96723,-145.0618,50,16,4,1.06,0,0,0,0,0,0,0,0,8.5,0,0,0,8.7,0,0,0,0,0,0,0,0,0,0,0,0,3.6,0,0,0
2018-01-05,14,-74.96723,-145.0618,100,14,5,1.06,0,0,0,0,0,0,0,0,8.2,0,0,0,13.7,0,0,0,0,0,0,0,0,0,0,0,0,0.0,0,0,0
2018-01-05,15,-75.86768,-151.9467,5,UW,1,0.2,1367,398.5,125.5,9524.1,0,0,239.1,0,188.2,0,0,0,2832,454.2,53.1,0,0,0,0,0,0,102.8,80.7,2170.1,241.2,6177.9,305.5,0,45.2
2018-01-05,15,-75.86768,-151.9467,10,23,2,0.15,1761.3,438,136.1,12410.3,0,0,344,114.9,223.3,0,0,0,4020.9,566.6,78.8,0,0,0,0,0,0,141.4,99.1,3003.4,271.2,8178.7,415.4,0,63
2018-01-05,15,-75.86768,-151.9467,30,20,3,0.15,1239.2,302.1,90.3,7548,0,0,457.6,88.5,158.2,0,0,0,1903.7,203.1,55.6,0,0,0,0,0,0,0,0,1670,290.5,5082.5,386.2,0,25.8
2018-01-05,15,-75.86768,-151.9467,50,17,4,1.06,83.5,21.6,0,665.3,0,0,125.3,0,32,0,0,0,96.5,26.8,8.1,0,0,0,0,0,0,23.1,0,119.9,32.7,483.9,94.9,0,6.3
2018-01-05,15,-75.86768,-151.9467,100,13,5,1.06,22.7,23.8,0,143.9,0,0,79.4,8.9,21.2,0,0,0,26,14.9,0,0,0,0,0,0,0,19,0,41.8,0,122.1,47.2,0,0.5
2018-01-06,16,-76.58977,-154.0518,5,UW,1,0.15,1430,478.7,169.7,11648.1,0,0,0,75.7,244.2,0,0,0,3453,825.6,82.3,0,0,0,0,0,0,137.2,100.9,2625.8,252.2,7163.0,477,0,61.5
2018-01-06,16,-76.58977,-154.0518,10,23,2,0.15,1422.3,250.3,82.3,10254.9,0,0,0,69.6,227.5,0,0,0,2423.2,392.2,71.6,0,0,0,0,0,0,137.3,92.4,2172,316.7,6304.1,379,0,44
2018-01-06,16,-76.58977,-154.0518,20,20,3,0.2,916.1,119.6,51.2,5835.6,0,0,253.5,39.8,150.4,0,0,0,1051.6,132.7,45.7,0,0,0,0,0,0,99.1,0,1217.9,267,3941.4,272.3,0,19.6
2018-01-06,16,-76.58977,-154.0518,30,17,4,0.2,504.7,0,0,3053.4,0,0,250.8,26.9,112.3,0,0,0,545,82.3,38.1,0,0,0,0,0,0,0,0,734.8,184.9,2255.2,217.7,0,9.3
2018-01-06,16,-76.58977,-154.0518,50,14,5,1.06,282,30.6,16.1,1452.2,0,0,141.4,10.9,49.7,0,0,0,255.2,40,11.2,0,0,0,0,0,0,20.2,16.4,349.8,86.2,1209.2,83,0,6.6
2018-01-06,17,-77.46335,-161.0412,5,UW,1,0.388,906.6,390.6,104,6600.2,0,0,125.4,75.1,153,0,0,0,1739.7,400.5,43.8,0,0,0,0,0,0,52.7,51.5,1398,186.7,4270.8,185.5,0,39.1
2018-01-06,17,-77.46335,-161.0412,10,22,2,0.272,1027.7,309.3,110.4,7117.5,0,0,193.2,41.1,140.8,0,0,0,1909,347,45.5,0,0,0,0,0,0,71.5,55.9,1602.9,205,4669.9,252.3,0,38.9
2018-01-06,17,-77.46335,-161.0412,20,19,3,0.317,763.1,236.5,57.2,4567.8,0,0,188.1,34.5,111.4,0,0,0,1054.2,148.7,34,0,25.7,0,0,0,31.4,65.9,46,987.7,181.4,3133.7,232.6,0,23.9
2018-01-06,17,-77.46335,-161.0412,30,16,4,0.865,283.4,96.3,26.4,1730.6,0,0,210.1,22.3,54.9,0,0,0,440.4,69,14.6,0,0,0,0,0,0,23.2,18.4,418.1,68.6,1287.1,141.1,0,10.1
2018-01-06,17,-77.46335,-161.0412,50,13,5,1.06,48.6,23.5,8.3,269.8,0,0,84.1,9.1,20.3,0,0,0,70.4,15.9,0,0,0,0,0,0,0,0,0,80.2,0,210.0,49.8,0,1.6
2018-01-07,18,-78.6294,-163.5889,5,UW,1,0.25,765.5,363.2,83.6,5791,0,0,169.5,34.7,129.2,0,0,0,1490.8,331.5,48,0,80.2,0,0,0,0,0,56.6,1257.9,164.1,3437.4,193,0,24.7
2018-01-07,18,-78.6294,-163.5889,10,24,2,0.25,1003.1,308.7,92.3,6712.9,0,0,225.7,35.3,156.7,0,0,0,1715.8,294.1,49.5,0,0,0,0,0,0,0,54.9,1541.1,180.3,4251.6,211.8,0,26.2
2018-01-07,18,-78.6294,-163.5889,20,20,3,0.25,1106.7,267.3,92.8,7033,0,0,244.8,33.8,152.8,0,0,0,1829.7,285.4,50.3,0,30.8,0,0,0,0,0,65.9,1672.7,240.9,4596.6,197.8,0,29
2018-01-07,18,-78.6294,-163.5889,30,17,4,0.25,925.6,205.9,64.1,5625.7,0,0,206.1,27,127.7,0,0,0,1436,190.8,43.1,0,0,0,0,0,0,0,0,1281.5,186.7,3701.7,212.6,0,25.7
2018-01-07,18,-78.6294,-163.5889,50,15,5,0.25,844.6,112,46.3,4759.3,0,0,236.5,30,119.2,0,0,0,1290.5,165.2,40.3,0,0,0,0,0,0,0,0,1083.9,181.8,3460.4,218.2,0,20.9
2018-01-07,18,-78.6294,-163.5889,75,11,6,0.25,686,71.8,32.1,3454.1,0,0,245.9,34.1,87.7,0,0,0,1198.8,146.1,33.2,0,0,0,0,0,0,0,0,962.2,148.8,2648.2,234,0,20.4
2018-01-07,19,-77.4348,-173.5369,5,UW,1,1.06,22.3,54,13.1,285,160.6,0,0,5.7,14.1,0,0,0,63.9,40,0,26.5,11.6,0,0,0,0,0,0,55,0,179.3,33.3,0,3.2
2018-01-07,19,-77.4348,-173.5369,10,23,2,1.06,16.7,63.5,13.6,241.5,125.6,0,30,6,12.7,0,0,0,59.2,51.2,0,29.6,10.4,0,0,0,0,0,0,48.5,0,142.7,31.7,0,4.1
2018-01-07,19,-77.4348,-173.5369,20,20,3,1.06,24,52.8,0,335.4,0,0,35.1,10.2,15.8,0,0,0,82.5,45.9,7.1,21.8,9.4,0,0,0,0,0,0,58.6,0,166.3,31.9,0,2.2
2018-01-07,19,-77.4348,-173.5369,50,17,4,1.06,36.2,0,30.4,322.9,0,0,36.1,8.2,33.5,7.7,8.1,17.1,36,13.9,8.5,16.6,0,0,0,0,6.8,97.4,0,43.1,0,333.0,48.3,0,4.4
2018-01-07,19,-77.4348,-173.5369,100,13,5,1.06,18,0,0,91.2,0,0,0,10.4,11,0,0,0,32.3,6.8,7.2,0,0,0,0,0,0,24.8,0,38.7,0,67.6,35.3,0,0
2018-01-08,20,-76.71358,178.1814,5,UW,1,1.06,22.2,38.2,0,240,0,0,34.4,8.1,13.4,0,0,0,68.3,47.4,0,34.2,25.9,0,0,0,0,0,0,57.1,0,183.1,33,0,5.4
2018-01-08,20,-76.71358,178.1814,10,23,2,1.06,42.8,0,0,287.8,0,5,47.6,11.3,11.1,0,0,0,101.9,66.1,7.3,34.7,24.7,0,34.1,0,0,0,0,63.3,0,227.2,37,0,9.6
2018-01-08,20,-76.71358,178.1814,30,20,3,1.06,87.4,34,0,622.7,0,11.4,62,21.8,30.3,0,0,0,211.2,59.2,10,0,12,0,44.2,0,0,18.5,0,138.8,0,477.6,48.6,0,7.8
2018-01-08,20,-76.71358,178.1814,50,17,4,1.06,113.6,0,12,506,0,8.2,54.5,37.1,35.1,0,0,0,156.6,26.6,9.2,0,0,0,0,0,0,21.1,14.2,132.5,26.3,494.8,64.2,0,0
2018-01-08,20,-76.71358,178.1814,100,13,5,1.06,29.9,0,0,125.4,0,0,38.2,11.5,11.9,0,0,0,50,10.4,0,0,0,0,0,0,0,0,0,50.8,0,111.6,59.6,0,0.1
2018-01-08,21,-75.53978,168.1244,5,UW,1,1.06,13,22.8,6.8,239.1,0,0,42.5,5.4,20.2,0,0,0,21.5,29.2,7.8,0,0,0,0,0,0,20.2,0,36.3,0,164.1,32.2,0,2.3
2018-01-08,21,-75.53978,168.1244,15,23,2,1.06,11.5,27.1,0,167.8,0,0,30.4,8.8,16.8,0,0,0,28.6,38,0,0,0,0,0,0,0,0,0,33.3,0,110.4,30.7,0,2.5
2018-01-08,21,-75.53978,168.1244,40,20,3,1.06,204.2,49.7,16.5,901.5,0,0,40.4,23.1,17.7,0,0,0,468.8,65.1,8.7,0,16.9,0,0,0,0,0,0,301.7,0,650.2,47.1,0,6.9
2018-01-08,21,-75.53978,168.1244,60,17,4,1.06,232.6,41.4,12.6,908.1,0,0,76.6,35.9,28,0,0,0,422.6,33.4,9.2,0,0,0,0,0,0,0,0,298.3,0,701.6,119.7,0,0.6
2018-01-08,21,-75.53978,168.1244,100,14,5,1.06,41,0,0,148.9,0,0,40.7,8.7,12.8,0,0,0,72.4,11.8,0,0,0,0,0,0,0,0,0,64.8,0,128.9,57.4,0,0.9
2018-01-09,22,-75.00133,164.6416,5,UW,1,0.54,360.2,501.5,70.4,4203.4,0,0,278.6,20.2,214.6,0,0,0,599.2,313.1,41.1,0,33.3,0,0,0,0,41.1,29.1,546.5,87.5,2427.3,132.2,0,27.6
2018-01-09,22,-75.00133,164.6416,10,24,2,0.46,549.9,829.6,102.6,5929,0,0,301.7,30.2,287.8,0,0,0,930.9,367.6,56.9,0,35.3,0,0,0,0,47.4,36.7,878.9,106.2,3181.7,163.7,0,35.6
2018-01-09,22,-75.00133,164.6416,25,20,3,0.51,543.8,356.1,40.9,4605.4,0,0,209.9,20.9,196,0,0,0,684.4,138.4,43.2,0,0,0,0,0,0,41.3,31.7,716.7,145.8,3048.7,167.8,0,27.7
2018-01-09,22,-75.00133,164.6416,40,18,4,1.06,209.4,98.4,29,1364.1,0,0,109.2,10.7,64.8,0,0,0,224.5,64.8,15.1,0,6.6,0,0,0,0,18.5,13.9,249.9,64.8,1023.6,81.6,0,15.9
2018-01-09,22,-75.00133,164.6416,75,14,5,1.06,46.4,32.3,6,356.9,0,0,66.4,6.2,31.7,0,0,0,53.2,28.8,8,0,0,0,0,0,0,0,0,70.4,24.6,258.7,43.1,0,3
2018-01-10,23,-75.00278,164.2188,5,UW,1,0.5,71.7,222.4,0,1454.3,0,11.6,143.7,13.7,121,0,0,0,110.1,117.3,29.8,0,94.8,0,89.1,0,0,43.9,0,251.3,106.4,908.7,93.6,0,17.5
2018-01-10,23,-75.00278,164.2188,10,22,2,0.25,866,840.2,96.2,8540.8,0,43,378.3,41.3,413.4,0,0,0,1357.4,319.6,121.7,0,0,0,0,0,0,116.5,55.7,1359.9,135.9,4534.0,267.1,0,35.5
2018-01-10,23,-75.00278,164.2188,25,19,3,0.25,407.4,160.3,0,3461.2,0,18.4,188.6,21,200.1,0,0,0,565,112.7,46.5,0,26.7,0,0,0,0,81,0,591.1,144,2253.1,201.8,0,17.9
2018-01-10,23,-75.00278,164.2188,40,17,4,0.25,246,96.5,0,1387.1,0,0,139.8,21.7,88.2,0,0,0,396.1,71.9,31.6,0,0,0,0,0,0,0,0,408.9,105.5,854.2,159,0,15.5
2018-01-10,23,-75.00278,164.2188,75,14,5,1.06,62.3,30,0,410.1,0,0,78.7,7.2,31.6,0,0,0,87.7,30.7,9.1,0,6.1,0,0,0,0,0,0,91.5,25,283.2,51.9,0,4.2
2018-01-10,24,-75.03102,164.4494,5,UW,1,0.5,170.8,345.7,34.9,2272.2,0,11.8,133.8,16.6,144.6,9,0,0,251.7,236.4,32.8,0,41.9,30.7,0,0,0,0,0,298.4,69.3,1274.3,96,0,22.5
2018-01-10,24,-75.03102,164.4494,15,23,2,0.25,650.6,778.5,91.5,7055,0,42,325.3,35.4,373.8,0,0,0,882.4,325.4,110.6,0,27.6,0,0,0,0,84.8,58.8,1089.6,118.5,3750.1,222.9,0,37.7
2018-01-10,24,-75.03102,164.4494,30,20,3,0.25,651.7,356.5,0,5625.8,0,26.8,234.6,31.6,291.5,0,0,0,887.8,176.8,59.1,0,0,0,0,0,0,89.4,0,896,159.5,3590.7,223.8,0,24.6
2018-01-10,24,-75.03102,164.4494,50,17,4,1.06,288.3,98.3,0,1754.1,0,9.5,94.9,11.5,64.1,0,0,0,352.4,65.6,15.7,0,27.8,0,0,0,0,18.6,15.8,352.9,70.8,1292.7,82.1,0,0
2018-01-10,24,-75.03102,164.4494,75,13,5,0.785,269.6,102,0,1535,0,9.7,113.8,11.6,61.5,0,0,0,325,64.7,15.5,0,0,0,0,0,0,0,0,341.8,68.3,1109.9,86.2,0,12.6
2018-01-11,26,-75.1401,163.1622,5,UW,1,1.06,87.9,176.9,14.1,1675.8,0,11.4,192.8,12.5,129.4,3.8,3.8,0,129.6,129,18.4,0,16,0,0,0,9.4,23.8,13.9,139.7,0,848.2,71.5,0,18
2018-01-11,26,-75.1401,163.1622,20,23,2,0.25,522.5,585.8,138.1,6091.9,0,41.4,284.5,29.9,389.5,0,0,0,840.9,222.1,66.3,0,0,0,0,0,0,102.4,57.4,901.5,0,3518.8,234,0,33.9
2018-01-11,26,-75.1401,163.1622,30,19,3,0.72,368.8,118.6,23.6,2634,0,0,131.4,21.1,114.8,0,0,0,573.6,86.9,26.4,0,0,0,0,0,0,27,0,506.2,0,2022.4,156.5,0,17.2
2018-01-11,26,-75.1401,163.1622,50,16,4,1.06,291.7,69.2,12,1602.1,0,0,113.9,17.6,55.5,0,0,0,449,72.5,15.8,0,0,0,0,0,0,0,15.4,381.4,0,1278.4,118.8,0,11
2018-01-11,26,-75.1401,163.1622,75,13,5,1.06,72.9,28.5,6.4,433.7,0,0,71.3,20.1,28.1,0,4.4,0,108.2,33.3,8.8,0,5.7,0,0,0,0,0,0,104,0,325.4,65.3,0,3.8
2018-01-11,26,-75.1401,163.1622,1100,2,6A,1.06,0,45.1,7.2,276.5,0,25.7,169.3,25.9,43.2,0,12.3,0,5.8,57.4,8.6,0,0,0,0,0,0,0,0,0,0,181.3,62.5,0,6
2018-01-11,27,-74.98705,164.1101,5,UW,1,0.4,208.9,242.7,44.3,2274.6,0,12.9,150.8,20.8,128.9,0,0,0,346,219.5,32.9,0,49.6,0,0,0,0,0,0,354.4,0,1389.3,110,0,18.9
2018-01-11,27,-74.98705,164.1101,15,23,2,0.25,510.8,221.5,63.3,4157.5,0,29.5,177.4,0,188.7,0,0,0,792.5,127.2,44.6,0,0,0,0,0,0,83.1,0,777.4,0,2896.9,211.7,0,17.9
2018-01-11,27,-74.98705,164.1101,30,20,3,0.25,526.4,267.2,38.8,4324.9,0,24.1,174.5,0,230.4,0,0,0,791.3,137.3,49.2,0,0,0,0,0,0,87.7,53.6,796.7,0,3259.3,228.1,0,23.8
2018-01-11,27,-74.98705,164.1101,50,17,4,0.5,264.1,85.9,18.4,1597.6,0,16.7,98.1,0,64.2,0,0,0,317.9,63,19.3,0,0,0,0,0,0,0,0,334.6,0,1213.0,110.6,0,10.4
2018-01-11,27,-74.98705,164.1101,75,14,5,1.06,118,37.2,7.9,671.6,0,0,64.1,0,31.6,0,0,0,165,39.6,9.6,0,0,0,0,0,0,0,0,160.8,0,527.2,52.7,0,6.1
2018-01-11,27,-74.98705,164.1101,100,12,6,1.06,25.1,20.3,0,201.2,0,6,41.4,0,19,0,0,0,34.5,18.2,7,0,0,0,0,0,0,0,0,45,0,133.5,35,0,1.2
2018-01-15,28,-74.74937,172.9985,5,21,1,1.06,14.5,74.9,16.4,654.2,0,7.6,65.5,5.9,88.5,0,0,8.4,22.5,185.4,12.5,12.3,7.9,0,58.5,0,42.6,19.5,0,0,0,596.2,74.6,0,21.5
2018-01-15,28,-74.74937,172.9985,15,17,2,1.06,17.3,50.8,18,840.9,0,5.5,58.6,6.5,108.7,0,0,0,24.1,192.4,15.5,0,7.8,0,32.1,0,9.8,0,0,33.4,0,739.6,83.4,0,12.6
2018-01-15,28,-74.74937,172.9985,35,15,3,1.06,40.4,38.3,19.4,961.4,0,27.2,138.5,7.7,109.3,0,0,0,52,66.8,15.8,0,0,0,35.3,0,0,0,0,51.5,0,739.0,55.3,0,4.6
2018-01-15,28,-74.74937,172.9985,50,11,4,1.06,77.6,20.6,14,433.9,0,10.2,60.3,17.2,35.8,3.9,3.2,8.3,91.4,18,8.4,13.2,12.1,0,0,0,0,35.4,0,79,0,353.2,46.3,0,2.9
2018-01-15,28,-74.74937,172.9985,100,9,5,1.06,29.3,0,8.5,150.8,0,5.7,0,9.3,17.8,4.2,4.3,8.4,40.8,10.3,0,12.8,7.8,0,0,0,0,42.3,0,53.4,0,156.7,41.7,0,1.2
2018-01-16,29,-76.00085,171.0003,5,UW,1,1.06,19.4,154.2,12.6,870.6,0,15.3,82.8,0,105.2,0,0,0,32.8,268.8,18.3,0,38.1,0,0,0,31.3,20.6,0,73.1,0,636.2,74.8,0,25.8
2018-01-16,29,-76.00085,171.0003,10,24,2,1.06,22.9,132.6,25.5,1036.5,0,12.2,76.9,0,137.1,0,0,0,43.7,316.6,22.3,0,28.2,0,0,0,37.5,0,0,66.3,0,876.6,91.9,0,29.8
2018-01-16,29,-76.00085,171.0003,20,21,3,1.06,23.6,164,26.7,1313.1,0,14.9,93.7,0,155.4,0,0,0,46,250.7,22,0,18.9,0,0,0,9.2,0,0,47.7,0,905.8,94.9,0,19.1
2018-01-16,29,-76.00085,171.0003,30,17,4,1.06,57.8,125.6,26.7,1549.8,0,12.6,111,0,141.4,0,0,0,96.8,112,22,0,0,0,0,0,0,0,0,85.3,0,890.8,74.9,0,11.5
2018-01-16,29,-76.00085,171.0003,50,15,5,1.06,142.9,58.3,13.5,1217.9,0,17.9,70,23.5,88.5,0,0,0,214.4,41.3,15.2,0,0,0,0,0,0,0,12.6,155.9,0,693.4,59.6,0,6.1
2018-01-16,29,-76.00085,171.0003,100,12,6,1.06,31,0,0,144.6,0,0,0,0,13.5,0,0,0,53,10.3,0,0,0,0,0,0,0,19.7,0,54.4,0,113.7,49,0,0
2018-01-16,29,-76.00085,171.0003,150,10,7,1.06,120.6,21.6,0,469.2,0,0,75.5,16.8,16.2,0,0,0,241.8,27.5,8.8,0,0,0,0,0,0,0,0,159.8,0,392.8,221.8,0,2.4
2018-01-16,29,-76.00085,171.0003,200,8,8,1.06,61.4,0,0,239.5,0,0,36.7,0,13.2,0,0,0,137.6,23.5,8.2,0,0,0,0,0,0,0,0,99.3,0,233.1,137.5,0,4.3
2018-01-16,29,-76.00085,171.0003,250,5,9,1.06,44.1,0,0,174.7,0,0,47.4,0,11.9,0,0,0,93.5,17.5,0,0,0,0,0,0,0,0,0,73.8,0,155.4,91.2,0,1.2
2018-01-17,31,-77.49458,174.346,5,UW,1,1.06,34.5,41.3,14.4,448.8,0,11.8,111.2,15.5,42.9,0,0,0,67.5,95.5,10.4,12.5,15.5,0,42.9,0,8,23.9,0,67.3,0,375.3,42,0,9.3
2018-01-17,31,-77.49458,174.346,10,23,2,1.06,32.2,42.4,14.9,431.1,0,12.2,101.9,7.5,43.4,0,0,0,60.2,97.3,9.8,11.9,14,0,41,0,9.1,23.1,0,62.4,0,356.3,43.7,0,8.6
2018-01-17,31,-77.49458,174.346,30,21,3,1.06,43.6,49.3,22.2,599.9,0,16.2,116.1,17.5,59.3,0,0,0,80.1,94.6,11.2,12.2,14.2,0,36.4,0,11.3,24.7,0,71.3,0,509.2,51.2,0,12.3
2018-01-17,31,-77.49458,174.346,50,17,4,1.06,44.2,36.7,18.5,512.7,0,14.6,102.6,9.3,53.5,0,0,8.5,61.7,75.3,10.6,12.2,14,0,33.6,0,0,26.4,0,66,31.9,443.5,50,0,9.2
2018-01-17,31,-77.49458,174.346,70,15,5,1.06,82.7,0,24,706,0,22.5,84.7,10.2,77,4.6,3.6,10.1,62,35.6,12.6,0,14.4,0,0,0,13.6,45.9,14.6,63.9,35.5,633.9,80.1,0,9.5
2018-01-17,31,-77.49458,174.346,90,12,6,1.06,87.6,0,22,460,0,8,46.4,10.2,55,6,5.6,10.5,52.6,20.5,10.7,12.9,13.3,0,0,0,0,71.5,0,53.4,25.5,474.7,55.5,18.4,6.9
2018-01-17,32,-76.74995,170.0005,5,UW,1,1.06,110.5,199,25.2,2355.8,0,12.2,175.4,0,190.2,0,0,0,94.6,237.9,34.2,0,21,0,0,0,29.7,23.1,0,104.9,0,1205.1,132.9,0,22
2018-01-17,32,-76.74995,170.0005,10,24,2,1.06,116.2,199.9,13.1,2377.6,0,11.9,184.3,0,214.6,0,0,0,106.7,237.1,30.1,0,17.3,0,0,0,15.6,23.7,0,110.3,0,1333.9,155,0,24.9
2018-01-17,32,-76.74995,170.0005,25,21,3,1.06,261,166.6,0,2861.1,0,21.7,137.5,26.1,228.2,0,0,0,330.7,97.5,35.6,0,0,0,0,0,0,34.4,13.9,278,0,2108.8,128.9,0,19.7
2018-01-17,32,-76.74995,170.0005,40,19,4,1.06,187.4,78.5,0,1502.3,0,14.4,113,21.1,113,0,0,43.6,262.4,60.5,25.5,0,0,0,0,0,0,21.6,0,220.1,0,1250.5,101.8,0,10.4
2018-01-17,32,-76.74995,170.0005,75,15,5,1.06,83.6,17,0,381.7,0,0,65.7,12.1,19.5,0,0,0,165.4,21.6,6.8,0,0,0,0,0,0,0,0,126.8,0,308.8,110.9,0,2.5
2018-01-17,32,-76.74995,170.0005,150,12,6,1.06,65.8,0,0,299.4,0,0,63,10.8,16.3,0,0,0,129.3,20.1,0,0,0,0,0,0,0,0,0,102.2,0,243.0,92.3,0,1.5
2018-01-24,34,-77.14722,167.4974,5,UW,1,1.06,84.2,125.9,18.2,1334.6,0,9.9,76.2,0,99.8,0,0,0,49.7,94.3,17.9,0,13.6,0,0,0,6.8,20.4,0,66.8,0,665.3,54.7,0,7.1
2018-01-24,34,-77.14722,167.4974,10,24,2,1.06,101.8,176.8,20.9,1550.2,0,18.6,111.9,0,152,0,0,0,79.9,113.1,24.1,0,0,0,0,0,12.2,22,14.2,89.5,0,978.7,80.9,0,17.7
2018-01-24,34,-77.14722,167.4974,20,22,3,1.06,59.3,68.2,11.6,731.3,0,14.7,82.5,9.5,79.6,0,0,0,66.3,59.1,13.4,0,0,0,0,0,0,20,0,67.8,0,600.5,61.9,0,10.6
2018-01-24,34,-77.14722,167.4974,30,20,4,1.06,36.4,33.2,13.7,379.1,0,10.5,69.8,8.6,42.9,0,0,0,53.7,41.9,9.8,0,0,0,0,0,0,20.2,0,56.9,0,357.0,53.1,0,6.6
2018-01-24,34,-77.14722,167.4974,50,18,5,1.06,40.6,27,9.8,319.3,0,12.3,73.1,8.8,37.7,0,0,0,49.2,38.2,8.7,0,0,0,0,0,0,19.8,0,52.6,0,294.2,54.3,0,5.9
2018-01-24,34,-77.14722,167.4974,100,16,6,1.06,87.2,34.4,9.6,501.7,0,13.7,88.3,13.9,41.2,0,0,0,127.6,42.4,9.8,0,0,0,0,0,0,19.3,0,104.8,0,418.5,67.7,0,7.1
2018-01-24,34,-77.14722,167.4974,200,13,7,1.06,33.9,0,0,146.1,0,0,44,5.8,11.3,0,0,0,67.7,14.1,0,0,0,0,0,0,0,0,0,59.3,0,117.0,52.4,0,1.5
2018-01-27,37,-75.00033,163.0018,5,UW,1,1.06,25.5,122.4,72.8,1386.9,0,7.1,292.3,11.3,100.7,0,0,0,22.9,81,15.2,0,0,0,0,0,8.1,19,0,44.4,0,463.5,54.7,0,8.4
2018-01-27,37,-75.00033,163.0018,10,23,2,1.06,194.8,437,70.2,4950.5,0,38.4,748.7,25.2,418.9,0,0,0,172.9,200.7,73,0,0,0,0,0,0,29,19.5,219,0,2559.6,265.1,0,37.8
2018-01-27,37,-75.00033,163.0018,20,19,3,1.06,369.2,766.1,74.7,6428.8,0,32.3,642.5,25.6,535.1,0,0,0,279.7,205.8,88.4,0,0,0,0,0,0,19.3,21.5,389.7,0,3820.4,320,0,46
2018-01-27,37,-75.00033,163.0018,30,16,4,1.06,223.7,212.2,20.4,2659.8,0,21.5,172.2,18.6,227.1,0,0,0,212.5,83.8,33.7,0,0,0,0,0,0,32,0,239.6,0,1960.2,135.6,0,21.1
2018-01-27,37,-75.00033,163.0018,50,14,5,1.06,113.6,41.6,13,703.3,0,0,95.5,0,50.5,0,0,0,120,29.3,9.8,0,0,0,0,0,0,0,0,130.7,0,550.2,77.2,0,4.7
2018-01-27,37,-75.00033,163.0018,100,10,6,1.06,46,0,0,196.2,0,0,46,0,16,0,0,0,61.1,13.2,0,0,0,0,0,0,0,0,0,66.9,0,144.1,59.7,0,2.9
2018-01-28,39,-75.00098,163.8302,5,UW,1,1.06,112,382.8,45.4,2372,0,11.3,467.4,0,135.6,4.3,0,0,81.7,111.6,21.9,0,10.8,0,0,0,0,23.6,13.9,132.2,0,792.7,70.3,0,12.7
2018-01-28,39,-75.00098,163.8302,10,21,2,1.06,284.1,402.6,48.2,3611.6,0,18.6,339.4,17.8,264.7,0,0,0,248.9,118.7,42.7,0,14,0,0,0,0,25.6,18.9,339.9,0,2379.0,150.3,0,31.1
2018-01-28,39,-75.00098,163.8302,20,19,3,1.06,137.8,130.6,25.5,1465.4,0,10.6,124.3,11.4,121.9,0,0,0,114.1,56.8,20.1,0,0,0,0,0,0,20,14.6,152.7,0,1277.9,88.5,0,17.7
2018-01-28,39,-75.00098,163.8302,30,15,4,1.06,103.3,54.1,0,899.8,0,8.9,94.7,10.6,76.9,0,0,0,82.8,41,13.6,0,0,0,0,0,0,20.2,0,108.4,0,820.5,73.3,0,10.8
2018-01-28,39,-75.00098,163.8302,50,13,5,1.06,78.9,33.1,7,580.9,0,7.8,74.4,11.3,48.2,0,0,0,64.9,27.7,9.7,0,8.2,0,0,0,0,0,0,89.4,0,511.5,59,0,6
2018-01-28,39,-75.00098,163.8302,100,10,6,1.06,37.1,0,0,207.1,0,5.7,47.9,10.1,19.9,0,0,0,46.9,15.1,0,0,0,0,0,0,0,0,0,57.8,0,177.4,42.7,0,0.3
2018-01-28,41,-74.83313,164.9981,5,UW,1,1.06,66.9,82.2,34.5,1768,0,8.7,259.8,0,123.7,0,0,0,66.1,68.2,18.6,0,0,0,0,0,0,19.6,13.7,85.1,0,860.1,83.4,0,9.7
2018-01-28,41,-74.83313,164.9981,10,23,2,1.06,111.8,104.8,0,2651.9,0,18,360.1,17.2,211,0,0,0,125.2,136.5,27.6,0,0,0,0,0,9.2,21.4,15.1,133.5,0,1291.1,135.9,0,23.7
2018-01-28,41,-74.83313,164.9981,25,19,3,1.06,130.5,104.4,52.4,2609.1,0,31.4,359.7,0,215.7,0,0,0,136.5,124.7,34.2,0,0,0,0,0,17.7,22.1,17.4,169.6,0,1512.0,140.6,0,24.5
2018-01-28,41,-74.83313,164.9981,50,16,4,1.06,206.3,172.3,17.5,2092.2,0,37.3,270.7,13.3,175.3,0,0,0,188.7,88.4,25.1,0,0,0,0,0,0,23,14.2,206.8,0,1733.2,160.2,0,22
2018-01-28,41,-74.83313,164.9981,75,13,5,1.06,46.7,0,0,416.6,0,9.4,64.4,0,36.2,0,0,0,39,19.4,8.6,0,0,0,0,0,0,0,0,58.4,0,340.3,57.1,0,2.5
2018-01-28,41,-74.83313,164.9981,100,11,6,1.06,62.7,17,0,371.7,0,10.9,74.9,0,27.6,0,0,0,70.8,21.8,9,0,0,0,0,0,0,0,0,79.8,0,310.6,77.1,0,0.9
2018-01-28,41,-74.83313,164.9981,200,8,7,1.06,25,0,0,125.8,0,4.3,34.7,0,13,0,0,0,38.5,9.8,0,0,0,0,0,0,0,0,0,47.1,0,83.3,37.4,0,0
2018-01-28,41,-74.83313,164.9981,150,9,8,1.06,32.5,0,0,166.3,0,5.9,46.3,0,13.8,0,0,0,45.9,12.5,0,0,0,0,0,0,0,0,0,53.2,0,105.9,42.7,0,0.8
2018-01-29,42,-75.16557,163.8315,5,UW,1,1.06,23.4,179.1,28.6,1005.6,0,4.6,152.4,8.8,90.4,0,0,0,24.6,134.5,15.2,0,14.1,0,0,0,9.3,20.2,13.4,42,0,677.9,53.7,0,16.8
2018-01-29,42,-75.16557,163.8315,10,21,2,1.06,165.6,656,92.5,4142.3,0,13.1,722.6,0,358.3,0,0,20.2,169.4,264.5,61.3,0,16.2,0,0,0,16.5,29.4,20.7,194.2,0,2415.6,161.3,0,55
2018-01-29,42,-75.16557,163.8315,25,18,3,1.06,211.2,630.1,77.7,4406.3,0,12.3,582.8,0,348.4,0,0,0,166.1,192.9,58.8,0,0,0,0,0,16.2,27.8,22.8,210.7,0,2795.9,168.5,0,54.1
2018-01-29,42,-75.16557,163.8315,50,15,4,1.06,79.9,72.4,19.1,894.8,0,6.1,71.1,0,79.9,0,0,0,62.2,45.7,15,0,0,0,0,0,0,21.8,13.8,83.1,0,805.7,60.1,0,10.2
2018-01-29,42,-75.16557,163.8315,100,12,5,1.06,9.2,0,0,78.3,0,0,0,6.2,13,0,0,0,10.8,9.6,0,0,0,0,0,0,0,0,0,0,0,61.2,0,0,0
2018-01-30,43,-75.21808,162.5528,5,UW,1,1.06,173.9,433.5,49.2,2937.8,0,18.5,394.2,18.2,204,0,0,0,140.5,122.6,30.6,0,0,0,0,0,9.7,26.5,0,200.2,0,1351.9,107,0,15.9
2018-01-30,43,-75.21808,162.5528,10,21,2,1.06,268.5,671.4,84.7,4583.1,0,25.7,635.3,24,374.8,0,0,0,241.2,332.2,51.8,0,24.5,0,0,0,0,0,18.9,309.5,0,2332.6,183.3,0,41.3
2018-01-30,43,-75.21808,162.5528,20,19,3,1.06,298.1,740.3,82.5,4561.1,0,29.7,579.7,24,372.2,0,0,0,273.2,265.7,53,0,0,0,0,0,0,37.9,19.1,360.2,0,2515.6,191.6,0,40.1
2018-01-30,43,-75.21808,162.5528,50,15,4,1.06,119.3,89.6,17.5,1287.9,0,21.7,130.5,11.5,116.3,0,0,0,90.7,58,17.3,0,0,0,0,0,0,23.6,0,119.5,0,1075.0,91.8,0,16.3
2018-01-30,43,-75.21808,162.5528,75,12,5,1.06,85.1,34.8,0,599.8,0,9.9,82.1,11.4,58.1,0,0,0,77.6,32.1,10.3,0,0,0,0,0,0,0,0,93.9,0,561.4,60.4,0,7.2
2018-01-30,43,-75.21808,162.5528,100,10,6,1.06,36,0,0,206.1,0,0,36.5,10.2,21.6,0,0,0,36.7,14,0,0,0,0,0,0,0,0,0,53.5,0,179.9,38.6,0,1.6
2018-01-31,46,-74.74177,164.7126,UW,1,1,1.06,41.4,86.1,61.6,1883,0,8.2,356,9.8,92.4,0,0,0,21.1,51.1,16.4,0,0,0,0,0,7.4,20.8,0,47.6,0,465.6,57.3,0,6.8
2018-01-31,46,-74.74177,164.7126,21,2,2,1.06,81.3,122.2,65.1,2827,0,20.4,668.1,17.6,214.2,0,0,0,71.3,132.2,30.7,0,0,0,0,0,10.2,21.3,14.9,82.6,0,875.6,112.2,0,22.4
2018-01-31,46,-74.74177,164.7126,19,3,3,1.06,247.8,136,35.7,2863.9,0,51.5,315.6,22.8,223.5,0,0,0,288,115,36.4,0,0,0,0,0,0,22,15.4,273.9,0,1985.0,164.7,0,24.2
2018-01-31,46,-74.74177,164.7126,15,4,4,1.06,233.8,182.8,24.1,2106.1,0,32.9,211.7,15.1,157.6,0,0,0,267.5,83.1,27,0,0,0,0,0,0,21.1,0,279.6,0,1549.5,135.2,0,14.3
2018-01-31,46,-74.74177,164.7126,13,5,5,1.06,180.6,153.1,10.2,1459.4,0,26.4,185.8,12.6,104.6,0,0,0,173.5,58,20.2,0,0,0,0,0,0,20.2,0,187.9,0,1050.1,123,0,12.1
2018-01-31,46,-74.74177,164.7126,10,6,6,1.06,66.6,29.5,6.8,386.8,0,15.9,98.8,10.3,32.2,0,0,0,79.6,24.6,8,0,0,0,0,0,0,0,0,84.2,0,287.6,104,0,3.4
2018-02-01,47,-74.87763,163.5778,UW,1,1,1.06,85.8,310.2,99.7,3044,0,23,753.4,17.4,271.6,0,0,0,41.8,240.3,33.9,0,12.5,0,0,0,16.1,20.2,16.2,61.1,0,1077.9,95,0,29.3
2018-02-01,47,-74.87763,163.5778,21,2,2,1.06,125.2,279.7,82.4,3830.9,0,39.8,1522.7,18.6,343.8,0,0,0,68.2,276,44.4,0,0,0,0,0,15.5,21,15.8,99.1,0,978.4,146.8,0,42.6
2018-02-01,47,-74.87763,163.5778,19,3,3,1.06,111,384.6,107.5,4066.4,0,37.2,1276.6,16.1,367,0,0,0,67.3,231,49.3,0,10.8,0,0,0,14.2,22.8,17.7,89.7,0,1421.3,177.3,0,47
2018-02-01,47,-74.87763,163.5778,15,4,4,1.06,67.5,254.4,52.3,2183.9,0,34.5,361.7,0,211.5,0,0,0,41.4,86.4,29.6,0,0,0,0,0,8.2,19.6,15,69.1,0,1140.7,104.1,0,20.7
2018-02-01,47,-74.87763,163.5778,13,5,5,1.06,170.3,103.6,22.5,1865.2,0,48.2,227.1,13.3,161.2,0,0,0,187.7,82.7,24.8,0,0,0,0,0,0,19.7,13.6,195.9,0,1468.3,133.2,0,18.7
2018-02-01,47,-74.87763,163.5778,10,6,6,1.06,141.9,63.8,0,1210,0,22.7,165.9,0,107.2,0,0,0,142,55.6,16.8,0,0,0,0,0,0,20.4,13,159.6,0,1047.4,121.2,0,10.1
2018-02-01,47,-74.87763,163.5778,7 or 8,7,7,1.06,84.8,50.4,0,529,0,14.4,99.1,12.5,49.6,0,0,0,79,31,10.3,0,17,0,0,0,0,0,0,96.2,0,444.7,87,0,4.4
2018-02-01,48,-74.8728,163.3296,UW,1,1,1.06,58.7,382.7,47.1,2652,0,20.2,832.6,0,227.4,0,0,0,43.1,312.2,37.9,0,28.3,0,0,0,15.1,20.6,14.1,56.3,0,718.8,73.1,0,38.9
2018-02-01,48,-74.8728,163.3296,21,2,2,1.06,118.5,239.8,24.6,3265.6,0,33.3,947.6,0,317.1,0,0,0,61.3,162.3,52,0,0,0,0,0,12.6,20,19.6,89.8,0,1454.7,155.5,0,33.8
2018-02-01,48,-74.8728,163.3296,17,3,3,1.06,147.2,246.9,0,2340.5,0,29.6,328.1,0,244,0,0,0,93.5,121.5,34.4,0,0,0,0,0,7.5,21.9,16.3,130,0,1785.8,142.8,0,26.2
2018-02-01,48,-74.8728,163.3296,15,4,4,1.06,82.1,62.4,0,731.8,0,11.1,93.1,0,70.8,0,0,0,48.2,38.4,12.2,0,11,0,0,0,0,0,13.5,85.2,0,676.8,66.1,0,9.8
2018-02-01,48,-74.8728,163.3296,11,5,5,1.06,33.9,25.7,0,260,0,5.2,54.4,11,30.3,0,0,0,29.8,20,7.6,0,7.8,0,0,0,0,0,0,51.9,0,230.6,40.4,0,2.7
2018-02-01,48,-74.8728,163.3296,8,6,6,1.06,23.7,0,0,146,0,0,38.8,7.3,18.2,0,0,0,27.8,11.7,0,0,0,0,0,0,0,0,0,43.2,0,114.6,39.3,0,0
2018-02-03,51,-74.99992,163.5022,5,UW,1,1.06,125.9,423,63.3,3199.7,0,18.8,931.5,0,255.6,0,0,0,78.4,219.2,37.4,0,20,0,0,0,14.3,24.5,14.6,108.1,0,1125.5,115.5,0,32.2
2018-02-03,51,-74.99992,163.5022,20,21,2,1.06,142.5,454.1,92.7,3439.8,0,19.1,736.8,0,267.7,0,0,0,102,186.7,39.1,0,12.8,0,0,0,12,25.9,18.2,140.7,0,1470.5,137.2,0,30.6
2018-02-03,51,-74.99992,163.5022,30,19,3,1.06,141.1,402.5,65,3283.9,0,24.3,716.6,0,305.2,0,0,0,81,188.1,43.5,0,11,0,0,0,9.9,28.6,17.8,107.4,0,1643.9,162.5,0,36.9
2018-02-03,51,-74.99992,163.5022,50,15,4,1.06,109.8,108.9,30.6,1519.7,0,26,161,14.3,152.4,0,0,0,107.1,61.2,23.6,0,19.8,0,0,0,0,34,14,114.2,0,1190.2,96.1,0,15.3
2018-02-03,51,-74.99992,163.5022,75,13,5,1.06,40,31.3,0,280.1,0,6.7,59,17.5,30.8,0,0,0,48.8,17.3,7.4,0,6.1,0,0,0,0,0,0,59.1,0,263.9,45.3,0,3
2018-02-04,52,-75.00003,163.9999,5,UW,1,1.06,136.4,298.9,91.1,3415.8,0,21.6,915.8,0,323.2,4.8,4.8,13.4,72.7,284.3,48.7,0,15.3,0,0,0,15.1,22.6,17.8,101.4,0,1875.2,196.9,0,39.8
2018-02-04,52,-75.00003,163.9999,20,21,2,1.06,154.9,332.8,67.7,3675.1,0,28.4,836.6,0,334.3,0,0,27.4,120.1,322.9,51.8,0,22.5,0,0,0,0,23.6,17.1,122.4,0,1888.9,199.2,0,39.5
2018-02-04,52,-75.00003,163.9999,30,19,3,1.06,157.1,440.1,73.8,3581.4,0,25.5,976.9,0,327.4,4.6,4.8,10.4,83.2,319.4,49.2,0,14.1,0,0,0,16.4,24.1,17.7,119.7,0,1684.6,195.7,0,40.4
2018-02-04,52,-75.00003,163.9999,40,15,4,1.06,92.9,98.2,28,1530.9,0,22.7,161,0,158,0,0,0,74.9,86.2,24.4,0,0,0,0,0,0,21.4,14.3,89.8,0,1245.9,92.3,0,16
2018-02-04,52,-75.00003,163.9999,50,13,5,1.06,67,41.7,13.7,658.7,0,10.7,86.6,12.1,69.9,0,0,0,56.8,30,12.1,0,0,0,0,0,0,20.3,0,69.3,0,578.4,58.9,0,6.6
2018-02-04,52,-75.00003,163.9999,75,10,6,1.06,35.6,12.3,0,227.6,102.5,6.1,51.5,9.9,29.7,0,0,0,34.2,17.5,8.2,0,0,0,0,0,0,0,0,48.9,0,243.6,45.7,0,2.8
2018-02-05,53,-74.9803,163.5592,5,UW,1,1.06,114.7,349.8,71.9,2556.2,0,12.4,506.8,11.4,242.4,0,0,0,58.7,253.8,34.9,0,17.7,0,0,0,11.7,22.6,15,81,0,1458.2,135.2,0,29
2018-02-05,53,-74.9803,163.5592,25,21,2,1.06,128.2,337.8,83.2,2607.9,0,17.9,434.2,14.6,248.6,0,0,0,69.2,236.5,34.3,0,11.4,0,0,0,11.6,23.1,16.7,97.5,0,1584.4,124.8,0,29.1
2018-02-05,53,-74.9803,163.5592,50,19,3,1.06,95.2,179.6,28.7,1524.2,0,12.1,187.8,13,151.5,0,0,0,57,97.1,22.1,0,14.2,0,0,0,0,21.9,13.8,81.7,0,1088.8,87.3,0,17.4
2018-02-05,53,-74.9803,163.5592,75,15,4,1.06,55.1,42,7.5,607.1,0,10.8,88.7,9.9,70.3,0,0,0,36.4,35.5,12.3,0,10.2,0,0,0,0,21.1,12.4,58.5,0,573.7,57.1,0,8.2
2018-02-05,53,-74.9803,163.5592,100,13,5,1.06,49.4,28.4,0,432,0,6.8,69.5,11.1,48.2,0,0,0,38.1,25.8,9.7,0,7.1,0,0,0,0,20.4,0,54.7,0,406.4,50.1,0,4.7
2018-02-05,53,-74.9803,163.5592,275,8,6,1.06,71.2,0,0,234,0,0,43,12.1,13.6,0,0,0,107.8,14.3,0,0,6,0,0,0,0,0,0,96.5,0,189.9,44.8,0,1.4
2018-02-05,54,-74.75008,163.8307,5,UW,1,1.06,61.7,144.8,79.5,3105.1,0,38.4,1432.2,0,262.9,0,0,0,34.1,360.5,9.4,0,18,0,0,0,18.2,21.6,14.9,58,0,523.1,83,0,51.9
2018-02-05,54,-74.75008,163.8307,10,21,2,1.06,72,147.5,94,3243.4,0,40.8,1451.4,21.2,276.5,0,0,0,35.3,354,42.6,0,20.6,0,0,0,17.8,22.5,15.2,54.1,0,558.1,91.6,0,49.8
2018-02-05,54,-74.75008,163.8307,20,19,3,1.06,104.3,181.5,67.9,3452.9,0,61,1266.6,21.4,303,0,0,0,43,173,52.2,0,0,0,0,0,12.2,23.7,15.9,66.3,0,994.8,117.5,0,35.4
2018-02-05,54,-74.75008,163.8307,30,15,4,1.06,156.7,208.1,52.2,3903.2,0,57.8,878.1,0,364,0,0,0,56.5,148.5,59.8,0,0,0,0,0,10.8,24.1,17.2,77.7,0,1814.8,163.2,0,34.2
2018-02-05,54,-74.75008,163.8307,40,13,5,1.06,116.6,216.7,34.9,2518.4,0,35.8,253.6,0,250.7,0,0,0,70,105.1,40.3,0,0,0,0,0,9.5,26.9,15.5,90.5,0,1680.0,130.4,0,25.6
2018-02-05,54,-74.75008,163.8307,50,10,6,1.06,129.7,212.2,0,2574.7,0,29.9,238.1,0,251.7,0,0,0,85.3,95.9,41.1,0,0,0,0,0,6.8,26.3,14.4,113.6,0,1779.8,130.1,0,21.1
2018-02-05,54,-74.75008,163.8307,75,6,7,1.06,114,81.1,15,1148.9,0,22.8,165.9,9.4,103.7,0,0,0,99.3,51.8,18.2,0,0,0,0,0,0,0,12.5,118.9,0,918.9,105.8,0,13.3
2018-02-05,54,-74.75008,163.8307,100,3,8,1.06,72.5,41,6.3,665.8,0,15,105.4,8.5,63.7,0,0,0,62.9,35.4,14.4,0,0,0,0,0,0,0,0,80.2,0,535.0,88.4,0,7.2
2018-02-06,55,-74.75108,164.5022,5,UW,1,1.06,24.3,103.8,65.7,1973.6,0,20.9,849.5,0,164.1,0,0,0,30.4,179.1,23.6,0,25.1,0,0,0,12.4,18.7,13.9,55.2,0,524.1,73.1,0,21.2
2018-02-06,55,-74.75108,164.5022,20,21,2,1.06,56.3,126.3,69.6,2838.7,0,44.6,994.4,0,246,0,0,0,36.8,147.9,36.2,0,7.3,0,0,0,10.4,20.4,14.4,50,0,959.6,107.8,0,22.7
2018-02-06,55,-74.75108,164.5022,30,19,3,1.06,89.1,153,70.6,3579.8,0,37.7,1180.1,0,324.4,0,0,0,30.7,127.1,42.5,0,0,0,0,0,11.8,19.9,18.1,58.6,0,1385.5,143.7,0,26.9
2018-02-06,55,-74.75108,164.5022,40,15,4,1.06,83.7,185.2,75.7,3133.8,0,53.2,786.8,0,284.2,0,0,0,33.8,125.7,37.6,0,9.1,0,0,0,7.7,21.3,16,53.6,0,1420.4,145.7,0,28.5
2018-02-06,55,-74.75108,164.5022,60,13,5,1.06,83.6,77.2,22.4,1016.6,296.5,42.1,233.6,0,107.6,0,0,0,72.8,57.6,17.3,0,0,77.5,0,0,0,18.8,13.2,88.9,0,773.2,94,0,12.1
2018-02-06,55,-74.75108,164.5022,100,8,6,1.06,38.1,22.2,0,297.3,0,14.7,92.9,0,30.6,0,0,0,46.8,22,8.4,0,0,0,0,0,0,0,0,67.5,0,218.7,86.2,0,4.9
2018-02-06,57,-74.87847,163.5179,5,UW,1,1.06,107.7,340.9,100.2,3506.5,0,41.2,1386.5,18,325.6,0,0,14.1,45.8,326,41.7,0,30.2,0,0,0,24.1,22.4,17.1,73.6,0,986.5,127.8,0,47.7
2018-02-06,57,-74.87847,163.5179,10,21,2,1.06,109.7,308.8,56.4,3358.1,0,32,1257.8,0,323,0,0,14.7,47.3,343.8,51.5,0,18.6,0,50.4,0,19.7,24.2,16.4,72,0,1232.1,172.6,0,46.7
2018-02-06,57,-74.87847,163.5179,25,19,3,1.06,132.6,332.3,57.5,3460,0,35.8,1068.1,17.1,323.3,0,0,0,58.1,295.7,44.5,0,0,0,0,0,18.6,22.6,16.3,82.7,0,1354.5,162.3,0,39.8
2018-02-06,57,-74.87847,163.5179,50,15,4,1.06,160.9,281.3,52.3,3012.1,0,26.5,596.6,0,280.8,0,0,0,80.4,187.5,42.9,0,0,0,0,0,0,21.9,15.9,106,0,1765.0,203.6,0,32.7
2018-02-06,57,-74.87847,163.5179,75,13,5,1.06,130.9,198.9,36.1,2063,0,27.3,262.4,13.1,207.6,0,0,0,79.4,123.4,27.8,0,0,0,0,0,7.1,22.2,15,103.3,0,1504.4,134.8,0,24.5
2018-02-06,57,-74.87847,163.5179,100,10,6,1.06,60.7,34,7,555.4,0,14.4,99.6,9.1,59.2,0,0,0,60.1,29.7,10.4,0,0,0,0,0,0,0,0,70,0,465.0,73.5,0,7.1
2018-02-07,58,-74.89477,163.1571,5,UW,1,1.06,81.8,304.7,57,1886.8,0,10.5,375.3,0,157.8,5.6,0,0,38.5,185.8,26.5,0,13.6,0,0,0,9.9,25.6,13.6,60.1,0,866.4,84.1,0,20.4
2018-02-07,58,-74.89477,163.1571,10,21,2,1.06,79.6,274.1,52.7,1845.6,0,11.4,397.7,0,159.1,6.6,0,11.5,40.9,222,28.2,0,16.8,0,0,0,10.6,24.7,13.8,60.8,0,838.8,86.4,0,23.4
2018-02-07,58,-74.89477,163.1571,20,19,3,1.06,89.9,304.7,63,2080.7,0,11.9,448.2,0,174.9,3.9,0,11.2,42.1,198.5,29.6,0,12.8,0,0,0,9.6,23.6,14.4,67,0,988.7,104.9,0,23.3
2018-02-07,58,-74.89477,163.1571,30,15,4,1.06,113.5,256.5,48.2,2303.1,0,14.8,275.6,0,207.2,3.3,0,0,59.4,108.3,35.2,0,6.8,0,0,0,13.9,24,28.8,118.6,0,1557.1,138,0,26.3
2018-02-07,58,-74.89477,163.1571,70,13,5,1.06,27,14.7,8.4,225,0,5.2,39.6,9.3,25.6,0,0,0,20.7,15.6,7.5,0,0,0,0,0,0,0,0,42.3,0,177.6,42.9,0,2.3
2018-02-07,58,-74.89477,163.1571,100,10,6,1.06,32,0,0,202.7,0,5.8,44,13.8,26.3,0,0,0,31.7,17.5,8,0,0,0,0,0,0,20.7,0,53.2,0,207.2,39.3,0,3.1
2018-02-07,59,-75.1666,163.9999,5,UW,1,1.06,30.7,140.7,35.6,989.4,0,11.9,181.2,9.8,88,4,0,9.4,20,135.7,16.3,0,10.9,0,0,0,7.9,27.3,0,38.9,0,461.7,49.8,0,14.2
2018-02-07,59,-75.1666,163.9999,10,21,2,1.06,45.8,163.1,34.4,1368.3,0,14,224.2,11,117.8,4.3,0,0,33.2,117.5,20.9,0,8.4,0,0,0,8.5,25,14.5,48.9,0,654.0,59.9,0,17.6
2018-02-07,59,-75.1666,163.9999,20,19,3,1.06,66.4,153.4,48.7,1781.5,0,16.7,206.6,9.2,168.7,0,0,0,41.2,76.4,29.5,0,0,0,0,0,8.3,21.1,15,63.7,0,1046.6,91,0,16.2
2018-02-07,59,-75.1666,163.9999,30,15,4,1.06,58.6,96.5,18.2,1595.5,0,28.6,204.6,9.3,160.4,0,0,0,48.9,53.6,27.2,0,0,0,0,0,0,0,16.3,69,0,1032.4,106.2,0,10
2018-02-07,59,-75.1666,163.9999,40,13,5,1.06,68.8,46.3,17,1008.9,0,23.9,130.5,9.8,101.3,0,0,0,70.7,42,17.3,0,0,0,0,0,0,0,12.7,86.7,0,768.5,90.5,0,8.1
2018-02-07,59,-75.1666,163.9999,50,10,6,1.06,95.8,39.4,0,758.3,0,17.7,114.2,9.4,64.5,0,0,0,85.8,31,13.3,0,0,0,0,0,0,0,0,100.6,0,592.3,83.7,0,7.1
2018-02-07,59,-75.1666,163.9999,75,6,7,1.06,29,15,0,224.2,0,10.8,60.9,0,23.5,0,0,0,30.4,15.6,7.7,0,0,0,0,0,0,0,0,50.7,0,154.1,71,0,2
2018-02-08,60,-74.88352,164.203,5,UW,1,1.06,38.9,119.2,18.1,1343.2,0,17.1,322.2,0,128.5,0,0,0,31.9,141,19.7,0,11.6,0,0,0,9.3,23.7,13.1,46.3,0,670.6,70.1,0,15.1
2018-02-08,60,-74.88352,164.203,10,23,2,1.06,38,129.6,39.5,1248.9,0,18.9,326.2,0,124.7,0,0,9.7,28.6,147.1,19.9,0,9.9,0,0,0,13.2,22.3,13.8,46.3,0,599.3,69.7,0,14.4
2018-02-08,60,-74.88352,164.203,35,19,3,1.06,71.4,183.2,34.5,1765.7,0,17.2,187.9,0,184,0,0,0,40.6,78.9,25.1,0,0,0,0,0,7.8,33.4,15.1,52.9,0,1193.9,87.4,0,20.9
2018-02-08,60,-74.88352,164.203,50,15,4,1.06,65,52.8,13.3,724.7,0,10.9,88.5,13.9,79.6,0,0,0,58.2,37.5,13.3,0,0,0,0,0,0,29.9,12.7,70,0,651.7,61.1,0,10.3
2018-02-08,60,-74.88352,164.203,75,13,5,1.06,42.3,15.6,0,189.5,0,6.1,43.6,17.5,17.8,0,0,0,54.2,13.3,0,0,0,0,0,0,0,0,0,61.5,0,167.4,39.5,0,1.7
2018-02-08,60,-74.88352,164.203,100,10,6,1.06,19.3,0,0,93.3,0,0,29.8,10.4,11.3,0,0,0,30.3,9.7,0,0,0,0,0,0,0,0,0,38.3,0,73.6,31.3,0,0
2018-02-09,61,-74.80672,163.2268,5,UW,1,1.06,39,188.6,31.2,1230.1,0,11.2,248.2,10.3,107.6,0,0,0,22.9,131.4,18.5,0,40.2,0,0,0,10.8,26.5,0,42.1,0,475.6,49,0,16.1
2018-02-09,61,-74.80672,163.2268,20,21,2,1.06,76.3,234.6,52.9,2063.4,0,30,367.6,10.6,201.1,0,0,0,35.2,123.6,31.2,0,10.9,0,0,0,9.6,22.1,15.1,53.6,0,1010.3,90.5,0,20.9
2018-02-09,61,-74.80672,163.2268,40,17,3,1.06,107.8,262,44.5,2493.1,0,35.2,341.2,12.7,239.8,0,0,0,48.5,106.1,36.7,0,17.1,0,0,0,11.4,22.8,0,0,0,1456.6,114,0,24.7
2018-02-09,61,-74.80672,163.2268,60,15,4,1.06,91.1,151.2,16.9,1869.7,0,23.5,181.3,10.1,186.9,0,0,0,62.9,67.2,30.8,0,22.3,0,0,0,0,23.7,14.6,84,0,1277.9,103.1,0,13.1
2018-02-09,61,-74.80672,163.2268,80,11,5,1.06,77.6,61.8,8.8,1020.3,0,20.4,133.4,9.5,103,0,0,0,64.7,41.4,17.8,0,21.3,0,0,0,0,20.1,0,84.2,0,779.8,78.9,0,8.9
2018-02-09,61,-74.80672,163.2268,100,8,6,1.06,62.6,12.9,0,564,0,14.6,84.4,7.6,57.3,0,0,0,55.4,26.5,12,0,13.9,0,0,0,0,0,0,68.9,0,459.2,62.1,0,5.5
2018-02-09,61,-74.80672,163.2268,1550,6,7,1.06,31.3,62.4,0,216.4,0,8.2,71.6,9.7,23.1,0,0,0,47,14.8,7.9,0,10.4,0,0,0,0,0,0,107,0,164.5,68.6,0,2.9
2018-02-10,64,-76.45385,167.8748,5,UW,1,1.06,305.5,517.8,71.3,4743.4,0,22.2,827.4,18.4,437.1,0,0,15.9,96.2,490.5,56.7,0,0,0,90.9,0,24.5,30.5,21.2,144.2,94.3,2370.6,213.4,0,52.1
2018-02-10,64,-76.45385,167.8748,10,21,2,1.06,273.1,501.1,72.2,4742,0,20.2,812.7,17.3,410.5,0,0,0,106.5,362.6,56.9,0,0,0,71.8,0,18.8,26,19.5,142.5,78.2,2243.8,205.4,0,44.9
2018-02-10,64,-76.45385,167.8748,20,19,3,1.06,193.9,313.5,48.1,3373.7,0,29.6,545.6,12.5,297.9,0,0,0,55.5,202.3,39.4,0,0,0,52.2,0,11.5,22.8,14.3,77.9,47.3,1583.9,161.2,0,25.1
2018-02-10,64,-76.45385,167.8748,30,15,4,1.06,122.4,135.4,23.4,1638.9,0,22.9,199.7,10.5,176.5,0,0,0,38.4,85.3,24.7,0,0,0,43.3,0,0,26.5,13.7,60.1,47.1,1200.6,109.9,0,17.2
2018-02-10,64,-76.45385,167.8748,40,11,5,1.06,32.6,26.3,7.3,431.2,0,11.9,96,0,51.5,0,0,0,27.9,31.6,0,0,0,0,40.3,0,0,19.7,0,44.4,27.4,322.2,60.4,0,2.6
2018-02-10,64,-76.45385,167.8748,50,8,6,1.06,21.1,16.6,5.2,233.4,0,8.7,73.6,4.1,31.8,0,0,0,20.9,19.5,7.5,0,0,0,35.8,0,0,19.4,0,38.7,0,180.4,47.9,0,1.6
2018-02-10,64,-76.45385,167.8748,100,5 or 6,7,1.06,13.7,0,0,97.7,0,4.9,0,0,14.2,0,0,0,17.5,11.3,0,10.3,0,0,30.2,0,0,0,0,32.7,0,61.3,39.5,0,0
2018-02-11,65,-76.45563,167.0794,5,UW,1,1.06,235.1,524,60.3,4699.5,0,38.8,541.7,0,375.9,0,0,0,100.3,427.7,68.5,0,42.1,0,0,0,0,29.7,23.3,128.3,0,2414.5,220.8,0,53.3
2018-02-11,65,-76.45563,167.0794,20,21,2,1.06,256.2,435.8,76.1,4145.5,0,27.1,435.9,0,365.5,0,0,0,72.4,260.7,57.4,0,19.9,0,0,0,0,26.9,19.7,104.2,0,2417.7,233.4,0,49
2018-02-11,65,-76.45563,167.0794,40,19,3,1.06,244.1,436.4,121.2,4272.2,0,69.4,464,0,357.5,0,0,0,113.1,292.6,74.5,0,0,0,0,0,0,26.8,32,149,0,2266.0,220.2,0,48
2018-02-11,65,-76.45563,167.0794,60,15,4,1.06,137.6,139.1,59.3,2003.3,0,33.7,230.9,0,185.4,0,0,0,61.6,96.7,30.3,0,0,0,0,0,0,30.7,13.7,87.3,0,1418.7,146.8,0,24.2
2018-02-11,65,-76.45563,167.0794,80,13,5,1.06,63,83.6,0,829.8,0,11.6,131.2,0,94,0,0,0,37.6,49.7,16.5,0,0,0,0,0,0,35.4,0,55,0,718.7,87.4,0,12.5
2018-02-11,65,-76.45563,167.0794,100,10,6,1.06,38.6,37.9,8.8,482.7,0,11.3,100.8,0,58.4,0,0,0,26.7,33.8,11.1,0,0,0,0,0,0,26.6,0,50.3,0,416.7,71.2,0,9.5
2018-02-11,66,-76.45373,169.6644,5,UW,1,1.06,126.8,148.1,29.4,2246.3,0,18,224.2,0,182.6,0,0,0,30.8,194,28.6,0,17.3,0,0,0,11.7,19.8,13.5,47.5,0,1066.3,91.1,0,19.9
2018-02-11,66,-76.45373,169.6644,20,21,2,1.06,169.2,189.3,34.6,2060.4,550.2,20.4,211.2,0,196.9,0,0,0,32.7,154,33.6,0,11.4,0,0,0,7.6,20.6,13.5,45.8,0,1105.1,93.3,0,18.8
2018-02-11,66,-76.45373,169.6644,30,19,3,1.06,201.6,193.8,31.2,2231.3,0,22.1,245.1,0,203.2,0,0,0,32.5,147.4,31.8,0,0,0,0,0,7.7,22.3,12.8,46.5,0,1095.8,100.8,0,22.2
2018-02-11,66,-76.45373,169.6644,40,15,4,1.06,243.4,247.4,35.8,2945.8,0,23.3,296.5,0,251.9,0,0,0,36.7,188.9,42,0,11.8,0,0,0,0,21.2,13.9,50.7,0,1373.1,121,0,29.1
2018-02-11,66,-76.45373,169.6644,50,13,5,1.06,236.1,264,43.3,2754.8,0,17.6,275.9,0,237.8,0,0,0,35.4,177.2,41.3,0,14.2,0,0,0,8.6,21.1,13.3,55.1,0,1245.6,119.7,0,23.8
2018-02-11,66,-76.45373,169.6644,75,10,6,1.06,153.5,100.1,22.7,1314.3,0,19.4,120.5,0,134.5,0,0,0,34.6,85.6,23.4,0,0,0,0,0,0,20.1,0,40.1,0,746.7,62.6,0,12.4
2018-02-11,66,-76.45373,169.6644,100,7,7,1.06,14.8,0,0,87,0,0,38.8,0,12.4,0,0,0,19.3,8.1,0,0,0,0,0,0,0,0,0,35,0,51.0,51.1,0,0.4
2018-02-11,67,-76.45435,166.0814,5,UW,1,1.06,253.8,453,57.2,4495.9,0,35.8,622.1,0,360.9,0,0,0,74.5,425.8,57.5,0,40.6,0,0,0,23.7,30.7,0,118.6,0,2067.0,204.1,0,55.8
2018-02-11,67,-76.45435,166.0814,10,21,2,1.06,269.7,529.7,62.9,5010.7,0,28.6,808.7,0,402.2,0,0,20.7,76.4,524.4,62.5,0,48.1,0,0,0,27,33.5,0,110.7,0,1971.5,242.8,0,64.4
2018-02-11,67,-76.45435,166.0814,20,19,3,1.06,260.3,428.5,52.3,4592.1,0,36.1,705,0,370.8,0,0,0,78.5,310.3,59,0,23.4,0,0,0,0,26.9,17.3,95.2,0,1926.3,210.4,0,41.5
2018-02-11,67,-76.45435,166.0814,30,15,4,1.06,164.9,154,19.4,2078.5,0,31.7,258.7,0,201.9,0,0,0,36.5,101.8,34.7,0,0,0,0,0,7.9,26.6,14.3,53.4,0,1377.9,133.3,0,22.1
2018-02-11,67,-76.45435,166.0814,40,13,5,1.06,46.1,51,11.1,898,0,13.4,98.4,8.6,99.2,0,0,0,20.4,43.1,17.2,0,0,0,0,0,0,28.8,0,39.2,0,714.0,76.4,0,9.4
2018-02-11,67,-76.45435,166.0814,50,10,6,1.06,30.4,22.9,0,347,0,12.9,83.3,0,42.1,0,0,0,23.6,27,8.8,0,0,0,0,0,0,20.5,0,37.4,0,262.4,57.2,0,4.4
2018-02-12,68,-75.67837,168.996,5,UW,1,1.06,113,277.7,31,2900.2,0,28.6,322.9,13.5,261,0,0,0,38,289.7,35.1,0,22.9,0,0,0,14.7,24.1,14,47.3,0,1389.0,146.7,0,24.9
2018-02-12,68,-75.67837,168.996,10,21,2,1.06,97.4,203.1,42.7,2334.8,0,21.8,253.3,12.4,223.4,0,0,0,29.2,265.9,41.3,0,22.4,0,0,0,13.6,22.3,12.6,43.9,0,1287.5,146.9,0,25.8
2018-02-12,68,-75.67837,168.996,20,19,3,1.06,126.1,240.2,37.4,3010.2,0,24.3,290.6,15.9,283.7,0,0,0,36,333.8,36.7,0,29.2,0,0,0,15.1,23.9,13.3,45.1,0,1595.2,176.5,0,27.4
2018-02-12,68,-75.67837,168.996,30,15,4,1.06,118.1,225.2,45.3,2807.9,0,23.9,264.8,15.8,275.6,0,0,0,37.1,306.3,39.7,0,34.4,0,0,0,13.6,25.5,12.9,51.7,0,1619.7,175.4,0,29.2
2018-02-12,68,-75.67837,168.996,40,13,5,1.06,107.3,229.8,20.7,2192.8,0,28.6,251,12.8,198.2,0,0,0,33.1,186.9,33.6,0,27.2,0,0,0,8.9,27.4,13.1,44.2,0,1054.5,119.5,0,18.7
2018-02-12,68,-75.67837,168.996,50,10,6,1.06,66,64.5,20.2,938.6,0,11.8,77.1,10.4,101.2,0,0,0,22.5,39.2,15.7,0,11.7,0,0,0,0,33.5,0,38.1,0,654.9,69.2,0,8.6
2018-02-12,68,-75.67837,168.996,75,6,7,1.06,30.7,18.2,0,344.7,0,8,43.9,7,37.5,0,0,0,21.2,16.8,8.9,0,15.1,0,0,0,0,28.5,0,37.3,0,256.5,48,0,3.1
2018-02-13,70,-74.7159,169.473,5,UW,1,1.06,126.3,216.2,34.6,2667.9,0,18.9,248.6,0,262.6,0,0,0,81.3,305.8,38.1,0,37.9,0,0,0,15.8,29.1,14.5,72.3,0,1706.0,151.6,0,28.5
2018-02-13,70,-74.7159,169.473,10,21,2,1.06,138.4,290.6,38,2980.4,0,24.4,314.6,0,280.5,0,0,15.5,81.1,351.2,36,0,33.4,0,0,0,18.9,30.2,14.9,71.3,0,1710.5,159.5,0,33.1
2018-02-13,70,-74.7159,169.473,20,19,3,1.06,97,236.9,34.8,2107.6,0,20.4,266.8,0,222.7,0,0,11.1,61.7,275.1,30,0,19,0,0,0,13,27.2,13.1,60.8,0,1261.1,146.3,0,23.3
2018-02-13,70,-74.7159,169.473,30,15,4,1.06,133.7,312.9,43.8,2876.1,0,28.5,407.4,0,266.6,4.1,5.2,12.6,71.7,338.7,34.5,0,20.7,0,0,0,15.6,30.2,13.4,67.4,0,1411.6,181.8,0,32.5
2018-02-13,70,-74.7159,169.473,40,13,5,1.06,96.5,223.1,40,2048.1,0,22,297.6,0,190.8,0,0,0,51.8,112.3,35.7,0,6.8,0,0,0,7.7,55.6,0,58.8,0,1135.6,110.4,0,17.7
2018-02-13,70,-74.7159,169.473,50,10,6,1.06,41.3,40.5,28.1,656.7,0,11,82.4,9.6,77.6,4.3,3.6,0,25.9,28.1,12.1,0,0,0,0,0,0,49.2,0,40,0,571.8,56.9,0,6.5
2018-02-13,70,-74.7159,169.473,75,6,7,1.06,13.9,0,7.6,149.4,0,5.2,36.4,7.9,20.6,0,0,0,13.4,9.7,0,0,0,0,0,0,0,26.9,0,32.9,0,124.6,33.7,0,0
2018-02-14,71,-75.30183,169.5209,5,UW,1,1.06,71.2,111.3,22.4,1896.2,0,10.3,112.8,7.7,200.7,0,0,0,19.1,264.9,28.2,0,25.1,0,0,0,13.2,19.5,12.8,37.8,0,1350.7,86,0,22.1
2018-02-14,71,-75.30183,169.5209,10,21,2,1.06,87.7,120.5,35.7,2163.8,0,10.2,127.1,8.2,227.1,0,0,0,19.8,280.6,34.9,0,21,0,0,0,11.1,21.1,13.3,32.5,0,1482.0,112.7,0,20.3
2018-02-14,71,-75.30183,169.5209,20,19,3,1.06,99.2,148.3,60,2205.5,0,12.4,136.8,8.3,236.2,0,0,0,21.5,294.5,34.7,0,0,0,0,0,15,21.2,14,37.2,0,1519.6,109.9,0,24.3
2018-02-14,71,-75.30183,169.5209,40,15,4,1.06,88.4,122,37.3,2135,0,9.6,118.5,7.3,226.6,0,0,0,21.6,255.1,37.4,0,19,0,0,0,10,19.7,13.8,40,0,1518.1,121.1,0,23.4
2018-02-14,71,-75.30183,169.5209,50,13,5,1.06,74.2,115,33.8,1666.6,0,15.6,93,11.6,178.8,0,0,0,25.7,188.3,29.3,0,13.2,0,0,0,10.4,19.7,13.8,40.8,0,1154.0,93,0,17.1
2018-02-14,71,-75.30183,169.5209,60,10,6,1.06,30.1,0,0,246.4,0,6.1,35.8,4.4,29.2,0,0,0,17.1,16.6,8.6,0,0,0,0,0,0,18.3,0,33.3,0,164.0,43.4,0,0.5
2018-02-14,71,-75.30183,169.5209,75,6,7,1.06,14.8,0,0,88.9,0,4.5,28.8,5.5,13,0,0,0,16.2,10,0,0,0,0,0,0,0,0,0,38.6,0,49.3,40.7,0,0
2018-02-14,72,-74.7984,163.5903,5,UW,1,1.06,74,271.5,90.3,3266.4,0,39.4,1067,0,240.4,0,0,0,18.7,137.1,37.8,0,0,0,0,0,10.3,22,0,51.6,0,1081.0,121.8,0,26
2018-02-14,72,-74.7984,163.5903,10,21,2,1.06,71.5,304.4,98.4,3266.8,0,38.7,1167.7,0,252.6,0,0,0,25.4,162.5,35.4,0,0,0,0,0,11.3,21,15.6,49.8,0,987.8,121.9,0,26.8
2018-02-14,72,-74.7984,163.5903,30,19,3,1.06,90,277.4,65.2,3345.8,0,45.5,1215.6,0,278.3,0,0,0,23.5,157.4,41.9,0,0,0,0,0,8.3,21,16.4,52.2,0,1148.2,147,0,31.2
2018-02-14,72,-74.7984,163.5903,50,15,4,1.06,80.3,229.6,74.4,3235,0,43.7,1102.4,0,251.8,0,0,0,20.9,135.6,40.4,0,0,0,0,0,0,21.1,16.7,53,0,1133.5,159.4,0,26.9
2018-02-14,72,-74.7984,163.5903,100,12,5,1.06,87.5,268.4,34.8,2914.2,0,42,890.5,0,241.5,0,0,0,28.6,143.1,40.6,0,0,0,0,0,0,21.1,18.3,60.4,0,1147.8,122.9,0,23.1
2018-02-14,72,-74.7984,163.5903,200,8,6,1.06,50,76.5,8.9,828.2,0,18.2,123.5,0,91.3,0,0,0,31,50.3,15.1,0,0,0,0,0,0,0,0,51.5,0,623.8,69.2,0,7.9
2018-02-14,72,-74.7984,163.5903,250,5 or 6,7,1.06,16.2,0,0,127,0,4.8,33.8,6.2,16.7,0,0,0,21.2,11.7,0,0,0,0,0,0,0,0,0,36.5,0,85.0,38.8,0,0.2
2018-02-15,73,-75.03663,163.4974,5,UW,1,1.06,62.5,131.9,53,1161.8,0,17,210.8,7.7,121.1,0,0,0,25.1,113.2,20.2,0,0,0,0,0,8,20.1,13.8,48.2,0,842.2,79.1,0,15.7
2018-02-15,73,-75.03663,163.4974,20,21,2,1.06,66.2,146.2,22.6,1214.9,0,20.5,171.1,9.3,119.9,0,0,0,31.7,92.1,19.5,0,0,0,0,0,7.7,20.6,13.9,51.8,0,807.3,82.3,0,15.7
2018-02-15,73,-75.03663,163.4974,40,19,3,1.06,57.9,97,17.3,972.9,0,17.8,152.4,8.2,103.4,0,0,0,26.6,69.3,17.8,0,0,0,0,0,6.9,0,12.9,49,0,723.5,84.3,0,10.5
2018-02-15,73,-75.03663,163.4974,60,15,4,1.06,49.1,62.2,19.8,686,0,13.4,108,7.5,75.5,0,0,0,24.4,57.6,13.8,0,0,0,0,0,0,20.1,12.5,48.1,0,550.5,63.4,0,9.2
2018-02-15,73,-75.03663,163.4974,80,13,5,1.06,36.7,36.8,13,476,0,10.4,80.9,7.3,55.7,0,0,0,20.3,37.7,10.7,0,0,0,0,0,0,22,0,40,0,391.9,57,0,6.1
2018-02-15,73,-75.03663,163.4974,100,11,6,1.06,40.6,51.5,12.9,501,0,10.9,84,8.5,55.2,0,0,0,29.2,42.4,11.6,0,0,0,0,0,0,0,0,44.1,0,384.5,55.2,0,8.4
2018-02-15,73,-75.03663,163.4974,200,8,7,1.06,25.1,25.2,6.7,255.2,0,5.2,39.5,7,30.9,0,0,0,16.4,26.1,8.3,0,0,0,0,0,0,0,0,32.6,0,199.7,39.4,0,2.5
2018-02-15,74,-74.83913,163.6353,5,UW,1,1.06,72.4,347.5,80.1,3078.2,0,43.1,1348,9.3,271.3,0,0,13.2,18.8,176.3,38.9,12.7,6.6,0,35.1,0,11.8,21.5,15.2,58.7,56.2,989.7,112.8,0,23.8
2018-02-15,74,-74.83913,163.6353,20,21,2,1.06,77.1,210.9,96.4,2928,0,37.7,1181.2,9.4,259.2,0,0,0,20.1,172.4,48.5,0,8.1,0,34.6,0,11.1,21.7,15.7,59.3,60.5,1189.7,159.5,0,24.6
2018-02-15,74,-74.83913,163.6353,50,19,3,1.06,77.9,245.8,86.6,3040.5,0,49.3,1282.6,10.2,283.9,0,0,9.3,19.9,184.3,40,12.7,7.6,0,34,0,10.8,21.3,15.6,56.1,52.4,1171.2,128,0,27.1
2018-02-15,74,-74.83913,163.6353,100,15,4,1.06,75.3,225.7,70.3,2884.4,0,46.2,1236.9,9.2,264.5,0,0,0,23.4,165,34.7,12.5,7.9,0,33.4,0,8.8,21.1,15.3,57.3,52.4,1112.2,122.2,0,25.1
2018-02-15,74,-74.83913,163.6353,140,13,5,1.06,67.7,178,31.6,1477.7,0,25.5,326.1,8.5,147.6,0,0,0,25.4,96.7,21.6,12.4,6.8,0,30.5,0,0,19.7,13.6,55.7,48.3,898.4,89.9,0,13.1
2018-02-15,74,-74.83913,163.6353,220,9 or 10,6,1.06,49.3,92.8,15.3,868.6,0,15,164.9,7.1,92.1,0,0,0,23.4,68.3,16.1,0,6.2,0,29.8,0,0,19.6,13,46.5,33.7,612.7,69.6,0,7.4
2018-02-15,74,-74.83913,163.6353,300,6 or 7,7,1.06,33,28.6,8.6,415.1,0,10.8,83,6.2,46.3,0,3.9,0,26.8,34.6,14.2,0,0,0,0,0,0,0,0,45,27.4,309.6,58.8,0,2.3
2018-02-16,75,-74.79018,163.3233,5,UW,1,1.06,47.9,286.3,71.4,2383.6,0,30.1,934.7,9.2,204.2,0,0,0,20.3,186.8,31.9,0,0,0,0,0,10.6,22.9,14.8,48.9,0,830.3,101.4,0,25.1
2018-02-16,75,-74.79018,163.3233,20,21,2,1.06,62.2,229.1,65.4,2283.4,0,41.5,681.6,9.4,200.4,0,0,0,19,121,31.2,0,0,0,0,0,9.7,22.1,15.8,52,0,1010.1,105.6,0,22.8
2018-02-16,75,-74.79018,163.3233,50,19,3,1.06,62.7,225.5,87.4,2367.1,0,34.7,844.1,9.7,201.6,0,0,0,24.6,151.2,41.4,0,0,0,0,0,10,23.5,16.4,50.5,0,931.4,127.4,0,23.5
2018-02-16,75,-74.79018,163.3233,100,15,4,1.06,44.8,220,97.5,2210.1,0,39.8,719.2,8.9,206.8,0,0,0,22,129.7,35.9,0,0,0,0,0,8.1,21.9,14.6,54.3,0,1056.0,145.2,0,24.9
2018-02-16,75,-74.79018,163.3233,125,13,5,1.06,62.6,134.8,31.4,1382,0,23,291.7,9.3,134.1,0,0,0,25.1,89.1,25.2,0,0,0,0,0,0,22.1,13.9,50.5,0,860.7,94,0,13.9
2018-02-16,75,-74.79018,163.3233,150,10,6,1.06,46.4,146.4,53.7,966.8,0,14.9,190.1,8.9,93.4,0,0,0,22,71,15.4,0,0,0,0,0,0,21.7,14.2,48.9,0,587.1,62.5,0,12
2018-02-16,75,-74.79018,163.3233,200,6 or 7,7,1.06,37,73.3,21.9,668.5,0,11.3,116.9,7.8,72.1,0,0,0,23.3,53.4,12.9,0,0,0,0,0,0,19.7,12.8,55.7,0,479.8,64,0,8.5
2018-02-17,77,-74.86268,164.2355,5,UW,1,1.06,58.3,162.7,30.5,1157.2,0,13,235.7,9.2,115.1,0,0,0,25,153.1,20.4,0,11.7,0,0,0,10,28.1,13.5,48.2,0,663.5,76.8,0,16.2
2018-02-17,77,-74.86268,164.2355,10,19,2,1.06,65.1,128.9,29.2,1062.9,0,13.6,187.9,8.9,110.9,0,0,0,25.3,153.9,17.7,0,10.2,0,0,0,10.3,30,13.6,45.6,0,674.9,79,0,17.2
2018-02-17,77,-74.86268,164.2355,20,17,3,1.06,41,107,24.5,643.2,0,9.6,113.5,7.3,68,0,0,0,19.2,78.3,12.9,0,0,0,0,0,0,27.8,13,45.8,0,419.7,51.5,0,10
2018-02-17,77,-74.86268,164.2355,30,13,4,1.06,24.4,46.9,12.2,349.6,0,7.3,52.6,9.7,38.9,0,0,0,22.7,38.8,8.9,0,0,0,0,0,0,24.3,14.6,41.6,0,271.3,38.9,0,5.5
2018-02-17,77,-74.86268,164.2355,50,11,5,1.06,24.4,38.3,11.2,311.1,0,5.1,49.2,8.4,34.6,0,0,0,19.8,30.4,8,0,0,0,0,0,0,24,0,41,0,251.7,40,0,4.8
2018-02-17,77,-74.86268,164.2355,100,7,6,1.06,29.2,41.7,8.2,356.5,0,6.4,51,11.2,40.3,0,0,0,21.7,33.1,9.4,0,0,0,0,0,0,21.7,0,38.8,0,284.1,41.3,0,6.5
2018-02-17,78,-74.69552,163.204,5,UW,1,1.06,37,274.2,86.7,2725.7,0,44.7,793.1,0,220.7,0,0,0,24.9,160,31.6,0,0,0,0,0,10.8,21.9,15,48.1,0,1116.5,109.9,0,30.4
2018-02-17,78,-74.69552,163.204,25,21,2,1.06,67.2,205.1,75.6,2562.4,0,37.3,898.7,0,204.6,0,0,0,16.7,130,33.6,0,0,0,0,0,11.1,22.6,15.8,57.1,0,1021.2,129.5,0,26.7
2018-02-17,78,-74.69552,163.204,50,19,3,1.06,79,195.5,59.6,2433.6,0,39.5,716.4,0,210,0,0,0,19.7,113.4,39.2,0,0,0,0,0,6.7,20.6,15.1,53.1,0,1145.6,136.5,0,22.9
2018-02-17,78,-74.69552,163.204,100,15,4,1.06,61.6,123.9,41.5,1859.7,0,37.9,465.6,0,171.5,0,0,0,26.7,95.2,29.1,0,0,0,0,0,0,22.6,16.2,55.5,0,1083.2,117.9,0,20.8
2018-02-17,78,-74.69552,163.204,150,13,5,1.06,59.9,155.2,20.2,1579.7,0,30,338.2,0,143.9,0,0,0,19.6,85.7,26.1,0,0,0,0,0,0,21.1,14.3,48.5,0,901.8,100.2,0,16.5
2018-02-17,78,-74.69552,163.204,200,9,6,1.06,33.5,72.9,26,672.4,0,11.1,108.9,0,74.4,0,0,0,19.2,58.2,13.1,0,0,0,0,0,0,21.6,12.9,38.9,0,518.4,54.8,0,10.6
2018-02-17,78,-74.69552,163.204,250,5 or 6,7,1.06,28.5,21.9,5.7,358.2,0,15.3,97.3,0,40.8,0,0,0,23.5,23.9,8.7,0,0,0,0,0,0,0,0,42.1,0,273.6,74.4,0,5
2018-02-18,79,-74.75733,163.6438,5,UW,1,1.06,55.2,282.7,115.8,3412.9,0,35.1,1624.9,0,301.5,0,0,0,16.1,301.6,48.4,0,0,0,0,0,0,24.7,16.7,48.4,0,1319.8,166.4,0,44.9
2018-02-18,79,-74.75733,163.6438,20,17,2,1.06,79.3,218.8,111.4,3443.3,0,63.9,1559.6,0,313.2,0,0,0,36.6,207.7,52.3,0,0,0,0,0,12.6,23.6,21.9,80.3,0,1487.5,189.1,0,45.9
2018-02-18,79,-74.75733,163.6438,40,40,3,1.06,57.6,219.6,71.7,2602.2,0,44,736.7,0,224,0,0,0,17.4,110.6,38.1,0,0,0,0,0,9.1,23,15.5,65.3,0,1380.8,173.7,0,25.3
2018-02-18,79,-74.75733,163.6438,60,60,4,1.06,62.7,121.7,75.6,2418.8,0,60.4,466.8,0,203.9,0,0,0,31.6,107.4,38.5,0,0,0,0,0,0,20.2,17.1,67.6,0,1309.2,140,0,20.4
2018-02-18,79,-74.75733,163.6438,80,80,5,1.06,53.1,57.7,26.5,1347.3,0,32.8,233.1,0,141.4,0,0,0,16.6,65.7,23.2,0,0,0,0,0,0,19.8,12.5,44.6,0,981.4,107.4,0,14.7
2018-02-18,79,-74.75733,163.6438,100,100,6,1.06,41.6,39.1,13.9,776.7,0,23.9,153.4,0,92.4,0,0,0,17,46.1,15.3,0,0,0,0,0,0,0,0,39.7,0,629.7,85.3,0,10.8
2018-02-18,80,-74.63653,163.2081,5,UW,1,1.06,27.8,140.4,76.4,2010,0,38.2,753.1,0,182,0,0,0,12.7,107.9,32.5,0,0,0,0,0,18.4,22.2,16.1,72,0,963.5,102.6,0,18.4
2018-02-18,80,-74.63653,163.2081,10,19,2,1.06,52.1,280,81.9,2429.1,0,40.5,878.8,0,195.9,0,0,0,16.8,139.6,32.9,0,0,0,0,0,12,23.8,16.5,63.8,0,1051.8,124.9,0,25.9
2018-02-18,80,-74.63653,163.2081,20,15,3,1.06,59.4,226,74.8,2320,0,34,874.1,0,207.3,0,0,0,18,172.6,33,0,0,0,0,0,10.9,21.8,14.6,49.5,0,1027.5,131.4,0,26.3
2018-02-18,80,-74.63653,163.2081,30,13,4,1.06,60.1,190.7,74.6,2420.5,0,34.8,782,0,210.2,0,0,0,16.8,152.9,35,0,0,0,0,0,10.3,22.9,16.2,53.2,0,1160.7,141.4,0,28
2018-02-18,80,-74.63653,163.2081,50,9,5,1.06,61.7,169.5,60.4,1920,0,37.2,627.2,0,184,0,0,0,18.3,94.5,29,0,0,0,0,0,0,20.6,14.4,51.3,0,1020.6,129.8,0,19.3
2018-02-18,80,-74.63653,163.2081,100,6,6,1.06,36.5,110.4,13.6,1051.8,0,20.9,220,0,105.5,0,0,0,16.6,65,17.6,0,0,0,0,0,0,20.8,13.1,42.5,0,666.2,81.7,0,9.9
2018-02-18,80,-74.63653,163.2081,150,4 or 5,7,1.06,29.3,21.6,0,340.5,0,16.8,104.6,0,38.1,0,0,0,21.9,23.8,9.8,0,0,0,0,0,0,0,0,43.3,0,250.2,73.8,0,4.7
2018-02-19,81,-74.85573,163.1436,5,UW,1,1.06,69.8,353,81,2822.5,0,34.5,836.5,0,212,0,0,0,14.9,113.7,29.9,0,0,0,0,0,0,25.1,15.9,63.4,0,1202.1,134.6,0,24.6
2018-02-19,81,-74.85573,163.1436,20,21,2,1.06,55.6,194.4,57.3,2063.3,0,32.9,574.4,0,177.2,0,0,0,15.7,96.2,28.3,0,0,0,0,0,0,21.1,15.7,54.4,0,1072.5,127.4,0,22.6
2018-02-19,81,-74.85573,163.1436,30,19,3,1.06,56,153.1,61.2,1938,0,41.4,459.9,0,186.7,0,0,0,24.3,108.6,33.3,0,0,0,0,0,0,19.9,0,79.7,0,1129.0,129.3,0,22.5
2018-02-19,81,-74.85573,163.1436,40,15 or 16,4,1.06,71,178.3,42,2097.4,0,38.7,577,0,175.5,0,0,0,20.6,92.6,32.9,0,0,0,0,0,0,22.2,15.3,55.4,0,1082.5,157.9,0,18.6
2018-02-19,81,-74.85573,163.1436,60,13,5,1.06,61.2,99.7,43.4,1555.3,0,35.7,389,0,154.2,0,0,0,20,85.9,21.9,0,0,0,0,0,0,21.6,14.7,51.4,0,1032.7,120,0,18
2018-02-19,81,-74.85573,163.1436,150,9,6,1.06,55.5,99.7,32.8,1157.6,0,23.2,242.4,0,112.4,0,0,0,21.6,71.5,21.9,0,0,0,0,0,0,20,13,49.1,0,780.7,93.5,0,13.3
2018-02-19,81,-74.85573,163.1436,325,4 or 5,7,1.06,22.9,18.3,5.8,222.7,0,8.8,59.6,0,27.9,0,0,0,20.1,19.1,8.2,0,0,0,0,0,0,0,0,34.5,0,153.9,55.5,0,3.5
