station,source_name,sampno,btlnbr,timestamp,time,latitude,longitude,pressure,depth,temperature,salinity,chla_ugL,chemtax_chlorophytes,chemtax_mixed_flagellates,chemtax_cryptophytes,chemtax_diatoms,chemtax_haptophytes,category_diatom,category_dinoflagellate,category_mixed_flagellate,other,category_phaeocystis,category_silicoflagellate,,CTDSAL2_UP,CTDOXY_UP,CTDOXY2_UP,CTDFLUOR_UP,CTDTRANS_UP,CTDPAR_UP,CTDSPAR_UP,diss_iron,diss_iron_stdev,chlorophyll_a_fluor,chlorophyll_a_fluor_stdev,phaeopigments,Salinity_Measured,Oxygen_Measured,fvfm,fvfm_stdev,tot_phosp,tot_phosp_stdev,Grazing,nitrate,nitrite,phosphate,silicate,d18O,d2H,fsim,fmet,fCDW,diss_inorg_carbon,diss_inorg_carbon_stdev,sDIC,sDIC STDEV,sDIC_Friis,sDIC_Friis STDEV,total_alkalinity,total_alkalinity_stdev,sTA *salinity adj. total alkilinity,sTA STDEV,sTA_Friis,sTA_Friis STDEV,sDIC_Brown
002_02,joyw,21,19,10-31-2014,502,-62.7033,-69.6903,10.104,9.8,-0.677414286,33.79911429,0.236540621,0.00149006,1.71E-06,0.032421091,0.487264739,0.478822397,,,,,,,,,8.006732857,8.04923,0.922471429,96.18618571,0.039985714,16.85714286,,,0.272804981,0.008326624,0.046404427,,,0.471,0.016522712,0.07,0,,27.78,0.189,1.89,22.6,,,,,,,,,,,,,,,,,,
002_02,joyw,16.5,23.5,11-01-2014,503,-62.7033,-69.6903,3.7515,3.5,-0.6773,33.7989,0.246388438,0.04839615,0.023012999,0.034700266,0.470370663,0.423519922,,,,,,,,,8.012005,8.04509,0.90615,96.16855,0.1765,16.6,,,0.25,0.01,0.05,,,0.471,0.02251666,0.066666667,0.005773503,,,,,,,,,,,,,,,,,,,,,,,
002_02,joyw,34.5,5.5,11-02-2014,457,-62.7033,-69.6903,77.5335,76.3,-0.6815,33.7992,0.219468547,0.103945199,0.046908466,0.021845562,0.4301822,0.397118574,,,,,,,,,7.986385,8.05498,0.8833,96.2455,0.00334,16.95,,,0.26,0.01,0.05,,,0.499333333,0.008082904,0.07,0,,,,,,,,,,,,,,,,,,,,,,,
002_02,joyw,26,14,11-03-2014,500,-62.7033,-69.6903,24.88733333,24.7,-0.677766667,33.79906667,0.226501992,0.001382647,0.000829531,0.028900595,0.617977693,0.350909533,,,,,,,,,8.000616667,8.044756667,0.903333333,96.22833333,0.007036667,16.9,,,0.26,0.01,0.05,,,0.508666667,0.009504385,0.063333333,0.011547005,,,,,,,,,,,,,,,,,,,,,,,
002_02,joyw,36.5,3.5,11-04-2014,455,-62.7033,-69.6903,101.4195,100.1,-0.68155,33.80065,0.235736625,0.039701826,0.015725861,0.028563222,0.558052873,0.357956219,,,,,,,,,7.96895,8.03891,0.86,96.3246,0.003305,17.1,,,0.25,0.03,0.05,,,0.483666667,0.039425034,0.066666667,0.005773503,,,,,,,,,,,,,,,,,,,,,,,
002_02,joyw,30.5,9.5,11-05-2014,458,-62.7033,-69.6903,50.81,50.1,-0.678,33.799,0.229394528,0.024303361,0.018647063,0.032194529,0.455993392,0.468861654,,,,,,,,,7.996091667,8.038191667,0.890983333,96.20591667,0.003631667,16.93333333,,,0.27,0.01,0.04,,,0.462,0.020663978,0.066666667,0.005773503,,27.75,0.192,1.864,22.58,,,,,,,,,,,,,,,,,,
003_01,joyw,49.5,21.5,11-06-2014,733,-62.8595,-69.3517,9.954,9.8,-1.6766,33.7517,0.314569136,0.030860601,0.021459496,0.02937859,0.503611509,0.414689803,,,,,,,,,8.20536,8.258755,1.16415,95.79405,0.09625,17,,,0.41,0.01,0.07,,,0.423333333,0.029501412,0.083333333,0.023094011,,27.89,0.221,1.875,29.27,,,,,,,,,,,,,,,,,,
003_01,joyw,53.5,17.5,11-07-2014,730,-62.8595,-69.3517,50.7555,50.7,-1.67495,33.75195,0.301765461,0.023449637,0.000281149,0.027340434,0.519686863,0.429241917,,,,,,,,,8.19707,8.259735,1.13195,95.77315,0.00996,16.95,,,0.4,0.02,0.07,,,0.427666667,0.022030282,0.053333333,0.015275252,,27.84,0.218,1.869,29.26,,,,,,,,,,,,,,,,,,
003_01,joyw,47.5,23.5,11-08-2014,734,-62.8595,-69.3517,3.5915,3.4,-1.68,33.75205,0.33314003,0.039488571,0.021126562,0.013688013,0.561642088,0.364054767,,,,,,,,,8.210475,8.25631,1.1873,95.76375,0.2485,17,,,0.41,0.01,0.07,,,0.411666667,0.018583146,0.096666667,0.06350853,,27.91,0.223,1.88,30.08,,,,,,,,,,,,,,,,,,
003_01,joyw,55.5,15.5,11-09-2014,729,-62.8595,-69.3517,77.465,76.8,-1.6736,33.752,0.329426434,0.020407298,0.018225111,0.018556466,0.572457669,0.370353456,,,,,,,,,8.18334,8.25028,1.1624,95.9227,0.00535,17,,,0.38,0,0.07,,,0.451,0.016703293,0.243333333,0.1530795,,27.87,0.219,1.865,29.2,,,,,,,,,,,,,,,,,,
004_02,joyw,102.5,4.5,11-10-2014,1144,-63.0287,-68.9877,75.22,74.3,-1.62235,33.7881,0.291393501,0.036502053,0.013207023,0.017126963,0.524940191,0.40822377,,,,,,,,,8.18037,8.22363,1.13165,96.19955,2.46,246,,,0.38,0.01,0.08,,,0.522666667,0.009712535,0.066666667,0.005773503,,,,,,,,,,,2126.407,2.025578085,2183.796156,2.080245991,2207.468923,2.080245991,2279.24,14.18456203,2340.753934,14.56738622,2342.117443,14.56738622,2207.468923
004_02,joyw,88.5,18.5,11-11-2014,1151,-63.0287,-68.9877,9.5305,9.3,-1.6910875,33.7658375,0.355224161,0.044667786,0.018663079,0.020235669,0.48929224,0.427141226,,,,,,,,,8.23418625,8.2538175,0.9798875,95.64315,59.0625,250.375,,,0.43,0.01,0.08,,,0.495333333,0.030270998,0.07,0,,27.96,0.207,1.883,29.91,,,,,,2118.933267,4.604389949,2177.551445,4.731765812,2201.816464,4.731765812,2285.43,,2348.654145,,2350.051766,,2201.816464
004_02,joyw,98,9,11-12-2014,1146,-63.0287,-68.9877,50.296,49.9,-1.636128571,33.78038571,0.330731518,0.029326648,0.016255029,0.030922645,0.471219115,0.452276563,,,,,,,,,8.200595714,8.23112,1.310228571,95.95645714,7.905714286,263.1428571,,,0.41,0.01,0.08,,,0.525666667,0.025006666,0.07,0,,28.09,0.207,1.892,29.72,,,,,,2120.12045,5.954192651,2177.842696,6.116301069,2201.723462,6.116301069,2289.96,,2352.306285,,2353.681774,,2201.723462
004_02,joyw,83.5,23.5,11-13-2014,1153,-63.0287,-68.9877,1.8595,1.7,-1.69205,33.76595,0.378977426,0.057930147,0.016357764,0.022028769,0.507098122,0.396585197,,,,,,,,,8.235765,8.252285,0.92025,95.64135,139.5,246,,,0.42,0.02,0.08,,,0.494666667,0.02307235,0.07,0,,,,,,,,,,,2122.48875,0.014354268,2181.205288,0.014751364,2205.470306,0.014751364,2287.9,,2351.192475,,2352.590096,,2205.470306
004_02,joyw,104.5,2.5,11-14-2014,1141,-63.0287,-68.9877,101.28,100.5,-1.6099,33.78995,0.308722368,0.023976027,0.014611584,0.025298884,0.596749957,0.339363548,,,,,,,,,8.161255,8.20832,1.01755,96.2588,0.813,244,,,0.37,0,0.07,,,0.526,0.038105118,0.066666667,0.005773503,,,,,,,,,,,2128.006733,4.032402676,2185.316178,4.140999493,2208.938293,4.140999493,2285.31,,2346.855786,,2348.216377,,2208.938293
004_02,joyw,93.5,13.5,11-15-2014,1149,-63.0287,-68.9877,25.296,24.9,-1.6743,33.7686,0.331359428,0.040103427,0.014408615,0.017976056,0.490666863,0.436845038,,,,,,,,,8.221025,8.24643,1.2432,95.7045,24.45,267.5,,,0.43,0.01,0.08,,,0.51,0.014525839,0.07,0,,,,,,,,,,,2125.90175,1.921562678,2184.531555,1.974557058,2208.721832,1.974557058,2286.81,1.866761902,2349.87746,1.918244943,2351.270777,1.918244943,2208.721832
006_02,joyw,158.5,12.5,11-16-2014,2128,-63.3335,-68.2422,25.593,25.3,-1.6596,33.79645,0.853756713,0.011973647,0.008277799,0.007527575,0.248169327,0.724051652,,,,,,,,,8.221465,8.262075,4.30785,93.906,7.355,146.5,,,1.01,0.03,0.21,,,0.463,,0.06,,,,,,,,,,,,,,,,,,,,,,,,
006_02,joyw,169.5,1.5,11-17-2014,2122,-63.3335,-68.2422,100.5295,99.4,-0.46995,34.0273,0.144164214,0.000136637,9.85E-05,0.000429047,0.186797963,0.812537855,,,,,,,,,6.97923,7.02443,0.32875,97.3726,0.119,170,,,0.19,0.01,0.09,,,,,,,,,,,,,,,,,,,,,,,,,,,,,
006_02,joyw,153,18,11-18-2014,2130.333333,-63.3335,-68.2422,10.34466667,10.2,-1.675833333,33.78014444,0.800720103,0.010902976,0.009261052,0.010189008,0.230399219,0.739247746,,,,,,,,,8.266421111,8.294563333,3.450322222,93.15658889,26.21111111,143.3333333,,,0.94,0.04,0.16,,,0.415,,0.07,,,27.66,0.141,1.858,34.3,,,,,,,,,,,,,,,,,,
006_02,joyw,167.5,3.5,11-19-2014,2124,-63.3335,-68.2422,75.4985,74.9,-1.3838,33.86995,0.259021127,0.041273659,0,0,0.264042889,0.694683452,,,,,,,,,7.75015,7.81289,0.9301,96.80575,0.393,176.5,,,0.34,0.01,0.13,,,0.523,,0.06,,,,,,,,,,,,,,,,,,,,,,,,
006_02,joyw,147.5,23.5,11-20-2014,2132,-63.3335,-68.2422,1.993,2,-1.6758,33.77575,0.809873781,0.012254113,0.009691268,0.005100649,0.27309042,0.699863548,,,,,,,,,8.276405,8.30495,2.69885,93.28155,78.2,148.5,,,0.96,0.03,0.15,,,0.42,,0.07,,,,,,,,,,,,,,,,,,,,,,,,
008_03,joyw,220.5,10.5,11-21-2014,656,-63.6478,-67.5752,51.6855,51.2,-1.6123,33.82553333,1.036571851,0.00939776,0.005266871,0.015459079,0.183296088,0.786580202,,,,,,,,,8.164618333,8.20846,4.69315,92.98405,1.00E-12,15.11666667,,,1.27,0.03,0.18,,,0.414333333,0.023965253,0.05,0.01,,27.81,0.117,1.866,35.68,,,,,,,,,,,,,,,,,,
008_03,joyw,226.5,4.5,11-22-2014,652,-63.6478,-67.5752,102.6715,101.6,-0.02855,34.09295,0.08919371,0,0,0,0.105209711,0.894790289,,,,,,,,,6.53528,6.56636,0.326,97.79635,1.00E-12,15.15,,,0.14,0.01,0.07,,,0.5715,0.045961941,0.25,0.268700577,,,,,,,,,,,,,,,,,,,,,,,
008_03,joyw,212,19,11-23-2014,659,-63.6478,-67.5752,10.22542857,10.1,-1.695914286,33.77445714,0.882252152,0.01993685,0.009403328,0.008241142,0.232890993,0.729527687,,,,,,,,,8.213672857,8.236731429,4.154285714,93.22728571,1.00E-12,15.18571429,,,1.14,0.04,0.17,,,0.382333333,0.02454248,0.06,0,,27.62,0.14,1.882,35.08,,,,,,,,,,,,,,,,,,
008_03,joyw,207.5,23.5,11-24-2014,701,-63.6478,-67.5752,1.802,1.8,-1.69425,33.7733,1.009654887,0.014784583,0.0081676,0.011631051,0.266175439,0.699241327,,,,,,,,,8.219145,8.247375,3.92025,93.0138,1.00E-12,15.1,,,1.17,0.04,0.19,,,0.364666667,0.012701706,0.06,0,,,,,,,,,,,,,,,,,,,,,,,
008_03,joyw,224.5,6.5,11-25-2014,654,-63.6478,-67.5752,76.5615,75.8,-1.48875,33.8544,0.820152181,0.013234496,0,0,0.174165813,0.81259969,,,,,,,,,7.89532,7.952675,3.7406,94.78705,1.00E-12,15.2,,,0.98,0.02,0.2,,,0.5,,0.06,,,,,,,,,,,,,,,,,,,,,,,,
008_03,joyw,216.5,14.5,11-26-2014,657.5,-63.6478,-67.5752,25.8905,25.6,-1.6603,33.78755,0.981618277,0.011367449,0.010580153,0.010587017,0.259744233,0.707721147,,,,,,,,,8.198525,8.244,4.36065,93.08005,1.00E-12,15.15,,,1.15,0.09,0.07,,,0.393666667,0.020428738,0.053333333,0.011547005,,,,,,,,,,,,,,,,,,,,,,,
010_01,joyw,245.5,23.5,11-27-2014,1207,-63.9673,-66.8675,2.0065,2,-1.80315,33.85315,1.507715424,0.022556458,0.003985402,0.008917168,0.126613872,0.8379271,,,,,,,,,8.26311,8.297605,3.8593,91.20195,289.5,572,,,2.05,0.12,0.27,,,0.464,0.033045423,0.06,0,,,,,,,,,,,2128.899,2.010587422,2182.151032,2.060880021,2204.091541,2.060880021,2298.34,,2355.830409,,2357.094142,,2182.151032
010_01,joyw,251,18,11-28-2014,1205,-63.9673,-66.8675,9.627666667,9.5,-1.807988889,33.85194444,1.492071441,0.021358853,0.002866136,0.007567477,0.110373099,0.857834434,,,,,,,,,8.26076,8.294222222,5.543733333,90.92818889,90.32222222,608.1111111,,,1.95,0.02,0.35,,,0.421,0.01473092,0.06,0,,27.14,0.102,1.864,46.38,,,,,,2132.549567,2.505334679,2185.963942,2.568086274,2207.933666,2.568086274,2296.99,,2354.523146,,2355.788563,,2185.963942
010_01,joyw,265.5,3.5,11-29-2014,1159,-63.9673,-66.8675,80.513,79.7,-0.89425,34.09775,0.436134204,0.000391213,0.000409257,0.001798802,0.10641814,0.890982587,,,,,,,,,6.676955,6.683625,1.5573,96.04745,0.2075,585.5,,,0.67,0.04,0.26,,,0.464,0.043863424,0.053333333,0.023094011,,,,,,,,,,,2160.96705,0.907005868,2199.209207,0.923056951,2214.73164,0.923056951,2314.2,,2355.153886,,2356.04795,,2199.209207
010_01,joyw,256.5,12.5,11-30-2014,1203,-63.9673,-66.8675,25.3595,25.1,-1.8037,33.8577,1.553048163,0.015844471,0.003552814,0.009949176,0.134117585,0.836535954,,,,,,,,,8.23589,8.274525,6.4996,90.87885,18.45,661.5,,,1.92,0.07,0.35,,,0.49,0.00781025,0.063333333,0.005773503,,,,,,,,,,,2134.216033,3.075321187,2187.310312,3.15182795,2209.131326,3.15182795,2296.7,,2353.836498,,2355.093349,,2187.310312
010_01,joyw,267.5,1.5,12-01-2014,1156,-63.9673,-66.8675,112.2225,111.1,0.39625,34.3072,0.147162334,0.000628923,0.000452038,0.00195482,0.111317533,0.885646685,,,,,,,,,5.30092,5.31253,0.26915,97.66095,0.0373,524.5,,,0.18,0.01,0.12,,,,,,,,,,,,,,,,,2181.6356,2.509663388,2206.620651,2.538405157,2216.665966,2.538405157,2326.38,,2353.022727,,2353.601319,,2206.620651
010_01,joyw,261,8,12-02-2014,1201,-63.9673,-66.8675,41.53728571,41.1,-1.785642857,33.89888571,0.751021138,0.02205534,0.000480396,0.00760506,0.2000972,0.769762004,,,,,,,,,7.921907143,7.962697143,2.764,94.22295714,3.374285714,625.7142857,,,0.9,0.03,0.26,,,0.541,0.027221315,0.063333333,0.005773503,,28.46,0.13,1.964,48.06,,,,,,2141.517133,1.600403738,2192.035012,1.63815688,2212.726377,1.63815688,2301.15,,2355.43358,,2356.625365,,2192.035012
016_02,joyw,399.5,12.5,12-03-2014,1135,-64.4192,-65.7108,25.5505,25.3,-1.81215,33.82105,0.326332822,0.221757525,0.046650287,0.109919954,0.330986161,0.290686073,,,,,,,,,7.959415,7.989695,0.4957,96.64425,49.5,560.5,,,0.3,0.01,0.1,,,0.635,0.020880613,0.07,0,,,,,,,,,,,2144.449575,3.506260579,2200.170315,3.597366211,2222.961485,3.597366211,2296.17,,2355.832998,,2357.145728,,2222.961485
016_02,joyw,394,18,12-04-2014,1136.888889,-64.4192,-65.7108,9.986888889,9.9,-1.815766667,33.81867778,0.318705213,0.241585741,0.04170439,0.095831444,0.258105327,0.362773098,0.913497427,2.81E-05,1.94E-05,0,0.08645506,0,,,7.966551111,7.993218889,0.466088889,96.63498889,98.7,462.7777778,,,0.29,0.01,0.1,,,0.65,0.025238859,0.063333333,0.005773503,,28.31,0.179,1.912,62.71,,,,,,2144.860533,1.47071991,2200.767642,1.509055129,2223.63066,1.509055129,2296.46,,2356.318642,,2357.635511,,2223.63066
016_02,joyw,404,8,12-05-2014,1132,-64.4192,-65.7108,60.78171429,60.2,-1.819757143,33.87807143,0.161874196,0.148894615,0.00016602,0.090234505,0.173777469,0.58692739,,,,,,,,,7.838305714,7.873282857,0.373114286,97.30902857,6.052857143,418.2857143,,,0.18,0,0.07,,,0.628,,0.1,,,29.1,0.18,1.949,59.17,,,,,,2143.150267,6.168167995,2195.124748,6.317754954,2216.396493,6.317754954,2300.4,,2356.188014,,2357.413228,,2216.396493
016_02,joyw,410.5,1.5,12-06-2014,1128,-64.4192,-65.7108,102.4105,101.5,-1.6883,33.9545,0.111008851,0.193083415,0.000138998,0.056318731,0.31519403,0.435264826,,,,,,,,,7.5329,7.57852,0.28145,97.8512,0.643,269,,,0.11,0,0.07,,,,,,,,,,,,,,,,,2153.5066,2.472186728,2200.808119,2.526488018,2220.074247,2.526488018,2305.32,,2355.956082,,2357.065776,,2200.808119
016_02,joyw,388.5,23.5,12-07-2014,1139,-64.4192,-65.7108,2.093,2.1,-1.8071,33.81835,0.289536433,0.245335711,0.03991899,0.10947428,0.252751053,0.352519966,,,,,,,,,7.964615,7.99319,0.38005,96.615,221.5,441.5,,,0.3,0,0.11,,,0.6155,0.10535891,0.065,0.007071068,,,,,,,,,,,2134.449133,9.016589445,2190.097815,9.251667107,2212.966155,9.251667107,2299.33,,2359.277403,,2360.594578,,2212.966155
018_02,joyw,467,7,12-08-2014,1815,-64.7245,-64.9085,50.3324,49.9,-1.78678,33.824,0.225408977,0.115245983,0.00810638,0.060821292,0.366850424,0.448975921,,,,,,,,,7.86709,7.905636,0.48136,96.8417,30.28,1410,,,0.22,0,0.09,,,0.6155,0.020506097,0.07,0,,28.97,0.157,1.954,68.48,,,,,,,,,,,,,,,,,,
018_02,joyw,457,17,12-09-2014,1818.272727,-64.7245,-64.9085,9.732090909,9.7,-1.802572727,33.80466364,0.314654821,0.151679018,0.021675047,0.105627535,0.265781095,0.455237305,,,,,,,,,7.84796,7.879117273,0.381872727,96.59844545,314,1383.636364,,,0.3,0.01,0.09,,,0.588,,0.07,,,28.41,0.167,1.921,66.38,,,,,,,,,,,,,,,,,,
018_02,joyw,472.5,1.5,12-10-2014,1811,-64.7245,-64.9085,101.2405,100.4,-0.6457,34.18505,0.071554985,0.144119671,0,0,0.410910071,0.444970258,,,,,,,,,6.410015,6.441325,0.18635,97.7074,2.755,1410,,,0.08,0,0.04,,,,,,,,,,,,,,,,,,,,,,,,,,,,,
018_02,joyw,470.5,3.5,12-11-2014,1813,-64.7245,-64.9085,81.053,80.5,-1.50555,34.0004,0.110124066,0.151095538,0,0,0.387498799,0.461405663,,,,,,,,,7.44537,7.48818,0.2937,97.73325,6.59,1410,,,0.11,0,0.06,,,0.619,0.026907248,0.273333333,0.360878558,,,,,,,,,,,,,,,,,,,,,,,
018_02,joyw,450.5,23.5,12-12-2014,1819.5,-64.7245,-64.9085,1.8815,1.9,-1.80575,33.80675,0.308163421,0.15934079,0.023384295,0.098656913,0.297116552,0.421501449,,,,,,,,,7.85157,7.88122,0.2771,96.66145,729,1380,,,0.3,0,0.1,,,0.621,0.04095119,0.07,0,,,,,,,,,,,,,,,,,,,,,,,
018_02,joyw,463.5,10.5,12-13-2014,1817,-64.7245,-64.9085,25.0065,24.8,-1.8097,33.8091,0.306426545,0.143979164,0.021425533,0.104760775,0.277330256,0.452504272,,,,,,,,,7.844915,7.879145,0.4552,96.7048,120.5,1400,,,0.3,0,0.1,,,0.627666667,0.020526406,0.07,0,,,,,,,,,,,,,,,,,,,,,,,
020_02,joyw,516.5,7.5,12-14-2014,125,-64.9957,-64.3412,80.453,79.7,-0.2489,34.1279,0.020644731,0.001414381,0.001460918,0.006133199,0.633197157,0.357794345,,,,,,,,,5.252385,5.263835,0.0462,97.25095,0.004985,14.25,,,0.02,0,0.01,,,,,,,,,,,,,,,,,,,,,,,,,,,,,
020_02,joyw,518.5,5.5,12-15-2014,124,-64.9957,-64.3412,102.3805,101.3,0.24605,34.31395,0.036581081,0.000420311,0.00030083,0.001287368,0.637100633,0.360890857,,,,,,,,,5.08701,5.11177,0.10215,97.36375,0.00368,13.2,,,0.04,0,0.02,,,,,,,,,,,,,,,,,,,,,,,,,,,,,
020_02,joyw,504.5,19.5,12-16-2014,129.375,-64.9957,-64.3412,9.785625,9.7,-1.6589,33.649425,0.128085517,0.002144515,0.001204594,0.048044399,0.460535579,0.488070914,,,,,,,,,7.375845,7.4066975,0.264325,97.0938125,0.0781625,13.075,,,0.17,0.005,0.02,,,0.569666667,0.030334662,0.071666667,0.027567997,,28.87,0.063,1.959,71.38,,,,,,,,,,,,,,,,,,
020_02,joyw,513,11,12-17-2014,126.4,-64.9957,-64.3412,50.795,50.3,-1.19634,33.90096,0.02339976,0.000854483,0.000881571,0.003703755,0.410076917,0.584483275,,,,,,,,,6.635504,6.668038,0.06514,97.69492,0.010022,13.14,,,0.03,0,0.01,,,,,,,,31.19,0.009,2.118,79.19,,,,,,,,,,,,,,,,,,
020_02,joyw,500,24,12-18-2014,131,-64.9957,-64.3412,1.949,1.9,-1.6565,33.6496,0.130298829,0.19270105,0.000470139,0.042652513,0.388675268,0.375501031,,,,,,,,,7.38081,7.40523,0.2903,97.0934,0.29,12.9,,,,,,,,,,,,,,,,,,,,,,,,,,,,,,,,,,
021_02,joyw,536.5,23.5,12-19-2014,1213,-64.5045,-62.366,2.0195,2,-0.45615,34.08675,0.272554171,0.135667625,0.000104974,0.053796455,0.427160794,0.383270151,,,,,,,,,6.31634,6.336915,0.0953,95.4579,1655,2190,,,0.3,0.02,0.05,,,0.502666667,0.050639247,0.116666667,0.037859389,,,,,,,,,,,2169.001833,1.837841022,2208.027284,1.87090811,2223.808977,1.87090811,2316.71,,2358.393068,,2359.302065,,2223.808977
021_02,joyw,552,8,12-20-2014,1207,-64.5045,-62.366,50.53457143,50,-0.470285714,34.09978571,0.264628568,0.103684901,0.000186541,0.042554436,0.38557539,0.467998732,,,,,,,,,6.307218571,6.33073,0.488885714,95.7981,35.58571429,1444.285714,,,0.28,0.01,0.06,,,0.585333333,0.014153916,0.063333333,0.005773503,,31.39,0.143,2.143,86.07,,,,,,2168.4682,0,2206.623066,0,2222.056496,0,2320.63,,2361.462199,,2362.351137,,2222.056496
021_02,joyw,558,2,12-21-2014,1203,-64.5045,-62.366,100.874,99.9,-0.0365,34.2933,0.176408819,0.072618792,0,0,0.573756113,0.353625095,,,,,,,,,5.69443,5.71401,0.3101,96.7061,3.24,2120,,,0.16,0,0.05,,,0.5295,0.028991378,0.345,0.247487373,,,,,,,,,,,2168.8579,7.981407512,2194.579382,8.07606269,2204.981709,8.07606269,2329.19,,2356.812934,,2357.412089,,2194.579382
021_02,joyw,547.5,12.5,12-22-2014,1209,-64.5045,-62.366,24.757,24.6,-0.47445,34.091,0.252244428,0.137910457,5.54E-05,0.04323118,0.416377709,0.402425276,,,,,,,,,6.26022,6.281235,0.2194,95.6557,221,2210,,,0.28,0.01,0.07,,,0.601666667,0.038759945,0.1,0.036055513,,,,,,,,,,,2168.6172,5.128817937,2207.331375,5.220377644,2222.989966,5.220377644,2319.4,,2360.805951,,2361.707858,,2222.989966
021_02,joyw,542,18,12-23-2014,1211,-64.5045,-62.366,10.16277778,10.1,-0.467,34.08941111,0.253134267,0.138602186,2.37E-05,0.047309709,0.398010294,0.416054152,,,,,,,,,6.311044444,6.326796667,0.105466667,95.45842222,524.4444444,2044.444444,,,0.28,0.01,0.06,,,0.539333333,0.0567656,0.07,0.01,,31.63,0.066,2.191,86.66,,,,,,2171.8771,1.222139779,2210.81808,1.244052309,2226.544766,1.244052309,2319.42,,2361.006372,,2361.9122,,2226.544766
021_02,joyw,556.5,3.5,12-24-2014,1205,-64.5045,-62.366,75.4965,74.7,-0.23775,34.19925,0.219318153,0.070131121,0.000124077,0.015850339,0.473371931,0.440522533,,,,,,,,,6.061195,6.08493,0.39965,96.2784,11.75,2230,,,0.24,0.01,0.06,,,0.573333333,0.037819748,0.076666667,0.028867513,,,,,,,,,,,2163.643233,7.7255247,2195.320378,7.838631408,2208.162179,7.838631408,2327.17,,2361.241283,,2361.980947,,2195.320378
021_02,joyw,559,1,12-25-2014,1200,-64.5045,-62.366,191.934,190,-0.1754,34.4556,0.063273827,0.092370042,0,0,0.584319213,0.323310745,,,,,,,,,5.66227,5.69596,0.1844,96.8303,0.0642,2020,,,0.07,0,0.02,,,,,,,,,,,,,,,,,2189.042433,3.107139853,2204.56972,3.129179375,2210.79139,3.129179375,2341.38,,2357.987845,,2358.346202,,2204.56972
023_02,joyw,606.5,3.5,12-26-2014,1929,-64.1923,-63.188,75.8305,76.4,0.11325,34.37785,0.070014838,0.114617203,0,0,0.276119273,0.609263524,,,,,,,,,5.480095,5.510155,0.1792,97.9365,0.8525,168.5,,,0.08,0,0.03,,,0.6075,0.07566,0.1,0.042426,,,,,,,,,,,,,,,,,,,,,,,
023_02,joyw,602.5,7.5,12-27-2014,1931,-64.1923,-63.188,40.675,40.3,-0.96125,34.04341667,0.347860675,0.061572634,0,0.301580609,0.237446861,0.399399896,,,,,,,,,7.116895,7.148351667,0.793733333,95.19038333,5.206666667,171.3333333,,,0.45,0.01,0.07,,,0.623666667,0.044286943,0.066666667,0.005773503,,30.77,0.123,2.136,78.1,,,,,,,,,,,,,,,,,,
023_02,joyw,608.5,1.5,12-28-2014,1927,-64.1923,-63.188,100.6115,100.4,0.42305,34.4381,0.06719676,0.040237376,0.00057716,0.047677003,0.506670947,0.404837515,,,,,,,,,5.145465,5.159825,0.07525,98.1591,0.3065,168.5,,,0.04,0.01,0.02,,,,,,,,,,,,,,,,,,,,,,,,,,,,,
023_02,joyw,598.5,11.5,12-29-2014,1933,-64.1923,-63.188,25.9955,25.9,-0.98365,34.01525,0.420402162,0.060834147,0,0.356341325,0.22861608,0.354208448,,,,,,,,,7.30169,7.34121,0.74755,94.87965,14.2,176,,,0.45,0.01,0.06,,,0.596666667,0.033171273,0.066666667,0.005773503,,,,,,,,,,,,,,,,,,,,,,,
023_02,joyw,592.5,17.5,12-30-2014,1934.5,-64.1923,-63.188,10.1654,9.8,-1.35548,33.93344,0.370922862,0.049813778,0,0.468743198,0.174776333,0.306666691,,,,,,,,,7.700676,7.730269,0.65975,95.67138,38.13,173.9,,,0.43,0.01,0.03,,,0.579333333,0.03092464,0.066666667,0.005773503,,29.8,0.15,2.029,73.8,,,,,,,,,,,,,,,,,,
023_02,joyw,586.5,23.5,12-31-2014,1936,-64.1923,-63.188,1.707,1.7,-1.31755,33.9261,0.403125897,0.046840848,0,0.511590795,0.165618761,0.275949596,,,,,,,,,7.70327,7.72807,0.5414,95.727,85.95,164,,,0.43,0,0.03,,,0.540333333,0.004041452,0.06,0,,,,,,,,,,,,,,,,,,,,,,,
025_01,joyw,632.5,23.5,01-01-2015,229,-63.9075,-63.9763,2.016,2.1,-1.77815,33.8118,0.295785303,0.159493698,0.013194401,0.183614866,0.258527791,0.385169244,,,,,,,,,8.027495,8.04794,0.82175,96.50985,0.1675,14.85,,,0.41,0.02,0.06,,,0.58,0.06363961,0.063333333,0.005773503,,,,,,,,,,,,,,,,,,,,,,,
025_01,joyw,652.5,3.5,01-02-2015,224,-63.9075,-63.9763,76.537,76.3,-1.7306,33.8931,0.266694765,0.101358304,0.000102078,0.085826611,0.302378991,0.510334016,,,,,,,,,7.80917,7.831665,0.54315,97.484,0.002595,15.2,,,0.32,0.01,0.06,,,0.651,0.01979899,0.05,0.014142136,,,,,,,,,,,,,,,,,,,,,,,
025_01,joyw,638,18,01-03-2015,228,-63.9075,-63.9763,10.15233333,10,-1.776977778,33.81452222,0.406679523,0.13555018,0.019123759,0.195912045,0.252272305,0.397141712,,,,,,,,,8.024255556,8.053771111,0.770833333,96.47116667,0.038155556,15.1,,,0.49,0.01,0.05,,,0.6305,0.009192388,0.06,0,,28.4,0.182,1.918,64.36,,,,,,,,,,,,,,,,,,
027_02,joyw,725,8,01-04-2015,1113.571429,-63.6082,-64.7477,50.33442857,50.4,-1.795671429,33.84968571,0.421113377,0.130367395,0.017958897,0.09480698,0.202606733,0.554259994,,,,,,,,,7.994518571,8.030702857,0.796871429,96.41061429,18.28571429,1625.714286,,,0.44,0.01,0.11,,,0.655666667,0.028571548,0.06,0,,28.65,0.177,1.949,65.76,,,,,,2145.536567,3.479970055,2199.425665,3.567375905,2221.45648,3.567375905,,,,,,,2221.45648
027_02,joyw,709,24,01-05-2015,1120,-63.6082,-64.7477,1.79,1.8,-1.7742,33.8309,0.421010253,0.161162132,0.027641532,0.142455074,0.208174894,0.460566368,,,,,,,,,8.0473,8.0793,0.231,95.8329,142,1710,,,0.44,0.01,0.1,,,0.567,0.020952327,0.063333333,0.005773503,,,,,,,,,,,,,,,,,,,,,,,
027_02,joyw,729.5,3.5,01-06-2015,1111,-63.6082,-64.7477,76.1415,75,-1.74675,33.8776,0.322096448,0.106242646,0,0.068151809,0.262213064,0.563392482,,,,,,,,,7.87729,7.92182,0.58265,97.2043,4.735,1580,,,0.35,0.01,0.08,,,0.6825,0.02192031,0.06,0,,,,,,,,,,,2147.936867,1.915771976,2200.092371,1.962290127,2221.390635,1.962290127,2304.98,,2360.948774,,2362.175516,,2221.390635
027_02,joyw,715,18,01-07-2015,1117.333333,-63.6082,-64.7477,10.61277778,10.4,-1.787233333,33.83075556,0.435521504,0.146166707,0.030803264,0.152853902,0.192006557,0.47816957,,,,,,,,,8.045,8.079621111,0.309555556,95.90344444,62.38888889,1707.777778,,,0.44,0.02,0.09,,,0.547,0.038509739,0.066666667,0.005773503,,28.47,0.182,1.953,65.55,,,,,,2131.171133,7.411745636,2185.932846,7.602194858,2208.471308,7.602194858,2300.75,,2359.869143,,2361.167317,,2208.471308
027_02,joyw,731.5,1.5,01-08-2015,1110,-63.6082,-64.7477,100.7095,100.4,-1.0343,34.08295,0.149914152,0.177436296,0,0.023991012,0.448041382,0.350531311,,,,,,,,,6.87319,6.914285,0.3914,98.16905,1.53,1480,,,0.17,0.01,0.08,,,,,,,,,,,,,,,,,2153.61255,0.478923423,2192.8629,0.487651972,2208.848964,0.487651972,2317.3,,2359.533612,,2360.45438,,2208.848964
027_02,joyw,720.5,12.5,01-09-2015,1116,-63.6082,-64.7477,25.0545,24.7,-1.7877,33.8306,0.434337548,0.155986455,0.02893421,0.147121013,0.195017141,0.472941182,,,,,,,,,8.0391,8.07195,0.5511,95.90005,38.7,1660,,,0.46,0.01,0.09,,,0.583666667,0.01747379,0.063333333,0.005773503,,,,,,,,,,,2144.70525,1.432810471,2199.821232,1.469631734,2222.362353,1.469631734,2300.43,,2359.547895,,2360.846222,,2222.362353
036_01,joyw,919.5,12.5,01-10-2015,1147,-63.148,-65.854,25.874,25.7,-1.72265,33.84245,0.50376222,0.001521259,0.000508381,0.013342531,0.230441733,0.754186097,,,,,,,,,8.09945,8.131935,2.18825,94.63565,1.00E-12,789,,,0.77,0.05,0.15,,,0.511333333,0.012423097,0.066666667,0.005773503,,,,,,,,,,,2129.75815,2.93739228,2183.734788,3.011837615,2205.964872,3.011837615,2294.27,,2352.41603,,2353.696442,,2205.964872
036_01,joyw,908.5,23.5,01-11-2015,1151,-63.148,-65.854,3.401,3.3,-1.73225,33.8322,0.642595159,0.025567223,0.00025334,0.013594655,0.200115128,0.760469653,,,,,,,,,8.128995,8.155495,1.4776,94.56285,1.00E-12,783,,,0.87,0.03,0.16,,,0.47,0.011313708,0.065,0.007071068,,,,,,,,,,,2128.479167,1.068772386,2183.068461,1.096183286,2205.564375,1.096183286,2294.43,,2353.27545,,2354.571174,,2205.564375
036_01,joyw,914,18,01-12-2015,1149,-63.148,-65.854,10.47422222,10.3,-1.739355556,33.8349,0.630599664,0.011052069,0.000232261,0.012256688,0.213608614,0.762850368,,,,,,,,,8.126612222,8.153341111,1.779411111,94.85264444,1.00E-12,779.7777778,,,0.93,0.04,0.13,,,0.509333333,0.007234178,0.07,0,1,27.41,0.11,1.933,45.95,,,,,,2126.5311,0.493560533,2180.90283,0.506180024,2203.329614,0.506180024,2299,,2357.781462,,2359.073204,,2203.329614
036_01,joyw,930.5,1.5,01-13-2015,1138,-63.148,-65.854,102.886,102,0.5156,34.2633,0.060151125,0,0,0,0.224159299,0.775840701,,,,,,,,,5.468755,5.49842,0.23335,98.2087,1.00E-12,1180,,,0.08,0,0.03,,,,,,,,,,,,,,,,,2174.198767,2.934023422,2201.941966,2.971462133,2213.134358,2.971462133,2319.06,,2348.651657,,2349.296319,,2201.941966
036_01,joyw,924,8,01-14-2015,1144.857143,-63.148,-65.854,55.84771429,55.5,-1.055728571,33.98222857,0.144927095,0.000413834,0.000427572,0.01964587,0.268447492,0.711065231,,,,,,,,,7.185458571,7.212458571,0.482671429,97.67627143,1.00E-12,829.4285714,,,0.23,0.01,0.08,,,0.646,0.037242449,0.076666667,0.028867513,,18.68,0.063,1.7,50,,,,,,2147.67225,3.502653441,2193.075873,3.576702521,2211.619218,3.576702521,2307.09,,2355.86385,,2356.931913,,2211.619218
036_01,joyw,928.5,3.5,01-15-2015,1140,-63.148,-65.854,75.37,74.5,-0.194,34.1466,0.08883588,0.003958722,0.000178268,0.000681696,0.199286211,0.795895102,,,,,,,,,6.19709,6.235305,0.2162,98.11,1.00E-12,1010,,,0.16,0.03,0.05,,,0.646,0.037242449,0.076666667,0.028867513,,,,,,,,,,,2157.28475,3.492612524,2192.240563,3.549205475,2206.453293,3.549205475,2317.71,,2355.265282,,2356.083909,,2206.453293
038_01,joyw,969,23,01-16-2015,41,-62.852,-66.5677,2.231,2.2,-1.5048,33.8736,0.198973291,0.097118595,0.017640232,0.1783261,0.083610976,0.623304096,,,,,,,,,8.07114,8.09237,0.4691,96.1205,1.00E-12,22.7,,,0.2,0.01,0.04,,,0.609333333,0.101657923,0.06,0,,28.13,0.133,1.944,46.25,,,,,,,,,,,,,,,,,,
038_01,joyw,985,7,01-17-2015,35,-62.852,-66.5677,100.621,99.6,-0.907,34.0519,0.124645295,0.039033356,0,0,0.005717678,0.955248966,,,,,,,,,6.86147,6.88225,0.3927,97.7645,1.00E-12,26.4,,,0.14,0,0.05,,,,,,,,31.3,0.099,2.144,56.23,,,,,,,,,,,,,,,,,,
038_01,joyw,973,19,01-18-2015,40,-62.852,-66.5677,10.12128571,10,-1.504785714,33.8737,0.156656529,0.098767188,0.000208551,0.178823639,0.082475917,0.639724705,,,,,,,,,8.069441429,8.094034286,0.510928571,96.11127143,1.00E-12,22.75714286,,,0.2,0.01,0.05,,,0.579,0.151320851,0.06,0,,28.06,0.133,1.937,46.13,,,,,,,,,,,,,,,,,,
038_01,joyw,981,11,01-19-2015,37.8,-62.852,-66.5677,49.8974,49,-1.57232,33.87584,0.181098754,0.05844546,0.001279276,0.156370815,0.193388144,0.590516305,,,,,,,,,8.044588,8.07917,0.5259,96.08346,1.00E-12,24.6,,,0.22,0.01,0.04,,,0.518333333,0.05096404,0.053333333,0.011547005,,28.14,0.129,1.955,46.22,,,,,,,,,,,,,,,,,,
038_01,joyw,984,8,01-20-2015,36,-62.852,-66.5677,76.196,75.4,-1.5764,33.8783,0.2066189,0.044504691,0.000178749,0.114917208,0.090706794,0.749692558,,,,,,,,,7.98985,8.02786,0.4627,96.2927,1.00E-12,25,,,0.23,0.01,0.05,,,0.580666667,0.037634204,0.06,0,,28.19,0.127,1.962,,,,,,,,,,,,,,,,,,,
040_01,joyw,1039.5,13.5,01-21-2015,549,-62.5408,-67.278,100.8595,99.8,-0.8482,33.9563,0.343116777,0,0,0,0.138606106,0.861393894,,,,,,,,,7.34766,7.36885,1.19315,96.75985,1.00E-12,17,,,0.39,0.02,0.23,,,0.6065,0.044547727,0.07,0,,30.17,0.097,2.067,39.35,,,,,,,,,,,,,,,,,,
040_01,joyw,1033,20,01-22-2015,554,-62.5408,-67.278,24.60333333,24.6,-1.616233333,33.7383,0.939764023,0.000326366,0.002854317,0,0.133991874,0.862827444,,,,,,,,,8.452316667,8.4785,8.5617,90.5776,1.00E-12,17,,,1.57,0.02,0.3,,,0.352666667,0.002309401,0.053333333,0.011547005,,26.36,0.072,1.789,34.36,,,,,,,,,,,,,,,,,,
040_01,joyw,1035.5,17.5,01-23-2015,552,-62.5408,-67.278,50.4625,50.4,-1.632,33.768,1.030555644,0.016890413,0.004305247,0,0.15134585,0.82745849,,,,,,,,,8.338815,8.366645,5.733,92.24815,1.00E-12,16.5,,,1.34,0.02,0.32,,,0.38,0.036055513,0.046666667,0.011547005,,26.78,0.076,1.816,34.71,,,,,,,,,,,,,,,,,,
040_01,joyw,1029,24,01-24-2015,556,-62.5408,-67.278,2.695,2.7,-1.642,33.6954,0.886982807,0.000299996,0.006218633,0.009832683,0.169760561,0.813888126,,,,,,,,,8.50236,8.5221,6.7017,90.5465,1.00E-12,15.7,,,1.22,0.03,0.23,,,0.330333333,0.018556221,0.046666667,0.011547005,,26.13,0.076,1.783,34.37,,,,,,,,,,,,,,,,,,
040_01,joyw,1037.5,15.5,01-25-2015,550,-62.5408,-67.278,75.11,73.9,-1.6133,33.7926,0.625977322,0,0,0,0.163509914,0.836490086,,,,,,,,,8.231625,8.271525,4.05535,93.2356,1.00E-12,16,,,1.16,0.06,0.32,,,0.429,0.025119713,0.053333333,0.011547005,,27.15,0.091,1.853,34.57,,,,,,,,,,,,,,,,,,
040_01,joyw,1030.5,22.5,01-26-2015,555,-62.5408,-67.278,9.905,10.1,-1.6421,33.69755,1.154378723,0.051586147,0.005986375,0.012077398,0.247977861,0.682372219,,,,,,,,,8.508565,8.530935,6.07075,90.38755,1.00E-12,16.1,,,1.31,0.03,0.24,,,0.3,0.009165151,0.04,0,,26.02,0.079,1.772,34.18,,,,,,,,,,,,,,,,,,
042_01,joyw,1109,7,01-27-2015,1145,-62.2297,-67.975,101.492,100.5,-1.6422,33.7744,0.322629403,0.015201214,0,0.013053242,0.624578456,0.347167087,,,,,,,,,8.18529,8.23171,1.0759,96.8366,0.403,278,,,0.2,0.01,0.05,,,,,,,,27.85,0.209,1.868,29.74,,,,,,2128.0615,1.980323251,2186.381817,2.034594747,2210.419981,2.034594747,2288.38,,2351.093905,,2352.47846,,2210.419981
042_01,joyw,1092,24,01-28-2015,1154,-62.2297,-67.975,1.909,1.9,-1.5576,33.7499,0.404280616,0.027786591,0.019869293,0.01541595,0.527102342,0.409825824,,,,,,,,,8.3076,8.32128,1.3891,95.0307,106,202,,,0.31,0.01,0.06,,,0.507,,0.07,,,27.39,0.202,1.836,30.66,,,,,,2126.379133,5.10818217,2186.239246,5.2519836,2210.931595,5.2519836,2287.91,,2352.317399,,2353.739634,,2210.931595
042_01,joyw,1102,14,01-29-2015,1151,-62.2297,-67.975,26.107,25.9,-1.5743,33.7519,0.452787363,0.035945275,0.012565999,0.015986624,0.552720819,0.382781283,,,,,,,,,8.29492,8.32261,1.9019,94.87,15.1,214,,,0.3,0,0.05,,,0.499666667,0.059180515,0.07,0,,27.45,0.204,1.852,29.58,,,,,,2121.3256,5.458581508,2180.91421,5.611914539,2205.55312,5.611914539,2285.04,,2349.227392,,2350.646548,,2205.55312
042_01,joyw,1097,19,01-30-2015,1152.777778,-62.2297,-67.975,10.48688889,10.4,-1.557555556,33.7499,0.299735401,0.001120927,0.000240656,0.001085511,0.685461943,0.312090964,,,,,,,,,8.305582222,8.32902,1.637988889,95.0127,40.3,198.8888889,,,0.32,0.02,0.05,,,0.496,0.023259407,0.07,0,2,27.42,0.211,1.83,29.58,,,,,,2125.141,2.980737925,2184.966258,3.064649259,2209.658607,3.064649259,2288.65,,2353.078231,,2354.500466,,2209.658607
042_01,joyw,1108,8,01-31-2015,1147,-62.2297,-67.975,75.601,74.9,-1.6526,33.7606,0.408394645,0.012228268,0.011475835,0.014912383,0.546224988,0.415158526,,,,,,,,,8.24177,8.27395,1.7332,95.8961,1.37,272,,,0.3,0.01,0.06,,,,,,,,27.67,0.204,1.867,29.57,,,,,,2122.2352,0.033974255,2181.287105,0.0349196,2205.693632,0.0349196,2286.21,,2349.824559,,2351.23033,,2205.693632
042_01,joyw,1105,11,02-01-2015,1149,-62.2297,-67.975,50.9668,50.7,-1.63686,33.7552,0.511410987,0.011624308,0.014120511,0.016072447,0.538368087,0.419814647,,,,,,,,,8.273914,8.30519,2.11904,95.24396,4.79,252.6,,,0.34,0.02,0.06,,,,,,,,27.53,0.202,1.864,29.53,,,,,,2120.1651,,2179.508016,,2204.058767,,2285.79,,2349.768717,,2351.182796,,2204.058767
044_01,joyw,1271,6,02-02-2015,418,-65.0573,-75.8043,151.961,150.4,-0.6824,33.9845,0.158379211,0.091701107,0.000302474,0.001344752,0.567537751,0.339113916,,,,,,,,,7.25156,7.29674,0.1828,98.239,1.00E-12,15.2,,,0.1,0,0.04,,,0.553333333,0.1085096,0.066666667,0.025166115,,30.26,0.124,2.044,37.82,,,,,,,,,,,,,,,,,,
044_01,joyw,1266,11,02-03-2015,423,-65.0573,-75.8043,50.5122,49.5,-1.61212,33.83846,0.31133525,0.04538064,0.023131794,0.02277431,0.49345067,0.415262586,,,,,,,,,8.125434,8.148156,0.97682,96.80734,1.00E-12,16.84,,,0.33,0.01,0.07,,,0.601666667,0.088081402,0.066666667,0.005773503,,28.35,0.188,1.897,32.63,,,,,,,,,,,,,,,,,,
044_01,joyw,1253,24,02-04-2015,427,-65.0573,-75.8043,2.289,2.3,-1.5679,33.7879,0.422873734,0.059067032,0.014504945,0.018024551,0.61576684,0.292636632,,,,,,,,,8.18869,8.20641,1.1199,95.9545,1.00E-12,15.1,,,0.45,0.03,0.06,,,0.486666667,0.026764404,0.07,0,,28.08,0.191,1.823,32.43,,,,,,,,,,,,,,,,,,
044_01,joyw,1270,7,02-05-2015,420,-65.0573,-75.8043,100.757,99.7,-1.613,33.8574,0.154903066,0.082924686,0,0,0.549736294,0.36733902,,,,,,,,,8.03265,8.06144,0.6059,97.6659,1.00E-12,16.1,,,0.22,0.01,0.07,,,0.5285,0.02192031,0.065,0.007071068,,28.53,0.187,1.953,32.71,,,,,,,,,,,,,,,,,,
044_01,joyw,1262.5,14.5,02-06-2015,425,-65.0573,-75.8043,24.9835,24.4,-1.633,33.8187,0.504356556,0.033637121,0.01818727,0.017934931,0.620787454,0.309453225,,,,,,,,,8.16698,8.180065,1.19375,96.1719,1.00E-12,15.5,,,0.38,0,0.07,,,0.5095,0.003535534,0.07,0,,28.26,0.187,1.894,32.79,,,,,,,,,,,,,,,,,,
044_01,joyw,1257.5,19.5,02-07-2015,426,-65.0573,-75.8043,10.352125,10.3,-1.6286,33.8027625,0.409409658,0.033333751,0.021845678,0.025164138,0.568547636,0.351108797,,,,,,,,,8.187505,8.19950625,1.2390375,95.9586375,1.00E-12,15.275,,,0.42,0.03,0.07,,,0.510666667,0.021385353,0.07,0,,28.15,0.185,1.842,32.58,,,,,,,,,,,,,,,,,,
046_01,joyw,1323.5,19.5,02-08-2015,1316,-65.4067,-75.1285,10.210875,10.2,-1.6499375,33.7153875,0.386412983,0.042974374,0.020432152,0.033140012,0.539943983,0.363509479,0.574522922,9.04E-05,0,0,0.42501711,0.000369617,,,8.2193575,8.21785125,0.48025,95.312975,135,632.875,,,0.42,0.02,0.07,,,0.366333333,0.022188586,0.06,0,,27.87,0.199,1.847,31.66,,,,,,2126.7497,1.001828888,2188.870735,1.031091686,2214.491251,1.031091686,2283.63,,2350.33341,,2351.809106,,2214.491251
046_01,joyw,1331.5,11.5,02-09-2015,1312,-65.4067,-75.1285,55.12516667,54.8,-1.59745,33.81861667,0.269306057,0.066344732,0.033007384,0.025492006,0.430954853,0.444201026,,,,,,,,,8.138606667,8.139438333,1.205416667,96.52881667,16.06666667,752.3333333,,,0.31,0.03,0.08,,,0.53,0.013076697,0.07,0,,28.28,0.192,1.943,31.78,,,,,,2131.755267,4.794814926,2187.333714,4.919823821,2210.202055,4.919823821,2292.17,,2351.93073,,2353.247905,,2210.202055
046_01,joyw,1335,8,02-10-2015,1310,-65.4067,-75.1285,76.081,75.3,-1.6226,33.8386,0.187492529,0.092567437,0.00963029,0.014426081,0.441151911,0.442224281,,,,,,,,,8.07748,8.08635,0.8125,97.3292,7.47,826,,,0.25,0.01,0.08,,,0.503,0.004242641,0.07,0,,28.44,0.184,1.926,33.32,,,,,,2131.40935,0.018596908,2185.666796,0.019070314,2207.99522,0.019070314,2293.18,,2351.555502,,2352.841578,,2207.99522
046_01,joyw,1336,7,02-11-2015,1308,-65.4067,-75.1285,103.69,102.6,-1.5722,33.8582,0.157939985,0.094518424,0,0.028630851,0.436357725,0.440493,,,,,,,,,7.94507,7.95799,0.4834,97.8616,2.66,848,,,0.19,0.01,0.08,,,,,,,,28.78,0.182,1.983,33.35,,,,,,2131.77715,4.421467992,2184.778491,4.531396806,2206.58623,4.531396806,2294.37,,2351.413808,,2352.669894,,2206.58623
046_01,joyw,1328,15,02-12-2015,1314,-65.4067,-75.1285,25.288,25,-1.6659,33.725,0.324904024,0.045207836,0.018240266,0.025214543,0.574091151,0.337246204,,,,,,,,,8.22306,8.22799,1.109,95.3314,56.8,656,,,0.42,0.02,0.07,,,0.493333333,0.023459184,0.07,0,,27.88,0.194,1.883,31.48,,,,,,2124.6158,3.019345956,2186.039089,3.106636165,2211.397278,3.106636165,,,,,,,2211.397278
048_01,joyw,1390,7,02-13-2015,2315,-65.749,-74.4323,152.693,151.1,1.2807,34.2506,0.015480863,0.000850418,0.00060987,0.002622724,0.629393856,0.366523132,,,,,,,,,5.45838,5.48447,0.0225,98.4086,0.146,325,,,0.03,0,0.01,,,,,,,,34.14,0.015,2.292,54.61,,,,,,,,,,,,,,,,,,
048_01,joyw,1373,24,02-14-2015,2324,-65.749,-74.4323,1.438,1.4,-1.577,33.8175,0.542613493,0.065766655,0.026194929,0.031041658,0.572816545,0.304180211,,,,,,,,,8.16051,8.17354,1.017,94.9858,126,226,,,0.62,0.02,0.06,,,0.523,0.01979899,0.07,0,,28.15,0.211,1.871,36.75,,,,,,,,,,,,,,,,,,
048_01,joyw,1377.5,19.5,02-15-2015,2323.125,-65.749,-74.4323,9.3425,9.3,-1.579225,33.8178625,0.481832221,0.078780129,0.018283587,0.029257684,0.553898501,0.3197801,,,,,,,,,8.155995,8.17434875,1.0897875,95.0347125,49.2125,227.75,,,0.62,0.01,0.07,,,0.544333333,0.040153871,0.07,0,,28.2,0.211,1.844,36.43,,,,,,,,,,,,,,,,,,
048_01,joyw,1382,15,02-16-2015,2322,-65.749,-74.4323,25.164,24.9,-1.5813,33.8174,0.477515565,0.051363276,0.016087935,0.025003739,0.569359085,0.338185965,,,,,,,,,8.14767,8.17724,1.336,94.8434,17.9,244,,,0.58,0.02,0.07,,,0.554666667,0.019139836,0.066666667,0.005773503,,28.27,0.208,1.898,36.43,,,,,,,,,,,,,,,,,,
048_01,joyw,1388,9,02-17-2015,2318,-65.749,-74.4323,78.362,77.6,-1.3695,33.9087,0.205840486,0.114065173,0,0,0.436724103,0.449210724,,,,,,,,,7.73523,7.7661,0.5369,97.7061,1.69,319,,,0.25,0.01,0.08,,,,,,,,29.41,0.173,2.004,37.97,,,,,,,,,,,,,,,,,,
048_01,joyw,1389,8,02-18-2015,2317,-65.749,-74.4323,101.843,100.8,-0.7664,33.9807,0.144230374,0.101431471,0,0,0.491984742,0.406583787,,,,,,,,,7.28714,7.31668,0.3409,97.9879,0.698,321,,,0.17,0.01,0.07,,,,,,,,30.46,0.127,2.039,40.35,,,,,,,,,,,,,,,,,,
048_01,joyw,1385,12,02-19-2015,2321.2,-65.749,-74.4323,39.997,40.2,-1.61632,33.83296,0.431804,0.060812351,0.01342363,0.016776734,0.518371086,0.390616199,,,,,,,,,8.092164,8.119444,1.45074,95.39482,10.632,273.6,,,0.58,0.01,0.08,,,0.6165,0.006363961,0.07,0,,28.35,0.209,1.902,36.48,,,,,,,,,,,,,,,,,,
050_03,joyw,1485,9,02-20-2015,1350,-66.091,-73.751,50.578,50.1,-1.7249,33.8615,1.102365424,0.030370969,0.007137109,0.008741081,0.472653597,0.481097244,,,,,,,,,7.91825,7.9523,2.7319,94.4765,2.62,758,,,1.11,0.02,0.29,,,0.542,0.011532563,0.06,0,,28.59,0.191,1.868,40.93,,,,,,2134.2194,0.997020561,2187.068298,1.021709419,2208.78843,1.021709419,2296.04,,2352.896003,,2354.147043,,2208.78843
050_03,joyw,1473.5,20.5,02-21-2015,1355,-66.091,-73.751,9.056833333,9.2,-1.754133333,33.69828333,1.274906883,0.0360943,0.007697104,0.021646876,0.347389717,0.587172003,,,,,,,,,8.243051667,8.262893333,3.378516667,91.25398333,155.1666667,806.3333333,,,1.57,0.03,0.28,,,0.521666667,0.02055075,0.07,0,,24.61,0.697,1.478,38.71,,,,,,2120.4382,0.023193102,2183.540637,0.023883309,2209.643376,0.023883309,2285.97,,2353.998522,,2355.501993,,2209.643376
050_03,joyw,1487,7,02-22-2015,1347,-66.091,-73.751,101.28,100.3,-0.8168,34.0389,0.174025593,0.065931056,0,0,0.444151945,0.489916999,,,,,,,,,6.85549,6.88301,0.3341,97.9602,0.159,820,,,0.17,0.02,0.08,,,,,,,,31.2,0.137,2.118,47.88,,,,,,2148.36145,4.490623035,2190.086704,4.577839452,2207.122296,4.577839452,2307.16,,2351.969423,,2352.950642,,2190.086704
050_03,joyw,1470,24,02-23-2015,1356,-66.091,-73.751,2.503,2.5,-1.743,33.7001,1.43808768,0.044657384,0.010160952,0.027633208,0.357337735,0.560210721,,,,,,,,,8.2434,8.258,2.3409,91.2061,381,811,,,1.61,0.03,0.28,,,0.510333333,0.001527525,0.07,0,,27.32,0.17,1.804,38.67,,,,,,2121.05025,1.948008471,2183.982946,2.005806925,2210.007959,2.005806925,2283.07,0.113137085,2350.809909,0.116493923,2352.308902,0.116493923,2210.007959
050_03,joyw,1486,8,02-24-2015,1349,-66.091,-73.751,76.335,75.6,-1.6042,33.9179,0.383690345,0.053259753,0,0.006896808,0.513721662,0.426121776,,,,,,,,,7.63631,7.66018,0.7649,97.144,0.511,770,,,0.46,0.08,0.19,,,0.615,0.03959798,0.07,0,,27.86,0.17,1.961,42.64,,,,,,2145.0585,2.044515436,2194.520591,2.091659143,2214.746074,2.091659143,2301.36,,2354.426188,,2355.591139,,2194.520591
050_03,joyw,1480.5,13.5,02-25-2015,1352.625,-66.091,-73.751,25.434375,25.4,-1.7293,33.71315,1.539829887,0.03919178,0.008166425,0.018548439,0.364016167,0.570077188,0.055710303,3.85E-06,0,0,0.944284753,1.09E-06,,,8.218025,8.23645375,4.7856375,91.366825,27.3,770.25,,,1.59,0.12,0.3,,,0.529333333,0.001527525,0.063333333,0.005773503,,27.41,0.172,1.82,,,,,,,2117.833867,5.103438504,2179.849647,5.252880689,2205.53443,5.252880689,2294.86,,2362.059574,,2363.538971,,2205.53443
050_05,joyw,1506.5,12.5,02-26-2015,1758.25,-66.1055,-73.6902,25.45858333,25.3,-1.742970833,33.73774167,1.571394545,0.036547697,0.004221494,0.012897965,0.345352612,0.600980232,,,,,,,,,8.20866,8.219356667,5.276275,91.61215417,72.95,1945.833333,,,1.94,0.07,0.32,,,,,,,3,27.45,0.171,1.805,40.53,,,,,,,,,,,,,,,,,,
052_01,joyw,1598,8,02-27-2015,150,-66.4393,-73.0173,75.842,75.1,-1.1782,34.028,0.156647729,0,0,0,0.251927996,0.748072004,,,,,,,,,7.05889,7.09109,0.3532,97.7865,0.0137,21.8,,,0.36,0.03,0.19,,,0.606,0.062225397,0.07,0,,31.12,0.111,2.112,51.24,,,,,,,,,,,,,,,,,,
052_01,joyw,1591,15,02-28-2015,153,-66.4393,-73.0173,24.958,24.7,-1.7908,33.7978,1.006706845,0.059106315,0.006130083,0.014218302,0.459652714,0.460892587,,,,,,,,,7.92519,7.94089,4.039,93.4347,0.375,20.8,,,2.16,0.05,0.57,,,0.483333333,0.025423087,0.04,0,,28.2,0.164,1.86,43.77,,,,,,,,,,,,,,,,,,
052_01,joyw,1582,24,03-01-2015,155,-66.4393,-73.0173,1.707,1.7,-1.7851,33.7908,1.150541727,0.034500454,0.008169681,0.020552044,0.420035535,0.516742286,,,,,,,,,7.98048,8.00571,3.5952,93.1367,3.66,20.8,,,2.35,0.1,0.5,,,0.463333333,0.030989245,0.046666667,0.011547005,,27.83,0.151,1.856,43.19,,,,,,,,,,,,,,,,,,
052_01,joyw,1594.5,11.5,03-02-2015,151.6666667,-66.4393,-73.0173,50.78133333,50.5,-1.690433333,33.84816667,0.959629052,0.010690916,0.000299712,0.00570386,0.438203423,0.545102089,,,,,,,,,7.822593333,7.866226667,3.44045,94.30518333,0.046516667,21.08333333,,,2.09,0.13,0.6,,,0.492666667,0.022898326,0.04,0,,28.42,0.153,1.889,43.49,,,,,,,,,,,,,,,,,,
052_01,joyw,1586.5,19.5,03-03-2015,154,-66.4393,-73.0173,10.048875,10,-1.7880875,33.7904,0.852469086,0.036063667,0.006246491,0.024858881,0.375569062,0.557261899,0.162001205,1.77E-05,0,1.89E-05,0.837959805,2.37E-06,,,7.98211,8.01216875,3.992875,93.0727,1.375,20.8,,,2.32,0.04,0.55,,,0.427333333,0.035697806,0.04,0,,27.93,0.154,1.853,43.1,,,,,,,,,,,,,,,,,,
054_01,joyw,1643.5,19.5,03-04-2015,1343,-66.776,-72.2647,9.727,9.7,-1.837325,33.8247,0.622570258,0.096396288,0.017303912,0.036095632,0.502825531,0.347378638,,,,,,,,,7.5707875,7.58973,0.9127,95.8751875,437.375,1901.25,,,0.73,0.03,0.22,,,0.582,0.028160256,0.06,0,,28.92,0.174,1.92,47.28,,,,,,2135.061167,6.918740956,2190.317771,7.09780193,2213.018482,7.09780193,2294.39,,2353.770126,,2355.077646,,2213.018482
054_01,joyw,1651.5,11.5,03-05-2015,1339,-66.776,-72.2647,55.2505,54.6,-1.837683333,33.98356667,0.194304099,0.058870692,0,0.062981414,0.318908414,0.559239479,,,,,,,,,7.096395,7.127488333,0.46025,97.7482,16.65,1801.666667,,,0.23,0.01,0.09,,,,,,,,23.2,0.052,1.728,58.4,,,,,,2151.85425,0.023688077,2197.216966,0.02418744,2215.707599,0.02418744,2304.37,,2352.947863,,2354.01289,,2215.707599
054_01,joyw,1648,15,03-06-2015,1341,-66.776,-72.2647,24.972,24.7,-1.8437,33.8276,0.608651168,0.097389668,0.010843245,0.035999902,0.515467157,0.340300029,,,,,,,,,7.56116,7.59116,1.0895,96.131,136,1870,,,0.65,0.01,0.19,,,0.636,,0.07,,,29.17,0.159,1.959,48.79,,,,,,2139.75565,0.531532167,2194.939075,0.545240165,2217.559984,0.545240165,2296.655,5.465935419,2355.884795,5.606899663,2357.187719,5.606899663,2217.559984
054_01,joyw,1639,24,03-07-2015,1345,-66.776,-72.2647,1.994,2,-1.8387,33.8248,0.655316292,0.103556835,0.010592623,0.031475175,0.510842856,0.343532512,,,,,,,,,7.57182,7.58111,0.8031,95.8308,1040,1920,,,0.7,0.02,0.22,,,0.600666667,0.013650397,0.066666667,0.005773503,,28.98,0.174,1.95,47.33,,,,,,2139.8277,1.78514675,2195.194685,1.831336541,2217.890075,1.831336541,2296.43,,2355.848992,,2357.156206,,2217.890075
054_01,joyw,1656,7,03-08-2015,1335,-66.776,-72.2647,101.556,100.5,-1.3763,34.0812,0.039381143,3.06E-05,2.12E-05,8.30E-05,0.515825405,0.48403986,,,,,,,,,6.52169,6.55951,0.0792,98.3888,1.33,1440,,,0.06,0.01,0.01,,,,,,,,38.19,0.03,1.861,68.09,,,,,,2164.8128,2.685571293,2204.118522,2.734332238,2220.044312,2.734332238,,,,,,,2220.044312
054_01,joyw,1655,8,03-09-2015,1337,-66.776,-72.2647,76.138,75.4,-1.8001,34.0039,0.129690992,0.046143726,0,0,0.334794154,0.619062121,,,,,,,,,7.00863,7.04219,0.3111,98.0349,4.89,1580,,,0.16,0,0.05,,,,,,,,30.36,0.085,2.038,59.82,,,,,,2157.2036,0.856245782,2201.364106,0.873774145,2219.32006,0.873774145,,,,,,,2219.32006
058_01,joyw,1768,24,03-10-2015,1213,-66.9475,-71.8985,1.837,1.8,-1.8455,33.8415,0.212542364,0.070467392,0,0.038537563,0.339049667,0.551945379,0.116602468,1.01E-05,0,0,0.883387426,0,,,7.39688,7.40703,0.2379,97.4044,664,1250,,,0.26,0.02,0.07,,,0.5255,0.014849242,0.085,0.035355339,,28.488,0.148,1.886,66.33,,,,,,2149.3524,0.784039999,2203.877732,0.80392973,2226.129078,0.80392973,2301.69,,2360.079872,,2361.361509,,2226.129078
058_01,joyw,1787,5,03-11-2015,1203,-66.9475,-71.8985,100.89,99.9,-0.0586,34.3228,0.016033362,0,0,0,0.668011273,0.331988727,,,,,,,,,4.86485,4.90467,0.0095,98.229,3.19,985,,,0.03,0,0.01,,,,,,,,33.629,0,2.33,91.5,,,,,,2191.273,0.433032193,2215.354607,0.437791121,2224.994108,0.437791121,2326.49,,2352.057612,,2352.61283,,2215.354607
058_01,joyw,1782.5,9.5,03-12-2015,1207,-66.9475,-71.8985,50.77533333,50.2,-1.841783333,33.98495,0.076642144,0,0,0.066992787,0.114576304,0.81843091,,,,,,,,,6.95252,6.973443333,0.141233333,98.07403333,27.95,1066.666667,,,0.09,0,0.04,,,,,,,,30.513,0.034,2.049,65.2,,,,,,2155.738133,6.339708167,2201.098524,6.473106391,2219.554897,6.473106391,2304.78,,2353.276485,,2354.339538,,2219.554897
058_01,joyw,1779,13,03-13-2015,1209,-66.9475,-71.8985,25.298,25,-1.852,33.8427,0.170456252,0.072261523,0,0.043104227,0.297339078,0.587295172,,,,,,,,,7.37929,7.40188,0.336,97.5704,92.9,1090,,,0.22,0.01,0.1,,,0.6085,0.010606602,0.07,0,,28.404,0.1,1.886,65.78,,,,,,2144.92575,0.450073466,2199.260801,0.461474684,2221.480256,0.461474684,2302.23,,2360.549867,,2361.829668,,2221.480256
058_01,joyw,1786,6,03-14-2015,1205,-66.9475,-71.8985,75.434,74.7,-1.8266,33.9996,0.045644697,0.000366008,0.000379104,0.029853687,0.149130503,0.820270698,,,,,,,,,6.90763,6.92997,0.1109,98.1696,9.48,1010,,,0.08,0.01,0.04,,,,,,,,30.557,0.031,2.076,65.47,,,,,,2160.1535,2.48491465,2204.653186,2.536104494,2222.722343,2.536104494,2304.23,,2351.697696,,2352.738447,,2204.653186
058_01,joyw,1773.5,18.5,03-15-2015,1211.7,-66.9475,-71.8985,10.0695,9.9,-1.8495,33.84167,0.185813764,0.067749836,0.000137596,0.036000572,0.318090022,0.578021974,,,,,,,,,7.392758,7.406976,0.34461,97.52837,247.4,1138,,,0.23,0.02,0.06,,,0.6185,0.065760931,0.09,0.042426407,4,23.268,0.18,1.605,65.86,,,,,,2139.921525,5.865716757,2194.181678,6.0144487,2216.422393,6.0144487,2300.35,,2358.678,,2359.959025,,2216.422393
059_03,joyw,1900,8,03-16-2015,544,-67.1017,-71.637,101.0093333,100,0.1516,34.3559,0.008549292,0.000552074,0.00040132,0.001783776,0.534196013,0.463066816,,,,,,,,,4.72647,4.738543333,0.018466667,98.2743,0.00626,18.9,,,0.02,0,0.01,,,,,,,,34.013,0.011,2.365,93.7,,,,,,,,,,,,,,,,,,
059_03,joyw,1885,23,03-17-2015,552,-67.1017,-71.637,1.913333333,1.9,-1.853566667,33.95456667,0.10507292,0.172294001,0.02430217,0.0712138,0.185263179,0.54692685,,,,,,,,,7.028016667,7.0381,0.2247,97.9985,1.203333333,18.9,,,0.13,0.01,0.04,,,,,,,,30.12,0.054,2.033,65.94,,,,,,,,,,,,,,,,,,
059_03,joyw,1891,17,03-18-2015,550,-67.1017,-71.637,25.13466667,24.9,-1.858733333,33.9552,0.09597324,0.000136905,8.20E-05,0.077836856,0.213589375,0.708354902,,,,,,,,,7.020213333,7.04123,0.249933333,98.03016667,0.184,18.9,,,0.11,0.01,0.04,,,,,,,,30.188,0.058,2.036,65.67,,,,,,,,,,,,,,,,,,
059_03,joyw,1897,11,03-19-2015,546,-67.1017,-71.637,75.47566667,74.7,-1.816033333,34.0138,0.050527586,0.00036916,0.000379484,0.043484713,0.06312285,0.892643793,,,,,,,,,6.911863333,6.94022,0.1478,98.19703333,0.0149,18.9,,,0.07,0.01,0.02,,,,,,,,30.742,0.052,2.08,65.97,,,,,,,,,,,,,,,,,,
059_03,joyw,1894,14,03-20-2015,548,-67.1017,-71.637,50.28033333,49.8,-1.8442,33.98906667,0.059946297,0.000875888,0.000896593,0.074939643,0.192192436,0.731095441,,,,,,,,,6.902973333,6.923296667,0.158333333,98.14293333,0.046966667,18.9,,,0.08,0.01,0.03,,,,,,,,30.686,0.051,2.067,66.24,,,,,,,,,,,,,,,,,,
059_03,joyw,1888,20,03-21-2015,551,-67.1017,-71.637,10.41433333,10.3,-1.8558,33.95463333,0.107302828,0.079639973,0,0.066526554,0.198121339,0.655712134,,,,,,,,,7.025203333,7.041,0.241666667,98.00826667,0.435,18.9,,,0.18,0.06,0.05,,,,,,,,30.212,0.057,2.037,65.68,,,,,,,,,,,,,,,,,,
061_01,joyw,1930.5,17.5,03-22-2015,1655,-66.516,-71.5918,9.813,9.7,-1.8185,33.8705,0.586099962,0.107696198,0.008273975,0.038550153,0.484801544,0.36067813,0.324980563,2.42E-05,1.14E-05,0,0.674981991,1.77E-06,,,7.6375025,7.663145,1.0486,96.155075,92.575,2070,,,0.62,0.02,0.15,,,0.595,0.02805352,0.063333333,0.005773503,,28.972,0.139,1.958,53.74,,,,,,,,,,,,,,,,,,
063_01,joyw,1979,12,03-23-2015,2301,-66.3507,-71.1862,50.5908,50.1,-1.79146,33.87168,0.211627714,0.052738045,0,0,0.318490993,0.628770962,,,,,,,,,7.613452,7.656278,1.42012,95.86174,3.704,1466,,,0.59,0.03,0.12,,,,,,,,29.147,0.144,1.942,52.91,,,,,,,,,,,,,,,,,,
063_01,joyw,1967,24,03-24-2015,2304,-66.3507,-71.1862,2.202,2.2,-1.8125,33.8449,0.699346471,0.102954823,0.004873253,0.028736779,0.463386242,0.400048903,,,,,,,,,7.70685,7.73911,1.0992,95.3601,445,1430,,,0.88,0.02,0.15,,,,,,,,28.623,0.144,1.906,52.11,,,,,,,,,,,,,,,,,,
063_01,joyw,1982,9,03-25-2015,2300,-66.3507,-71.1862,75.663,74.9,-1.8169,33.9584,0.507225199,0.065364139,0.000201381,0.02803813,0.492544283,0.413852067,,,,,,,,,7.30755,7.35181,0.5025,97.5897,0.755,1480,,,0.28,0.02,0.08,,,,,,,,29.921,0.111,2.062,56.43,,,,,,,,,,,,,,,,,,
063_01,joyw,1971.5,19.5,03-26-2015,2303.75,-66.3507,-71.1862,10.1225,10,-1.80665,33.8442375,0.494686368,0.099174848,0.007550854,0.030525794,0.45812664,0.404621864,,,,,,,,,7.7055675,7.74246,1.7969,95.3585625,146.25,1443.75,,,0.8,0.04,0.15,,,,,,,5,,,,51.66,,,,,,,,,,,,,,,,,,
063_01,joyw,1983,8,03-27-2015,2259,-66.3507,-71.1862,101.489,100.5,-1.4909,34.0486,0.071906275,0.164388013,0,0,0.386395254,0.449216733,,,,,,,,,6.82561,6.87227,0.1581,98.4378,0.212,1480,,,0.1,0.01,0.04,,,,,,,,31.09,0.043,2.111,61.54,,,,,,,,,,,,,,,,,,
063_01,joyw,1976,15,03-28-2015,2302,-66.3507,-71.1862,25.183,24.9,-1.8055,33.862,0.609300456,0.108920938,0.005954793,0.033061652,0.463329556,0.388733061,,,,,,,,,7.64803,7.68339,1.0474,95.6659,36,1450,,,0.71,0.01,0.16,,,,,,,,28.751,0.151,1.947,52.33,,,,,,,,,,,,,,,,,,
066_01,joyw,2109.5,19.5,03-29-2015,1244.125,-66.1003,-70.8532,10.051625,9.9,-1.8277125,33.8932375,0.305348342,0.112580116,0,0.054981319,0.227358892,0.605079673,0.072416738,3.48E-05,1.07E-05,0,0.927537695,0,,,7.52617125,7.55150125,0.6249625,96.954775,197.5,957.125,,,0.34,0.01,0.07,,,,,,,,29.23,0.105,1.987,52.795,,,,,,2144.957433,3.458803402,2195.996959,3.541106054,2216.868453,3.541106054,2297.88,,2352.558337,,2353.760497,,2216.868453
066_01,joyw,2117,12,03-30-2015,1241,-66.1003,-70.8532,50.088,49.5,-1.80166,33.91082,0.212342415,0.074707642,7.44E-05,0.062065343,0.214471299,0.648681349,,,,,,,,,7.455134,7.493034,0.53874,97.23634,21.42,942.6,,,0.27,0.02,0.07,,,,,,,,29.41,0.107,1.901,55.49,,,,,,2147.21795,1.52035029,2197.18977,1.555733131,2217.603136,1.555733131,2298.76,,2352.258631,,2353.434404,,2217.603136
066_01,joyw,2120,9,03-31-2015,1239,-66.1003,-70.8532,76.019,75.3,-1.7656,33.9593,0.158517009,0.059605535,3.75E-05,0.022550342,0.231786522,0.686020124,,,,,,,,,7.2065,7.23636,0.4407,97.8548,6.11,910,,,0.17,0,0.05,,,,,,,,30.13,0.063,2.064,60.18,,,,,,2154.4198,3.001668286,2201.41072,3.067138885,2220.542228,3.067138885,2302.02,,2352.230287,,2353.332228,,2220.542228
066_01,joyw,2114,15,04-01-2015,1243,-66.1003,-70.8532,25.443,25.2,-1.8152,33.9007,0.238516931,0.109449647,0,0.05713987,0.230322659,0.603087824,,,,,,,,,7.48933,7.52601,0.543,97.1174,73,944,,,0.32,0.02,0.07,,,,,,,,29.39,0.108,2.018,55.12,,,,,,2144.04645,0.043487067,2194.5981,0.044512391,2215.278871,0.044512391,2298.79,,2352.990145,,2354.18132,,2215.278871
066_01,joyw,2121,8,04-02-2015,1237,-66.1003,-70.8532,101.078,100.1,-0.7569,34.1528,0.058601645,9.27E-05,6.71E-05,0.000295021,0.277955432,0.721589818,,,,,,,,,6.15034,6.18995,0.1611,98.3877,1.96,881,,,0.07,0,0.03,,,,,,,,32.29,0.055,2.23,67.89,,,,,,2168.278933,2.482401662,2203.019342,2.522174981,2217.07287,2.522174981,,,,,,,2203.019342
067_01,joyw,2219,15,04-03-2015,2330.615385,-66.1728,-70.62,24.984154,22.2,-1.834223,33.9007,0.209775472,0.061166945,0.066399214,0.037999567,0.216593547,0.617840727,,,,,,,,,7.290718,7.323244,0.641246,97.392554,21.015385,255.307692,,,0.31,0.01,0.06,,,0.656333,0.030353,0.066667,0.005774,,29.51,0.047,2.007,64.17,,,,,,,,,,,,,,,,,,
067_01,joyw,2226,8,04-04-2015,2329,-66.1728,-70.62,50.197,49.7,-1.8198,33.9166,0.194619594,0.050826732,2.45E-05,0.03507379,0.189017723,0.725057239,,,,,,,,,7.26481,7.30645,0.509,97.6351,5.3,257,,,0.25,0.01,0.05,,,,,,,,29.62,0.05,1.995,64.77,,,,,,,,,,,,,,,,,,
067_01,joyw,2227,7,04-05-2015,2327,-66.1728,-70.62,75.758,75,-1.8055,33.9509,0.126309857,0.034441315,4.87E-05,0.000215586,0.234940679,0.730353708,,,,,,,,,7.15521,7.20604,0.3888,97.9357,1.42,259,,,0.17,0,0.04,,,,,,,,30.11,0.038,2.052,63.82,,,,,,,,,,,,,,,,,,
067_01,joyw,2210,24,04-06-2015,2332,-66.1728,-70.62,2.176,2.2,-1.8366,33.8998,0.241032042,0.075933603,9.69E-05,0.032917915,0.262426743,0.628624887,,,,,,,,,7.28982,7.3255,0.5171,97.179,117,252,,,0.31,0.02,0.06,,,0.614333333,0.022678918,0.066666667,0.005773503,,29.51,0.047,2.007,64.17,,,,,,,,,,,,,,,,,,
067_01,joyw,2211.5,22.5,04-07-2015,2332,-66.1728,-70.62,9.84,9.7,-1.8337,33.89935,0.25532497,0.067099428,0.008530646,0.034464407,0.222686026,0.667219494,,,,,,,,,7.288475,7.331695,0.60065,97.3705,54.9,253,,,0.31,0.01,0.07,,,0.6,0.033941125,0.065,0.007071068,,29.46,0.046,2.002,64.27,,,,,,,,,,,,,,,,,,
067_01,joyw,2228,6,04-08-2015,2326,-66.1728,-70.62,101.294,100.3,-1.2469,34.0834,0.017660728,0.000377836,0.000270221,0.001154139,0.503760942,0.494436861,,,,,,,,,6.37953,6.41883,0.0568,98.5124,0.468,261,,,0.04,0,0.02,,,,,,,,31.47,0.006,2.109,72.24,,,,,,,,,,,,,,,,,,
068_01,joyw,2273,7,04-09-2015,1005,-66.3537,-70.2455,70.336,69.6,-1.8346,33.901,0.116667878,0.055113586,0,0.026753526,0.292538955,0.625593933,,,,,,,,,7.25467,7.29453,0.3658,97.918,4.36,388,,,0.13,0,0.05,,,,,,,,30.04,0.126,2.028,74.11,,,,,,2151.5855,1.451676507,2202.295415,1.485890528,2222.968241,1.485890528,2304.18,1.258650071,2358.486357,1.288314724,2359.677075,1.288314724,2222.968241
068_01,joyw,2269.5,10.5,04-10-2015,1007,-66.3537,-70.2455,50.41683333,49.9,-1.835366667,33.89526667,0.138664184,0.066767124,0,0.054393169,0.218532137,0.660307569,,,,,,,,,7.274188333,7.317318333,0.347133333,97.9232,10.55,394.5,,,0.18,0,0.07,,,,,,,,29.25,0.103,1.935,67.68,,,,,,2149.425,0.496954646,2200.453971,0.508752724,2221.277777,0.508752724,2299.94,,2354.542311,,2355.741725,,2221.277777
068_01,joyw,2259,21,04-11-2015,1013,-66.3537,-70.2455,10.144,10,-1.8417,33.87876,0.146007766,0.083292168,0,0.036696106,0.234533869,0.645477858,,,,,,,,,7.344466,7.372988,0.30566,97.82308,85.16,415.2,,,0.19,0.01,0.07,,,,,,,,29.11,0.146,1.96,70.99,,,,,,,,,,,,,,,,,,
068_01,joyw,2256,24,04-12-2015,1014,-66.3537,-70.2455,1.627,1.6,-1.8442,33.8784,0.19051033,0.09246551,0.013040047,0.048679747,0.286653327,0.559161369,,,,,,,,,7.34799,7.36943,0.2246,97.7948,208,418,,,0.19,0.02,0.06,,,,,,,,28.8,0.123,1.909,67.62,,,,,,2146.385033,0.443013909,2198.437962,0.453757634,2219.709707,0.453757634,2298.6,,2354.344361,,2355.569575,,2219.709707
068_01,joyw,2274,6,04-13-2015,1003,-66.3537,-70.2455,100.874,99.9,-1.499,34.0364,0.033476739,0.000354189,0.000252607,0.001071362,0.511242736,0.487079106,,,,,,,,,6.70612,6.7445,0.0905,98.4973,1.19,378,,,0.04,0,0.02,,,,,,,,27.75,0.766,1.93,70.22,,,,,,2155.90468,12.04958888,2197.937866,12.284517,2215.039135,12.284517,,,,,,,2215.039135
070_01,joyw,2430.5,11.5,04-14-2015,2323,-66.6483,-69.4257,75.3095,74.5,-1.83995,33.9677,0.059300297,0.062519721,0.000178666,0.000770486,0.25168642,0.684844707,,,,,,,,,7.152745,7.20327,0.16805,98.34625,2.935,284,,,0.11,0.01,0.03,,,,,,,,30.11,0.121,2.061,59.53,,,,,,,,,,,,,,,,,,
070_01,joyw,2422,20,04-15-2015,2326,-66.6483,-69.4257,9.6952,9.6,-1.85148,33.95286,0.150383821,0.050466715,0,0.070761575,0.427864161,0.450907549,,,,,,,,,7.190758,7.23018,0.45982,97.89824,58.54,283.8,,,0.32,0.07,0.05,,,,,,,,30.05,0.097,2.049,61.28,,,,,,,,,,,,,,,,,,
070_01,joyw,2425.5,16.5,04-16-2015,2325,-66.6483,-69.4257,24.905,24.7,-1.85645,33.95295,0.1369158,0.048894884,0,0.065940403,0.438932599,0.446232115,,,,,,,,,7.18745,7.222845,0.4593,97.98555,24.45,282,,,0.23,0,0.05,,,,,,,,29.98,0.099,1.941,60.66,,,,,,,,,,,,,,,,,,
070_01,joyw,2418.5,23.5,04-17-2015,2327,-66.6483,-69.4257,1.912,1.9,-1.85315,33.953,0.177391879,0.040807649,0.012880807,0.067184717,0.462473459,0.416653368,,,,,,,,,7.191675,7.225525,0.36955,97.93545,126.5,282,,,0.3,0.02,0.06,,,,,,,,30.08,0.098,2.052,60.97,,,,,,,,,,,,,,,,,,
070_01,joyw,2428,14,04-18-2015,2324,-66.6483,-69.4257,50.44566667,50,-1.854433333,33.95443333,0.076436263,0.066831467,0,0.084150875,0.167849408,0.681168249,,,,,,,,,7.16283,7.210073333,0.214433333,98.2151,7.913333333,282.6666667,,,0.14,0,0.04,,,,,,,,29.89,0.095,2.046,60.88,,,,,,,,,,,,,,,,,,
070_01,joyw,2432.5,9.5,04-19-2015,2322,-66.6483,-69.4257,90.698,89.8,-1.8132,33.9802,0.037333209,0.00071495,0.000511992,0.002194,0.331226025,0.665353034,,,,,,,,,7.107,7.168335,0.1352,98.3898,1.61,282.5,,,0.09,0,0.03,,,,,,,,30.32,0.119,2.071,59.86,,,,,,,,,,,,,,,,,,
071_03,joyw,2493,4,04-20-2015,1056,-66.8377,-69.0888,101.281,100.3,-1.801,34.0104,0.031347326,0.000485756,0.000347866,0.001490735,0.29131962,0.706356023,,,,,,,,,7.17934,7.23262,0.1154,98.5072,3.53,1070,,,0.06,0,0.03,,,,,,,,30.7,0.043,2.055,59.97,,,,,,2153.26265,2.00627407,2196.922528,2.046953586,2214.707415,2.046953586,2308.15,,2354.950398,,2355.974775,,2214.707415
071_03,joyw,2488,9,04-21-2015,1076.571429,-66.8377,-69.0888,50.50342857,50,-1.851442857,33.96477143,0.073168797,0.078065933,0.000332343,0.099835578,0.242808481,0.578957665,,,,,,,,,7.29621,7.34442,0.175757143,98.22615714,29.78571429,1038.571429,,,0.1,0.01,0.04,,,,,,,,34.49,0.022,2.366,56.2,,,,,,2145.7467,0.028567114,2192.199857,0.029185562,2211.188869,0.029185562,2296.61,,2346.329189,,2347.422921,,2211.188869
071_03,joyw,2473,24,04-22-2015,1104,-66.8377,-69.0888,2.31,2.3,-1.8505,33.9648,0.084226093,0.143926344,0.000266587,0.115206685,0.218317446,0.522282938,,,,,,,,,7.31249,7.3392,0.0558,98.2045,394,1000,,,0.12,0.01,0.05,,,,,,,,30.16,0.182,2.041,56.18,,,,,,2150.3006,0.477862763,2196.845876,0.488206551,2215.83225,0.488206551,2299.88,,2349.663063,,2350.756644,,2215.83225
071_03,joyw,2478.5,18.5,04-23-2015,1103,-66.8377,-69.0888,10.159,10.1,-1.85077,33.9648,0.096985726,0.114303677,0.027633676,0.109216889,0.155621297,0.593224462,,,,,,,,,7.311273,7.345713,0.09234,98.19453,185.5,1010,,,0.12,0.01,0.05,,,,,,,,30.14,0.179,2.029,56.07,,,,,,2149.915433,0.023324951,2196.445906,0.023829771,2215.429641,0.023829771,2302.16,,2351.985491,,2353.07892,,2215.429641
071_03,joyw,2492,5,04-24-2015,1058,-66.8377,-69.0888,76.015,75.2,-1.8511,33.9665,0.062478351,0.073879135,0.000107256,0.038485357,0.262306651,0.625221601,,,,,,,,,7.28478,7.33874,0.1818,98.2885,9.87,1050,,,0.08,0,0.04,,,,,,,,23.68,0.234,1.738,62.7,,,,,,2145.6498,7.902342544,2191.984693,8.072992103,2210.926216,8.072992103,2301.7,,2351.404766,,2352.495764,,2210.926216
071_03,joyw,2484,13,04-25-2015,1101,-66.8377,-69.0888,24.876,24.6,-1.8519,33.9648,0.088594688,0.098971403,0.035145838,0.130962002,0.16298193,0.571938828,,,,,,,,,7.30661,7.35067,0.1423,98.1956,90.7,1030,,,0.11,0,0.05,,,,,,,,27.35,0.296,1.792,57.38,,,,,,2149.190533,0.015530722,2195.711781,0.015866899,2214.698155,0.015866899,2300.245,3.302188668,2350.035964,3.373667644,2351.129544,3.373667644,2214.698155
073_03,joyw,2713,4,04-26-2015,1229,-66.1683,-67.6005,101.229,100.2,-1.5593,33.9593,0.046368304,0.079347985,9.87E-05,0.000447391,0.274006107,0.646099823,,,,,,,,,7.07933,7.12834,0.104,98.2301,3.01,875,,,0.05,0,0.02,,,,,,,,30.31,0.123,2.053,70.86,,,,,,2154.5909,2.029820726,2201.585552,2.074093965,2220.717059,2.074093965,2308.025,1.605132393,2358.366265,1.640142584,2359.468205,1.640142584,2220.717059
073_03,joyw,2693,24,04-27-2015,1238,-66.1683,-67.6005,1.941,1.9,-1.7221,33.7473,0.118021603,0.2048864,0.000247801,0.035274539,0.200673142,0.558918116,,,,,,,,,7.20471,7.23645,0.097,97.2364,546,995,,,0.13,0,0.04,,,,,,,,29.23,0.087,2.019,71.27,,,,,,2149.7097,0.473337279,2210.396879,0.486699783,2235.158707,0.486699783,2294.82,,2359.603702,,2361.029938,,2235.158707
073_03,joyw,2698.5,18.5,04-28-2015,1237,-66.1683,-67.6005,9.8588,9.8,-1.73519,33.74471,0.082991405,0.187252728,0.000256962,0.040658194,0.199914573,0.571917543,,,,,,,,,7.200176,7.23619,0.1423,97.33604,232.9,971.4,,,0.13,0.01,0.04,,,,,,,,29.21,0.09,2.011,77.17,,,,,,2147.2376,0.716423248,2208.025104,0.736704925,2232.856423,0.736704925,2293.88,,2358.818896,,2360.249135,,2232.856423
073_03,joyw,2708,9,04-29-2015,1233,-66.1683,-67.6005,50.59014286,50.1,-1.6327,33.81918571,0.126289679,0.059671779,0,0.008649782,0.101028948,0.83064949,,,,,,,,,7.285675714,7.332818571,0.265514286,97.4091,26.71428571,922,,,0.13,0.01,0.03,,,,,,,,29.73,0.075,2.045,78.18,,,,,,2151.364933,2.550302728,2207.389366,2.616716037,2230.231094,2.616716037,2297.25,,2357.073476,,2358.389118,,2230.231094
073_03,joyw,2712,5,04-30-2015,1231,-66.1683,-67.6005,75.58,74.8,-1.4209,33.8717,0.050182261,0.050059887,0,4.19E-06,0.252856902,0.697079024,,,,,,,,,6.90151,6.94958,0.1439,97.6095,8.63,896,,,0.06,0,0.01,,,,,,,,23.73,0.164,1.621,75.36,,,,,,2154.4318,1.448013267,2207.116367,1.483423045,2228.565822,1.483423045,2298.915,0.756604256,2355.132766,0.775106289,2356.368215,0.775106289,2228.565822
073_03,joyw,2704,13,05-01-2015,1235,-66.1683,-67.6005,24.929,24.7,-1.6191,33.7832,0.10101257,0.183491916,0,0.038604945,0.110382216,0.667520922,,,,,,,,,7.09539,7.13612,0.1783,97.4211,93.8,946,,,0.13,0.02,0.05,,,,,,,,29.33,0.088,1.998,76.28,,,,,,2148.9991,4.360444677,2207.318098,4.47877733,2231.12152,4.47877733,2298.42,,2360.793945,,2362.164979,,2231.12152
075_01,joyw,2785,10,05-02-2015,2036.6,-65.899,-68.3043,49.949,49.4,-1.84098,33.8593,0.087702338,0.113229782,0,0.100572607,0.195542943,0.590654669,,,,,,,,,7.569256,7.62052,0.23428,97.96382,22.74,1568,,,0.1,0.01,0.05,,,,,,,,29.04,0.194,1.957,61.86,,,,,,,,,,,,,,,,,,
075_01,joyw,2790,5,05-03-2015,2033,-65.899,-68.3043,101.499,100.5,-0.5963,34.1673,0.017650319,0.000809942,0.000578522,0.00246305,0.46120529,0.534943196,,,,,,,,,5.98187,6.02692,0.0399,98.4112,2.81,1600,,,0.02,0,0.02,,,,,,,,32.66,0.186,2.094,78.44,,,,,,,,,,,,,,,,,,
075_01,joyw,2776.5,18.5,05-04-2015,2039.625,-65.899,-68.3043,10.32775,10.2,-1.8311875,33.85085,0.097337931,0.133861186,5.25E-05,0.116335655,0.234538052,0.515212599,,,,,,,,,7.6008175,7.6397475,0.1586,97.8827875,160.375,1741.25,,,0.11,0,0.04,,,,,,,,28.95,0.169,1.951,62.41,,,,,,,,,,,,,,,,,,
075_01,joyw,2771.5,23.5,05-05-2015,2040,-65.899,-68.3043,1.792,1.8,-1.82375,33.8502,0.104394929,0.16348294,0,0.135814714,0.21731393,0.483388418,,,,,,,,,7.602545,7.64114,0.06945,97.8908,395.5,1425,,,0.11,0,0.04,,,,,,,,29.08,0.179,1.946,62.03,,,,,,,,,,,,,,,,,,
075_01,joyw,2788.5,6.5,05-06-2015,2035,-65.899,-68.3043,76.0775,75.3,-1.80405,33.91305,0.0537751,0.166243082,0,0,0.180578167,0.653178751,,,,,,,,,7.444075,7.49032,0.14455,98.2956,6.29,1080,,,0.06,0,0.04,,,,,,,,22.98,0.56,1.674,60.41,,,,,,,,,,,,,,,,,,
075_01,joyw,2781.5,13.5,05-07-2015,2038,-65.899,-68.3043,25.054,24.8,-1.83395,33.8529,0.082898692,0.134941906,0,0.143893944,0.207747776,0.513416374,,,,,,,,,7.594345,7.640835,0.18945,97.88795,68.5,1120,,,0.11,0.01,0.04,,,,,,,,28.96,0.172,1.957,62.5,,,,,,,,,,,,,,,,,,
077_01,joyw,2843,7,05-08-2015,523,-65.5627,-69.061,76.836,76.1,-1.8166,33.8953,0.092441071,0.162200521,0,0.076453585,0.192550465,0.56879543,,,,,,,,,7.52385,7.5679,0.2207,98.1393,0.00645,16.5,,,0.11,0.01,0.06,,,,,,,,29.08,0.197,1.944,59.11,,,,,,,,,,,,,,,,,,
077_01,joyw,2830.5,19.5,05-09-2015,529,-65.5627,-69.061,10.395,10.2,-1.8474625,33.845075,0.19770284,0.136564335,0.009282773,0.110448051,0.168795679,0.574909161,,,,,,,,,7.65175625,7.68271875,0.5274125,97.5419875,0.155125,16.425,,,0.25,0.02,0.07,,,0.643666667,0.04574203,0.07,0.036055513,,28.42,0.192,1.897,60.3,,,,,,,,,,,,,,,,,,
077_01,joyw,2839,11,05-10-2015,525,-65.5627,-69.061,49.71014286,49.1,-1.834985714,33.87844286,0.114289424,0.168440555,0,0.090727761,0.133239073,0.607592612,,,,,,,,,7.576221429,7.619185714,0.269614286,97.98394286,0.014785714,16.91428571,,,0.18,0.08,0.02,,,,,,,,28.83,0.201,1.942,59.63,,,,,,,,,,,,,,,,,,
077_01,joyw,2835,15,05-11-2015,527,-65.5627,-69.061,25.528,25.3,-1.8455,33.8505,0.135745509,0.155637597,0.029876644,0.11071739,0.193035768,0.510732601,,,,,,,,,7.64101,7.67203,0.4523,97.6633,0.0485,15.7,,,0.24,0.04,0.09,,,,,,,,28.34,0.185,1.928,60.76,,,,,,,,,,,,,,,,,,
077_01,joyw,2844.5,5.5,05-12-2015,521,-65.5627,-69.061,103.0235,102.1,-1.1256,34.0607,0.035511441,0.140333982,0.000142314,0.000612213,0.312375627,0.546535865,,,,,,,,,6.615265,6.658285,0.07935,98.41795,0.00374,16.35,,,0.06,0,0.03,,,,,,,,30.9,0.086,2.086,67.62,,,,,,,,,,,,,,,,,,
077_01,joyw,2826,24,05-13-2015,530,-65.5627,-69.061,1.644,1.6,-1.8421,33.8459,0.201368319,0.145887088,0.021937235,0.109671949,0.211812762,0.510690967,,,,,,,,,7.64933,7.68055,0.4983,97.4968,0.523,15.6,,,0.29,0.05,0.08,,,0.578333333,0.059752266,0.11,0.017320508,,28.29,0.195,1.898,60.33,,,,,,,,,,,,,,,,,,
078_03,joyw,2904,6,05-14-2015,1519,-65.41,-69.2895,101.67,100.6,-1.6594,33.9647,0.114648086,0.077170141,0.000133686,0.000567645,0.271602226,0.650526302,,,,,,,,,7.14311,7.18423,0.2469,98.0161,4.36,2080,,,0.12,0,0.05,,,,,,,,30.12,0.131,2.001,62.71,,,,,,2144.6637,1.959251469,2191.093411,2.001667201,2210.082423,2.001667201,2302.98,,2352.837093,,2353.930825,,2210.082423
078_03,joyw,2886,24,05-15-2015,1525,-65.41,-69.2895,1.278,1.3,-1.8232,33.8451,0.300667843,0.117589576,0,0.056460025,0.260349195,0.565601204,,,,,,,,,7.60607,7.63117,0.3017,96.3392,1390,2190,,,0.43,0.01,0.11,,,0.533333333,0.037647488,0.06,0,,23.22,0.51,1.714,52.2,,,,,,2133.5615,0.853902149,2187.453547,0.87547103,2209.609228,0.87547103,,,,,,,2209.609228
078_03,joyw,2892.5,17.5,05-16-2015,1523,-65.41,-69.2895,25.5171,25.2,-1.82511,33.84867,0.323480821,0.121665729,0.006100178,0.060944877,0.239979833,0.571309384,0.036242467,2.91E-06,0,0,0.963754627,0,,,7.587732,7.622555,0.61607,96.53766,204.1,2151,,,0.38,0.01,0.1,,,0.550666667,0.014433757,0.06,0,7,28.83,0.155,1.93,52.13,,,,,,2138.514833,2.098737493,2192.311763,2.151533775,2214.377112,2.151533775,2298.67,,2356.495827,,2357.766751,,2214.377112
078_03,joyw,2887,23,05-17-2015,1524,-65.41,-69.2895,9.798,9.7,-1.8257,33.8448,0.283886681,0.115904638,0.006879573,0.062519878,0.23589225,0.578803661,,,,,,,,,7.59901,7.62278,0.429,96.3313,563,2170,,,0.43,0.03,0.11,,,0.526333333,0.044230457,0.06,0,,28.84,0.16,1.925,52,,,,,,2133.830967,0.43893787,2187.749212,0.450029076,2209.912864,0.450029076,2294.2,,2352.170496,,2353.447082,,2209.912864
078_03,joyw,2903,7,05-18-2015,1520,-65.41,-69.2895,75.417,74.7,-1.8018,33.9044,0.143224509,0.094413836,0.007909251,0.044899626,0.185263919,0.667513368,,,,,,,,,7.40633,7.44769,0.371,97.6012,12.7,2090,,,0.2,0,0.07,,,0.5765,0.012020815,0.05,0.014142136,,28.27,0.201,1.915,55.14,,,,,,2141.487967,2.924767092,2191.740082,2.993399621,2212.322875,2.993399621,2299.7,,2353.664716,,2354.850248,,2212.322875
080_01,joyw,2996.5,20.5,05-19-2015,303,-65.065,-70.2127,9.765166667,9.5,-1.7443,33.76638333,0.343298473,0.075253353,0,0.033385258,0.406806461,0.484554928,,,,,,,,,8.019983333,8.05566,1.1184,95.92818333,0.232166667,16.78333333,,,0.4,0.01,0.08,,,0.525666667,0.010785793,0.066666667,0.005773503,,27.79,0.208,1.851,44.55,,,,,,,,,,,,,,,,,,
080_01,joyw,3000.5,16.5,05-20-2015,301.5,-65.065,-70.2127,25.586,25,-1.714,33.7729,0.361077146,0.073145752,4.91E-05,0.030554235,0.431191048,0.465059825,,,,,,,,,8.002375,8.045465,1.11045,95.84675,0.0794,17,,,0.41,0.01,0.08,,,0.515333333,0.020984121,0.063333333,0.005773503,,27.75,0.185,1.869,42.82,,,,,,,,,,,,,,,,,,
080_01,joyw,3004,13,05-21-2015,300,-65.065,-70.2127,50.2236,49.6,-1.82262,33.91382,0.189283997,0.103398614,0,0.035209115,0.146700814,0.714691457,,,,,,,,,7.451886,7.500006,0.52236,97.09596,0.0288,17.04,,,0.25,0.01,0.08,,,,,,,,29.35,0.111,1.979,58.59,,,,,,,,,,,,,,,,,,
080_01,joyw,2993,24,05-22-2015,303,-65.065,-70.2127,2.736,2.7,-1.7652,33.7644,0.343603428,0.087728784,6.33E-05,0.033194705,0.432557009,0.446456236,,,,,,,,,8.02121,8.06755,1.1546,95.9718,0.503,15.5,,,0.41,0.01,0.09,,,0.526333333,0.039004273,0.066666667,0.005773503,,28.2,0.248,1.881,46.4,,,,,,,,,,,,,,,,,,
080_01,joyw,3007,10,05-23-2015,259,-65.065,-70.2127,74.625,73.9,-1.6901,33.9513,0.18001736,0.070797969,0,0,0.293566637,0.635635394,,,,,,,,,7.22004,7.25926,0.4659,97.6121,0.0126,17,,,0.22,0.01,0.08,,,,,,,,30.19,0.119,1.981,57.84,,,,,,,,,,,,,,,,,,
082_03,joyw,3071.5,11.5,05-24-2015,1217,-64.7518,-70.8567,49.75833333,49.3,-1.628633333,33.81545,0.653486352,0.020279778,0.005855933,0.009422821,0.331782412,0.632659056,,,,,,,,,8.10015,8.141081667,3.248516667,93.72906667,3.063333333,1625,,,1.03,0.09,0.2,,,0.493,0.022627417,0.065,0.007071068,,27.53,0.176,1.84,41.36,,,,,,2134.36495,1.464630276,2190.192774,1.502940089,2213.135637,1.502940089,2291.99,0.579827561,2351.940767,0.594993904,2353.262234,0.594993904,2213.135637
082_03,joyw,3059,24,05-25-2015,1223,-64.7518,-70.8567,1.456,1.4,-1.6998,33.7922,0.587300948,0.022683147,0.007643625,0.006371635,0.337774577,0.625527016,,,,,,,,,8.08749,8.18984,1.2845,94.6002,185,1630,,,0.71,0.02,0.13,,,0.489,0.016703293,0.06,0,,27.2,0.197,1.798,46.15,,,,,,2131.06065,0.993555738,2188.309863,1.020246806,2211.873336,1.020246806,2290.38,3.422396821,2351.909198,3.514336731,2353.266411,3.514336731,2211.873336
082_03,joyw,3063.5,19.5,05-26-2015,1221,-64.7518,-70.8567,9.700125,10,-1.6997625,33.7900375,0.526432891,0.03164833,0.006395067,0,0.312272819,0.649683784,0.571124807,3.39E-05,0,0,0.428822169,1.91E-05,,,8.074475,8.18965875,1.591975,94.593125,69.55,1652.5,,,0.63,0.06,0.12,,,0.477,0.025865034,0.066666667,0.005773503,,27.25,0.188,1.813,41.32,,,,,,2122.65995,7.067536796,2179.612535,7.257164196,2203.146689,7.257164196,2288.63,,2350.035688,,2351.391212,,2203.146689
082_03,joyw,3075,8,05-27-2015,1215,-64.7518,-70.8567,75.641,74.9,-1.6256,33.8647,0.597229493,0,0,0.003168543,0.265256838,0.731574619,,,,,,,,,7.77976,7.85708,1.9874,95.4843,0.509,1620,,,0.66,0.09,0.18,,,0.494666667,0.009451631,0.066666667,0.005773503,,28.37,0.168,1.919,,,,,,,2137.5905,4.863904705,2190.315885,4.983876818,2211.951081,4.983876818,2295.74,,2352.366269,,2353.612417,,2211.951081
082_03,joyw,3068,15,05-28-2015,1219,-64.7518,-70.8567,24.395,24.2,-1.6802,33.7979,0.629511725,0.021786305,0.007286892,0.009504012,0.353048826,0.608373965,,,,,,,,,8.1285,8.18945,1.8061,94.2755,21.7,1630,,,0.72,0.05,0.13,,,0.497333333,0.018147543,0.07,0,,27.26,0.182,1.814,41.26,,,,,,2129.38565,0.503813582,2186.221098,0.517260874,2209.632669,0.517260874,2288.57,,2349.654239,,2351.002703,,2209.632669
082_03,joyw,3076,7,05-29-2015,1214,-64.7518,-70.8567,100.843,99.8,-1.2467,33.9773,0.279867228,0,0,0,0.243806272,0.756193728,,,,,,,,,7.18173,7.25396,0.8874,97.1847,0.146,1580,,,0.33,0.02,0.14,,,0.478333333,0.014294521,0.06,0,,30.32,0.161,2.033,50.33,,,,,,2147.91385,0.993414317,2193.600156,1.014544322,2212.256854,1.014544322,2306.17,0.311126984,2355.222428,0.317744681,2356.29702,0.317744681,2212.256854
084_03,joyw,3144,20,05-30-2015,2240,-64.2993,-71.5488,10.88942857,10.6,-1.699714286,33.74837143,0.207985211,0.099385346,0,0.040204293,0.371408298,0.489002063,,,,,,,,,8.035924286,8.147708571,0.547828571,96.51851429,29.81428571,126,,,0.26,0.01,0.02,,,0.5935,0.009192388,0.07,0,,27.12,0.188,1.876,40.39,,,,,,,,,,,,,,,,,,
084_03,joyw,3151,13,05-31-2015,2239,-64.2993,-71.5488,25.30228571,24.8,-1.701185714,33.75527143,0.201768748,0.104018498,0,0.027230678,0.410577062,0.458173762,,,,,,,,,8.018112857,8.140051429,0.686457143,96.437,16.12857143,130.4285714,,,0.3,0.02,0.04,,,,,,,,27.03,0.185,1.85,41.18,,,,,,,,,,,,,,,,,,
084_03,joyw,3157,7,06-01-2015,2235,-64.2993,-71.5488,103.448,102.4,1.4434,34.2721,0.010423109,0.000553337,0.000400457,0.001761106,0.676894359,0.320390741,,,,,,,,,5.2875,5.36621,0.0176,98.359,0.616,130,,,0.03,0.01,0.02,,,,,,,,34.28,0.102,2.267,56.05,,,,,,,,,,,,,,,,,,
084_03,joyw,3140,24,06-02-2015,2241,-64.2993,-71.5488,1.144,1.1,-1.6974,33.7492,0.181285793,0.104505366,0,0.036621117,0.391345639,0.467527877,,,,,,,,,8.04469,8.15282,0.5531,96.3491,83.3,119,,,0.26,0,0.04,,,0.597,0.044710178,0.07,0,,27.06,0.187,1.868,40.99,,,,,,,,,,,,,,,,,,
084_03,joyw,3155,9,06-03-2015,2237,-64.2993,-71.5488,50.206,49.7,-1.3156,33.9581,0.171596497,0.131593074,0,0.014778802,0.35485352,0.498774604,,,,,,,,,7.37183,7.48781,0.4873,97.6586,4.49,131,,,0.24,0,0.1,,,,,,,,30.28,0.182,2.036,42.62,,,,,,,,,,,,,,,,,,
084_03,joyw,3156,8,06-04-2015,2237,-64.2993,-71.5488,77.96,77.2,0.9173,34.1921,0.028249998,0.000426925,0.000440624,0.00184439,0.42393361,0.573354451,,,,,,,,,5.88134,5.94958,0.0623,98.323,1.57,130,,,0.06,0,0.04,,,,,,,,33.3,0.049,2.227,50.79,,,,,,,,,,,,,,,,,,
086_01,joyw,3192,24,06-05-2015,347,-64.0823,-72.2722,3.326,3.3,-1.5559,33.7518,0.611703142,0.026606886,0.011780978,0.012220903,0.579632169,0.369759064,,,,,,,,,8.13446,8.2602,2.3936,93.1482,0.154,15.2,,,0.82,0.02,0.07,,,0.4925,0.013435029,0.07,0,,27.42,0.207,1.801,30.77,,,,,,,,,,,,,,,,,,
086_01,joyw,3204.5,11.5,06-06-2015,341,-64.0823,-72.2722,75.909,74.9,-1.50815,33.7934,0.386584246,0.017934956,0.013658155,0.020555652,0.57666182,0.371189416,,,,,,,,,8.039715,8.167035,1.7827,95.2591,0.00364,17,,,0.58,0.02,0.06,,,0.533,0.021702534,0.07,0,,27.83,0.203,1.839,,,,,,,,,,,,,,,,,,,
086_01,joyw,3202,14,06-07-2015,342,-64.0823,-72.2722,50.24333333,50.7,-1.492633333,33.7815,0.444629148,0.015906602,0.015004559,0.021695069,0.527542434,0.419851336,,,,,,,,,8.078263333,8.209406667,2.095766667,94.553,0.004213333,17,,,0.64,0.03,0.06,,,0.529,0.036769553,0.07,0,,27.63,0.213,1.795,32.98,,,,,,,,,,,,,,,,,,
086_01,joyw,3199.5,16.5,06-08-2015,344,-64.0823,-72.2722,25.2805,24.9,-1.56045,33.75215,0.622923535,0.042925274,0.012970301,0.017795331,0.556675728,0.369633367,,,,,,,,,8.127545,8.26462,2.57235,93.6088,0.00826,16.8,,,0.8,0.02,0.08,,,0.486333333,0.014571662,0.07,0,,27.33,0.217,1.812,33.29,,,,,,,,,,,,,,,,,,
086_01,joyw,3196,20,06-09-2015,346,-64.0823,-72.2722,9.325,9.6,-1.56202,33.75046,0.575759423,0.012201676,0.013481821,0.017749626,0.562469552,0.394097325,,,,,,,,,8.135134,8.259408,2.6779,92.25874,0.04812,15.66,,,0.78,0.01,0.07,,,0.498666667,0.010969655,0.07,0,,27.47,0.206,1.785,33.54,,,,,,,,,,,,,,,,,,
086_01,joyw,3206.5,9.5,06-10-2015,339,-64.0823,-72.2722,103.0695,102.4,-1.42945,33.8571,0.258761175,0.046230191,0,0.028116899,0.541184844,0.384468066,,,,,,,,,7.765885,7.917265,0.75515,97.2799,0.00342,17,,,0.3,0.01,0.08,,,,,,,,28.72,0.199,1.953,34.88,,,,,,,,,,,,,,,,,,
088_01,joyw,3276,7,06-11-2015,1424,-64.4972,-74.1772,100.828,99.8,-1.5032,33.8017,0.214115612,0.030310702,0,0.020319307,0.596210935,0.353159056,,,,,,,,,7.99225,8.12683,0.556,97.5819,1.07,1260,,,0.23,0.02,0.1,,,0.63,0.001414214,0.07,0,,28.35,0.247,1.917,31.76,,,,,,2127.627267,1.801319806,2184.170209,1.849190936,2207.48054,1.849190936,2289.82,0.438406204,2350.673309,0.450057106,2352.015942,0.450057106,2207.48054
088_01,joyw,3271,12,06-12-2015,1428,-64.4972,-74.1772,54.742,54,-1.318957143,33.74668571,0.588587535,0,0.016756861,0.014282777,0.57707784,0.391882523,,,,,,,,,8.204978571,8.332475714,3.106985714,93.82302857,12.7,1078.571429,,,0.78,0.01,0.14,,,0.479,0.012,0.07,0,,21.94,0.989,1.416,27.58,,,,,,2124.45795,2.938947915,2184.464627,3.021960383,2209.239818,3.021960383,2291.4,,2356.122062,,2357.549068,,2209.239818
088_01,joyw,3275,8,06-13-2015,1426,-64.4972,-74.1772,76.018,75.3,-1.3688,33.7513,0.54513707,0.005707037,0.004043233,0.013159068,0.644633974,0.332456687,,,,,,,,,8.16659,8.29984,2.4543,95.1241,3,1040,,,0.65,0.01,0.15,,,0.517,0.005567764,0.07,0,,26.99,0.245,1.812,28.19,,,,,,2125.8209,1.201701381,2185.574637,1.235479461,2210.229578,1.235479461,2287.44,,2351.736615,,2353.156694,,2210.229578
088_01,joyw,3263,20,06-14-2015,1432,-64.4972,-74.1772,10.26571429,9.9,-1.3436,33.73572857,0.551565437,0,0.016927328,0.013161649,0.637372814,0.332538209,0.952796211,6.42E-05,2.65E-05,0,0.047108235,4.84E-06,,,8.230797143,8.339408571,0.468014286,93.62457143,260.7142857,1028.428571,,,0.68,0.03,0.1,,,0.461,0.016822604,0.07,0,,26.79,0.249,1.776,27.42,,,,,,2122.2846,2.015395748,2182.947904,2.073003745,2208.019849,2.073003745,2283.635,4.461843789,2348.910338,4.589380967,2350.354437,4.589380967,2208.019849
088_01,joyw,3267,16,06-15-2015,1430,-64.4972,-74.1772,25.262,25,-1.3474,33.7356,0.559145366,0,0.016483758,0.017958405,0.640317544,0.325240293,,,,,,,,,8.22428,8.3345,1.107,93.5803,88.3,1020,,,0.69,0.03,0.1,,,0.461666667,0.004725816,0.07,0,,23.16,1.113,1.457,27.5,,,,,,2119.85685,4.403931744,2180.457223,4.529826993,2205.531842,4.529826993,2284.44,,2349.745314,,2351.189566,,2205.531842
090_01,joyw,3313,24,06-16-2015,2320,-64.832,-73.5068,2.92,2.9,-1.6404,33.7087,0.536225435,0.033782529,0.019846524,0.020377591,0.613938959,0.312054398,,,,,,,,,8.17652,8.30411,1.9641,93.5548,65.8,143,,,0.57,0,0.11,,,0.390333333,0.011503623,0.07,0,,27.38,0.242,1.721,30.21,,,,,,,,,,,,,,,,,,
090_01,joyw,3329,8,06-17-2015,2316,-64.832,-73.5068,75.769,75,-1.558,33.7956,0.314517491,0.026124372,0,0.017494659,0.58847141,0.367909558,,,,,,,,,8.01031,8.14201,1.0354,96.7698,0.827,155,,,0.34,0.01,0.12,,,0.582333333,0.010263203,0.066666667,0.005773503,,27.98,0.22,1.883,31.63,,,,,,,,,,,,,,,,,,
090_01,joyw,3322,15,06-18-2015,2319,-64.832,-73.5068,24.405,24.2,-1.606,33.7401,0.521477528,0.000751413,0.017169831,0.014246548,0.642490265,0.325341942,,,,,,,,,8.1682,8.28166,2.3872,93.787,12.9,160,,,0.58,0.02,0.11,,,0.478,0.004582576,0.07,0,,27.25,0.24,1.797,30.53,,,,,,,,,,,,,,,,,,
090_01,joyw,3330,7,06-19-2015,2315,-64.832,-73.5068,100.835,99.8,-1.5112,33.8453,0.175719824,0.09257221,0,0.02483193,0.448662058,0.433933802,,,,,,,,,7.77653,7.91061,0.5139,97.6643,0.281,151,,,0.2,0,0.09,,,0.563,0.012165525,0.07,0,,28.76,0.216,1.928,34.26,,,,,,,,,,,,,,,,,,
090_01,joyw,3317.5,19.5,06-20-2015,2320,-64.832,-73.5068,9.743875,9.5,-1.6405625,33.7098125,0.516567127,0.020555231,0.014986401,0.01774195,0.607703813,0.339012606,,,,,,,,,8.18318625,8.30069875,2.1594375,93.5747875,35.0125,150.5,,,0.58,0.01,0.11,,,0.430666667,0.020502032,0.07,0,,27.26,0.252,1.783,37.26,,,,,,,,,,,,,,,,,,
090_01,joyw,3325.5,11.5,06-21-2015,2318,-64.832,-73.5068,40.20016667,39.7,-1.56495,33.77116667,0.468322422,0.017632461,0.021002687,0.021838405,0.544653906,0.39487254,,,,,,,,,8.123276667,8.245951667,2.3141,94.80311667,4.97,161,,,0.56,0.02,0.13,,,0.499666667,0.020744477,0.07,0,,27.78,0.232,1.826,,,,,,,,,,,,,,,,,,,
092_03,joyw,3373,24,06-22-2015,1127,-65.1787,-72.7662,3.671,3.6,-1.6835,33.7301,0.935922769,0.000659222,0.018403073,0.017314341,0.570574333,0.39304903,,,,,,,,,8.26096,8.34612,2.6697,92.0449,128,383,,,1.05,0.03,0.17,,,0.474,0.010535654,0.07,0,,23.76,0.238,1.538,33.21,,,,,,2117.425,1.224514561,2178.310989,1.25972515,2203.532722,1.25972515,2285.01,,2350.714851,,2352.167577,,2203.532722
092_03,joyw,3381,16,06-23-2015,1123,-65.1787,-72.7662,24.655,24.4,-1.6768,33.7341,0.786798233,0.000574578,0.017419159,0.017561059,0.58535741,0.379087794,,,,,,,,,8.25764,8.3508,3.0766,91.7134,15.6,337,,,1.12,0.01,0.17,,,0.479333333,0.009609024,0.07,0,,,,,33.52,,,,,,2115.936167,3.136601754,2176.521235,3.226411283,2201.635971,3.226411283,2284.435,3.00520382,2349.844653,3.091251065,2351.291216,3.091251065,2201.635971
092_03,joyw,3385,12,06-24-2015,1121,-65.1787,-72.7662,51.823,51.1,-1.455928571,33.82365714,0.623075773,0.064405737,0.008108263,0.010673085,0.512571185,0.40424173,,,,,,,,,8.101438571,8.196074286,2.237114286,94.73637143,2.102857143,343.7142857,,,0.71,0,0.14,,,0.535666667,0.018583146,0.07,0,,27.63,0.204,1.833,32.79,,,,,,2123.41495,1.492631704,2178.434548,1.531307139,2201.161862,1.531307139,2289.7,,2349.028193,,2350.337245,,2178.434548
092_03,joyw,3377,20,06-25-2015,1125,-65.1787,-72.7662,10.33314286,10.2,-1.6811,33.72834286,0.790806222,0.060452813,0.018485703,0.008053078,0.52669334,0.386315067,,,,,,,,,8.254074286,8.34356,2.982185714,91.77427143,58.54285714,360.8571429,,,1.02,0.06,0.18,,,0.488333333,0.007371115,0.07,0,,26.75,0.195,1.735,38.8,,,,,,2118.007333,2.483943297,2179.052193,2.555535103,2204.332784,2.555535103,2289.62,,2355.611052,,2357.067168,,2204.332784
092_03,joyw,3390,7,06-26-2015,1117,-65.1787,-72.7662,101.262,100.2,-1.0667,33.9834,0.1389794,0.123708759,0,0,0.416844684,0.459446557,,,,,,,,,7.16618,7.26155,0.3383,98.0145,0.169,354,,,0.15,0.01,0.08,,,,,,,,30.64,0.178,2.067,43.68,,,,,,2141.13975,0.009687363,2186.289463,0.009891638,2204.785366,0.009891638,2318.92,,2367.818523,,2368.883854,,2186.289463
094_01,joyw,3513,6,06-27-2015,2030,-65.5143,-72.1485,100.58,99.6,0.5292,34.2656,0.048349693,1.89E-05,1.33E-05,5.48E-05,0.266678814,0.733234129,,,,,,,,,5.39226,5.45281,0.1452,98.1325,1.00E-12,584,,,0.06,0,0.06,,,,,,,,33.27,0.319,2.02,62.32,,,,,,,,,,,,,,,,,,
094_01,joyw,3512,7,06-28-2015,2031,-65.5143,-72.1485,76.785,76,-0.4406,34.1133,0.163244158,0.000923784,0.000951332,0.003949471,0.453521866,0.540653546,,,,,,,,,6.52424,6.5999,0.5624,97.3209,1.00E-12,555,,,0.26,0.02,0.13,,,,,,,,31.86,0.129,2.152,53.45,,,,,,,,,,,,,,,,,,
094_01,joyw,3495,24,06-29-2015,2036,-65.5143,-72.1485,1.698,1.7,-1.7563,33.7591,1.254153033,0.015232385,0.010426251,0.021852147,0.3336076,0.618881617,,,,,,,,,8.22711,8.29959,3.5449,90.5777,1.00E-12,596,,,1.59,0.07,0.32,,,0.38,0.037363083,0.046666667,0.011547005,,26.55,0.167,1.772,41.71,,,,,,,,,,,,,,,,,,
094_01,joyw,3500,19,06-30-2015,2035.666667,-65.5143,-72.1485,9.668444444,9.4,-1.751055556,33.75818889,1.23896453,0.017520521,0,0.013287227,0.32637881,0.642813444,,,,,,,,,8.21544,8.302036667,4.191044444,90.7054,1.00E-12,562,,,1.37,0.05,0.3,,,0.379666667,0.014189198,0.046666667,0.011547005,9,26.57,0.167,1.778,51.89,,,,,,,,,,,,,,,,,,
094_01,joyw,3505,14,07-01-2015,2034,-65.5143,-72.1485,25.497,25.2,-1.776,33.7729,1.167545098,0,0.011849178,0,0.351376536,0.636774286,,,,,,,,,8.15719,8.24123,6.1847,91.1331,1.00E-12,531,,,1.59,0.06,0.33,,,0.426,0.011789826,0.056666667,0.005773503,,26.85,0.178,1.786,41.64,,,,,,,,,,,,,,,,,,
094_01,joyw,3508.5,10.5,07-02-2015,2033,-65.5143,-72.1485,50.70983333,50.2,-1.736633333,33.82516667,0.849689879,0.000272866,0.000285998,0.001269181,0.406697149,0.591474806,,,,,,,,,7.848708333,7.920911667,3.410433333,93.93766667,1.00E-12,533.5,,,0.97,0.01,0.3,,,0.560333333,0.021385353,0.063333333,0.005773503,,28.12,0.19,1.905,,,,,,,,,,,,,,,,,,,
096_01,joyw,3572,15,07-03-2015,330,-65.85,-71.3753,25.455,25.2,-1.7202,33.8191,0.352817104,0.080130277,7.00E-05,0.032084144,0.440204407,0.447511186,,,,,,,,,7.82736,7.9355,1.3337,95.1049,0.0806,16.8,,,1.8,0.02,0.37,,,0.627,0.010440307,0.07,0,,28.19,0.206,1.927,45.46,,,,,,,,,,,,,,,,,,
096_01,joyw,3567.5,19.5,07-04-2015,331,-65.85,-71.3753,10.0985,9.9,-1.7093625,33.8052,0.405851536,0.072893274,0.006167617,0.029438888,0.432405021,0.4590952,,,,,,,,,7.91739625,8.01011875,1.5700625,94.6534,0.22,16.875,,,1.88,0.04,0.4,,,0.563666667,0.068119992,0.066666667,0.005773503,,28.03,0.198,1.878,,,,,,,,,,,,,,,,,,,
096_01,joyw,3580,7,07-05-2015,324,-65.85,-71.3753,100.208,99.2,1.409,34.3638,0.017056943,0,0,0,0.525048249,0.474951751,,,,,,,,,4.70211,4.76686,0.0202,98.3198,0.00784,17,,,0.03,0,0.03,,,,,,,,35.21,0.146,2.383,65.97,,,,,,,,,,,,,,,,,,
096_01,joyw,3563,24,07-06-2015,332,-65.85,-71.3753,1.291,1.3,-1.6877,33.8022,0.437799942,0.085355593,0.004651122,0.028932061,0.411942043,0.469119181,,,,,,,,,7.93472,8.02862,1.3039,94.6304,0.617,16.2,,,2.06,0.02,0.37,,,0.601666667,0.020526406,0.07,0,,27.66,0.195,1.853,44.44,,,,,,,,,,,,,,,,,,
096_01,joyw,3575.5,11.5,07-07-2015,328,-65.85,-71.3753,49.43416667,48.8,-1.443133333,33.94531667,0.205766183,0.065835091,0,0,0.421543797,0.512621113,,,,,,,,,7.243355,7.346916667,0.504183333,97.40205,0.028933333,16.98333333,,,0.97,0.1,0.41,,,,,,,,30.4,0.274,2.058,51.825,,,,,,,,,,,,,,,,,,
098_01,joyw,3701.5,4.5,07-08-2015,1221,-66.051,-70.899,9.54875,9.5,-1.829625,33.828425,0.385383368,0.150134276,0.014458015,0.072864076,0.360843246,0.401700386,,,,,,,,,7.59432875,7.71157,0.508925,96.37185,1.00E-12,615.25,,,,,,,,,,,,,,,,49.51,,,,,,,,,,,,,,,,,,
