Raw value,Corresponding cumulative value,Corresponding Cloglog value,Fractional area,Training omission,Test omission
1.76592E-11,0.000000002,0.000000103,1,0,0
1.93521E-11,0.000000004,0.000000113,0.999906873,0,0
3.5097E-11,0.000000013,0.000000205,0.999627491,0,0
3.86211E-11,0.000000028,0.000000225,0.999254982,0,0
2.73531E-10,0.00000011,0.000001596,0.998789346,0,0
4.79787E-10,0.000000268,0.0000028,0.998416837,0,0
1.11048E-9,0.000001068,0.000006481,0.997485565,0,0
3.76011E-9,0.000002595,0.000021943,0.996833675,0,0
9.32853E-9,0.000010416,0.000054438,0.995716148,0,0
2.30831E-8,0.000025412,0.000134701,0.994878003,0,0
5.3398E-8,0.000054707,0.000311574,0.994226113,0,0
8.55653E-8,0.000103025,0.000499221,0.99366735,0,0
2.0247E-7,0.000269665,0.001180887,0.992456696,0,0
2.77575E-7,0.000516107,0.001618574,0.991525424,0,0
3.92646E-7,0.001004401,0.0022888,0.990221643,0,0
7.44871E-7,0.002537509,0.004337524,0.987707208,0,0
1.01247E-6,0.005025745,0.005891184,0.985099646,0,0
1.50566E-6,0.01012463,0.008748322,0.98128143,0,0
2.26294E-6,0.025194154,0.013119351,0.973924381,0,0
2.85249E-6,0.050225603,0.016508931,0.964984168,0,0
3.74762E-6,0.100074392,0.021633125,0.950828832,0,0
6.0937E-6,0.200417275,0.034937007,0.931737754,0.001347709,0
7.86374E-6,0.300542983,0.044854487,0.918420562,0.001347709,0
9.1426E-6,0.400912778,0.051956433,0.907431551,0.002695418,0
1.04416E-5,0.500070619,0.059115949,0.898025703,0.002695418,0.005405405
1.14462E-5,0.600831544,0.064616062,0.889458,0.005390836,0.005405405
1.24495E-5,0.700586989,0.070076735,0.881728441,0.006738544,0.005405405
1.29467E-5,0.750036592,0.07277109,0.87809648,0.009433962,0.005405405
1.33113E-5,0.801276849,0.074742172,0.874464519,0.010781671,0.005405405
1.41777E-5,0.900353577,0.079408331,0.867759359,0.010781671,0.010810811
1.4961E-5,1.000995698,0.083606937,0.861333582,0.010781671,0.010810811
1.56849E-5,1.10064674,0.087470566,0.855280313,0.010781671,0.010810811
1.64757E-5,1.200534928,0.091672151,0.849506426,0.01212938,0.010810811
1.71447E-5,1.301323703,0.095211237,0.843918793,0.013477089,0.016216216
1.77962E-5,1.401025027,0.098644871,0.838610542,0.013477089,0.016216216
1.83058E-5,1.500219177,0.101321664,0.833488545,0.014824798,0.016216216
1.98123E-5,1.751893793,0.109187879,0.821195753,0.014824798,0.027027027
2.13186E-5,2.002080953,0.116984214,0.809834234,0.016172507,0.032432432
2.24901E-5,2.25170606,0.123000627,0.799217731,0.018867925,0.032432432
2.38502E-5,2.501422646,0.129933976,0.789159993,0.021563342,0.032432432
2.47196E-5,2.7515642,0.13433701,0.77956789,0.021563342,0.032432432
2.5827E-5,3.002077214,0.139913505,0.770348296,0.025606469,0.037837838
2.68943E-5,3.252675103,0.145254089,0.761501211,0.028301887,0.043243243
2.78367E-5,3.501956995,0.149942054,0.753026634,0.030997305,0.043243243
2.87561E-5,3.75083218,0.154490842,0.74483144,0.030997305,0.048648649
2.98518E-5,4.000124365,0.159879983,0.736915627,0.032345013,0.054054054
3.07458E-5,4.251237735,0.164251841,0.729186068,0.033692722,0.059459459
3.1557E-5,4.500968092,0.168198977,0.721735891,0.033692722,0.059459459
3.24559E-5,4.750873713,0.172550916,0.714471969,0.035040431,0.064864865
3.30573E-5,5.002865882,0.175449827,0.707301173,0.037735849,0.07027027
3.40022E-5,5.250790172,0.179984254,0.70040976,0.041778976,0.07027027
3.47101E-5,5.501479113,0.183364989,0.693611473,0.043126685,0.075675676
3.52282E-5,5.753369751,0.185830336,0.686906314,0.044474394,0.075675676
3.58433E-5,6.002028973,0.188747868,0.680387409,0.044474394,0.075675676
3.63141E-5,6.251030682,0.190973399,0.673961632,0.045822102,0.075675676
3.68145E-5,6.503286414,0.193332838,0.667535854,0.04851752,0.075675676
3.73101E-5,6.751690328,0.195662405,0.661296331,0.049865229,0.081081081
3.80147E-5,7.000037743,0.198962822,0.655149935,0.051212938,0.081081081
3.85292E-5,7.252431941,0.201364682,0.649003539,0.052560647,0.081081081
3.90738E-5,7.500683388,0.203898695,0.643043397,0.059299191,0.086486486
3.95615E-5,7.752340086,0.206161445,0.637083256,0.064690027,0.091891892
4.00392E-5,8.003107785,0.208371211,0.631216241,0.064690027,0.091891892
4.05387E-5,8.252887194,0.210675659,0.625442354,0.064690027,0.097297297
4.10095E-5,8.501513307,0.21284109,0.619761594,0.066037736,0.108108108
4.15285E-5,8.753431461,0.215221661,0.614080834,0.070080863,0.108108108
4.20367E-5,9.003991352,0.21754593,0.608493202,0.07277628,0.108108108
4.25175E-5,9.253452513,0.219737985,0.602998696,0.07277628,0.118918919
4.29143E-5,9.501265564,0.221542925,0.597597318,0.075471698,0.124324324
4.33374E-5,9.751492256,0.223462797,0.59219594,0.076819407,0.124324324
4.36917E-5,10.003857344,0.225066448,0.586794561,0.079514825,0.12972973
4.40789E-5,10.254169307,0.226815662,0.58148631,0.083557951,0.12972973
4.44449E-5,10.50206991,0.228465331,0.576271186,0.08490566,0.12972973
4.49418E-5,10.752277815,0.230699299,0.571056063,0.08490566,0.12972973
4.54191E-5,11.000892831,0.232839198,0.565934066,0.08490566,0.135135135
4.58811E-5,11.252059933,0.234905172,0.560812069,0.086253369,0.140540541
4.63988E-5,11.501184558,0.237213194,0.5557832,0.088948787,0.140540541
4.68471E-5,11.752993941,0.239205852,0.55075433,0.094339623,0.140540541
4.73198E-5,12.002552834,0.241301686,0.545818588,0.094339623,0.140540541
4.77117E-5,12.254393989,0.243035214,0.540882846,0.095687332,0.140540541
4.82302E-5,12.503741266,0.24532211,0.536040231,0.098382749,0.145945946
4.8758E-5,12.751094201,0.24764319,0.531290743,0.098382749,0.145945946
4.91798E-5,13.000743895,0.249492613,0.526541255,0.099730458,0.145945946
4.95375E-5,13.252504452,0.251057762,0.521791768,0.102425876,0.145945946
4.99854E-5,13.501394809,0.253012736,0.517135407,0.102425876,0.151351351
5.04079E-5,13.752459075,0.254852316,0.512479046,0.103773585,0.151351351
5.09509E-5,14.000830368,0.257209753,0.507915813,0.103773585,0.151351351
5.12788E-5,14.251305426,0.258629796,0.50335258,0.105121294,0.151351351
5.18229E-5,14.503888425,0.260980245,0.498789346,0.107816712,0.162162162
5.22179E-5,14.753495123,0.262681936,0.49431924,0.10916442,0.162162162
5.26712E-5,15.000165711,0.264629709,0.489942261,0.10916442,0.162162162
5.31545E-5,15.254300831,0.266701139,0.485472155,0.113207547,0.162162162
5.36551E-5,15.500004789,0.268840085,0.481188303,0.115902965,0.167567568
5.40189E-5,15.753028385,0.270390874,0.476811324,0.117250674,0.167567568
5.44368E-5,16.00240461,0.272167977,0.472527473,0.117250674,0.167567568
5.47754E-5,16.253565716,0.273604952,0.468243621,0.119946092,0.167567568
5.52868E-5,16.501223747,0.275769275,0.464052896,0.123989218,0.172972973
5.57165E-5,16.751039546,0.277583381,0.459862172,0.123989218,0.172972973
5.61582E-5,17.002782776,0.279443034,0.455671447,0.125336927,0.172972973
5.6496E-5,17.250651024,0.280862144,0.45157385,0.128032345,0.178378378
5.68514E-5,17.500092482,0.282352223,0.447476253,0.129380054,0.178378378
5.72187E-5,17.751048492,0.283888776,0.443378655,0.129380054,0.178378378
5.76098E-5,18.003631675,0.285521395,0.439281058,0.130727763,0.178378378
5.79203E-5,18.25217497,0.286814647,0.435276588,0.130727763,0.178378378
5.84419E-5,18.502292517,0.288982631,0.431272118,0.132075472,0.178378378
5.89684E-5,18.754803985,0.291163859,0.427267648,0.134770889,0.178378378
5.93231E-5,19.003234278,0.292629496,0.423356305,0.134770889,0.178378378
5.975E-5,19.25326315,0.294389772,0.419444962,0.137466307,0.178378378
6.02849E-5,19.505177276,0.296588754,0.415533619,0.138814016,0.178378378
6.06262E-5,19.753098523,0.29798834,0.411715403,0.142857143,0.178378378
6.10771E-5,20.002672868,0.299833183,0.407897188,0.145552561,0.178378378
6.16698E-5,20.254335164,0.302250779,0.404078972,0.150943396,0.178378378
6.20539E-5,20.501841857,0.303813403,0.400353883,0.154986523,0.178378378
6.24749E-5,20.750913348,0.30552165,0.396628795,0.156334232,0.178378378
6.28643E-5,21.00144751,0.307098082,0.392903706,0.15902965,0.178378378
6.32453E-5,21.253702757,0.308636879,0.389178618,0.161725067,0.183783784
6.36745E-5,21.50108399,0.310366311,0.385546657,0.163072776,0.183783784
6.41658E-5,21.750231423,0.312340672,0.381914695,0.165768194,0.183783784
6.45345E-5,22.001245313,0.313818962,0.378282734,0.169811321,0.183783784
6.49765E-5,22.253816713,0.315586716,0.374650773,0.169811321,0.183783784
6.54484E-5,22.501531014,0.317469003,0.371111939,0.173854447,0.189189189
6.58918E-5,22.751224579,0.319232504,0.367573105,0.173854447,0.189189189
6.64023E-5,23.002482409,0.321257751,0.364034271,0.176549865,0.189189189
6.68365E-5,23.255807315,0.322975384,0.360495437,0.177897574,0.189189189
6.71621E-5,23.503710734,0.324260767,0.35704973,0.180592992,0.189189189
6.76429E-5,23.753044933,0.326153956,0.353604023,0.181940701,0.189189189
6.80654E-5,24.004213015,0.327813573,0.350158316,0.18328841,0.189189189
6.85954E-5,24.250288628,0.329889192,0.346805737,0.18328841,0.189189189
6.89802E-5,24.504671154,0.331392456,0.34336003,0.18328841,0.189189189
6.94147E-5,24.75377521,0.33308591,0.34000745,0.18328841,0.189189189
7.00055E-5,25.004961273,0.335381231,0.336654871,0.187331536,0.189189189
7.05608E-5,25.251009891,0.337531494,0.333395418,0.187331536,0.189189189
7.10623E-5,25.50595818,0.339467367,0.330042839,0.190026954,0.189189189
7.16502E-5,25.755742938,0.341729896,0.326783386,0.194070081,0.189189189
7.21444E-5,26.000199371,0.343625587,0.323617061,0.198113208,0.194594595
7.27051E-5,26.253688195,0.345769862,0.320357608,0.200808625,0.2
7.33407E-5,26.501984489,0.348192077,0.317191283,0.204851752,0.2
7.38649E-5,26.752274799,0.350182915,0.314024958,0.20754717,0.2
7.44577E-5,27.004510751,0.352427279,0.310858633,0.208894879,0.2
7.48941E-5,27.250832578,0.354074245,0.307785435,0.211590296,0.2
7.5526E-5,27.506616019,0.356451768,0.30461911,0.215633423,0.2
7.61892E-5,27.756945181,0.358937621,0.301545912,0.218328841,0.205405405
7.67877E-5,28.001820301,0.361173077,0.298565841,0.223719677,0.210810811
7.74429E-5,28.256337152,0.363611007,0.295492643,0.225067385,0.210810811
7.81808E-5,28.505382211,0.366345375,0.292512572,0.229110512,0.210810811
7.88596E-5,28.756629144,0.368850639,0.289532501,0.233153639,0.216216216
7.93773E-5,29.001921236,0.370754749,0.286645558,0.237196765,0.227027027
7.99501E-5,29.256869485,0.372854442,0.283665487,0.245283019,0.237837838
8.05755E-5,29.505611493,0.375139129,0.280778543,0.249326146,0.237837838
8.11496E-5,29.756326866,0.377229437,0.2778916,0.250673854,0.243243243
8.18013E-5,30.00074304,0.379593388,0.275097784,0.252021563,0.248648649
8.24713E-5,30.255444774,0.382014304,0.27221084,0.261455526,0.259459459
8.3317E-5,30.501367804,0.385056806,0.269417024,0.265498652,0.259459459
8.3923E-5,30.755202019,0.387227661,0.266623207,0.266846361,0.264864865
8.48236E-5,31.000040159,0.390439939,0.263922518,0.26819407,0.27027027
8.55028E-5,31.255577585,0.392851275,0.261128702,0.270889488,0.27027027
8.61248E-5,31.504501242,0.395051113,0.258428013,0.273584906,0.27027027
8.68735E-5,31.755243424,0.39768867,0.255727324,0.277628032,0.27027027
8.79947E-5,32.000139896,0.40161679,0.253119762,0.278975741,0.27027027
8.89193E-5,32.256825173,0.404836779,0.250419072,0.283018868,0.275675676
8.95357E-5,32.506639604,0.406973898,0.247811511,0.284366577,0.281081081
9.06306E-5,32.750040175,0.410751018,0.245297076,0.289757412,0.281081081
9.12908E-5,33.004795984,0.413016852,0.242689514,0.29245283,0.286486486
9.18532E-5,33.252013855,0.41494028,0.240175079,0.29245283,0.291891892
9.25489E-5,33.501010183,0.417310871,0.237660644,0.295148248,0.313513514
9.33125E-5,33.751966649,0.419901839,0.23514621,0.301886792,0.324324324
9.44057E-5,34.005224734,0.42359094,0.232631775,0.307277628,0.324324324
9.5003E-5,34.251515344,0.425596567,0.230210467,0.314016173,0.324324324
9.57566E-5,34.508986761,0.428117084,0.227696033,0.31671159,0.32972973
9.6752E-5,34.759219003,0.431429615,0.225274725,0.319407008,0.32972973
9.75144E-5,35.002051856,0.433953784,0.222946545,0.319407008,0.340540541
9.84629E-5,35.256813997,0.437078253,0.220525237,0.320754717,0.340540541
9.95699E-5,35.50428519,0.440703173,0.218197057,0.320754717,0.340540541
1.00561E-4,35.754251899,0.443927231,0.215868877,0.320754717,0.340540541
1.01927E-4,36.006939301,0.448343606,0.213540697,0.320754717,0.345945946
1.03363E-4,36.253080642,0.45294768,0.211305644,0.322102426,0.345945946
1.04331E-4,36.502330197,0.456029446,0.20907059,0.323450135,0.345945946
1.05453E-4,36.754341615,0.459578294,0.206835537,0.323450135,0.345945946
1.0674E-4,37.009134529,0.463622598,0.204600484,0.327493261,0.345945946
1.0801E-4,37.256005621,0.46758256,0.202458558,0.330188679,0.345945946
1.09416E-4,37.506291095,0.471934423,0.200316633,0.338274933,0.345945946
1.10523E-4,37.759376812,0.475336556,0.198174707,0.339622642,0.345945946
1.1174E-4,38.003677479,0.479049536,0.196125908,0.342318059,0.345945946
1.13211E-4,38.251165624,0.483500998,0.194077109,0.345013477,0.356756757
1.1485E-4,38.502134421,0.48841826,0.192028311,0.346361186,0.362162162
1.16051E-4,38.756328276,0.491991271,0.189979512,0.346361186,0.362162162
1.16984E-4,39.001157692,0.494748738,0.188023841,0.346361186,0.362162162
1.18495E-4,39.260430042,0.499184407,0.185975042,0.351752022,0.367567568
1.19646E-4,39.51028947,0.502536598,0.18401937,0.351752022,0.367567568
1.20862E-4,39.750827367,0.506054585,0.182156826,0.354447439,0.372972973
1.22867E-4,40.006858742,0.511801945,0.180201155,0.354447439,0.372972973
1.24452E-4,40.254092131,0.51629577,0.178338611,0.354447439,0.372972973
1.26477E-4,40.504993122,0.521977926,0.176476066,0.358490566,0.383783784
1.27616E-4,40.759122681,0.525147337,0.174613522,0.359838275,0.383783784
1.2899E-4,41.002754463,0.528938951,0.172844105,0.362533693,0.383783784
1.30484E-4,41.262199031,0.533027251,0.170981561,0.366576819,0.383783784
1.32397E-4,41.512078227,0.538211058,0.169212144,0.367924528,0.389189189
1.34277E-4,41.752288628,0.543249952,0.167535854,0.369272237,0.389189189
1.35395E-4,42.008652386,0.546220774,0.165766437,0.370619946,0.389189189
1.36875E-4,42.254071252,0.550122721,0.164090147,0.373315364,0.389189189
1.38316E-4,42.501722578,0.553889867,0.162413857,0.373315364,0.389189189
1.40028E-4,42.752138592,0.558326332,0.160737568,0.376010782,0.389189189
1.41781E-4,43.005931011,0.562820414,0.159061278,0.378706199,0.389189189
1.43582E-4,43.262931747,0.56739302,0.157384988,0.381401617,0.389189189
1.45619E-4,43.508911898,0.57250439,0.155801825,0.381401617,0.389189189
1.47287E-4,43.757801824,0.576646294,0.154218663,0.384097035,0.389189189
1.4874E-4,44.009697732,0.580220608,0.1526355,0.385444744,0.389189189
1.50129E-4,44.263955662,0.583607713,0.151052337,0.386792453,0.389189189
1.51317E-4,44.505236519,0.58648586,0.149562302,0.388140162,0.389189189
1.52659E-4,44.763672338,0.589710957,0.14797914,0.389487871,0.394594595
1.54535E-4,45.009598239,0.594179914,0.146489104,0.39083558,0.4
1.56497E-4,45.258533158,0.598799736,0.144999069,0.393530997,0.405405405
1.57972E-4,45.510205678,0.602238758,0.143509033,0.393530997,0.405405405
1.59941E-4,45.764380755,0.606782423,0.142018998,0.396226415,0.405405405
1.61472E-4,46.005538053,0.61028027,0.14062209,0.398921833,0.405405405
1.62668E-4,46.264875397,0.612990243,0.139132054,0.400269542,0.405405405
1.64516E-4,46.510166042,0.617141094,0.137735146,0.40296496,0.405405405
1.67341E-4,46.758441805,0.623402408,0.136338238,0.404312668,0.410810811
1.68934E-4,47.010650001,0.626887673,0.13494133,0.405660377,0.410810811
1.71541E-4,47.265874929,0.632520522,0.133544422,0.408355795,0.410810811
1.74093E-4,47.508629832,0.637953694,0.132240641,0.409703504,0.416216216
1.76621E-4,47.754275317,0.643255855,0.13093686,0.412398922,0.421621622
1.78699E-4,48.003262612,0.647555936,0.129633079,0.413746631,0.427027027
1.80838E-4,48.255306288,0.651927545,0.128329298,0.413746631,0.427027027
1.82516E-4,48.509780714,0.655318913,0.127025517,0.41509434,0.427027027
1.85116E-4,48.767388827,0.660509326,0.125721736,0.417789757,0.427027027
1.8688E-4,49.009205304,0.663987292,0.124511082,0.419137466,0.427027027
1.90134E-4,49.254894401,0.670306472,0.123300428,0.421832884,0.437837838
1.91802E-4,49.503027269,0.673500859,0.122089775,0.423180593,0.437837838
1.92731E-4,49.753034514,0.675266771,0.120879121,0.423180593,0.437837838
1.94996E-4,50.005501537,0.679530014,0.119668467,0.429919137,0.443243243
1.96874E-4,50.26028025,0.683023234,0.118457813,0.431266846,0.443243243
1.98597E-4,50.517209655,0.686195502,0.11724716,0.436657682,0.443243243
1.99915E-4,50.756296604,0.688598386,0.116129633,0.4393531,0.443243243
2.0134E-4,51.017006775,0.691178799,0.114918979,0.440700809,0.448648649
2.03976E-4,51.260315901,0.695891997,0.113801453,0.443396226,0.448648649
2.05738E-4,51.505998224,0.699003387,0.112683926,0.444743935,0.448648649
2.07604E-4,51.754269815,0.702262865,0.1115664,0.447439353,0.459459459
2.09434E-4,52.004531243,0.705426074,0.110448873,0.448787062,0.459459459
2.10894E-4,52.25694233,0.707926002,0.109331347,0.450134771,0.459459459
2.12531E-4,52.510802159,0.710703003,0.10821382,0.45148248,0.459459459
2.15367E-4,52.767663966,0.715451204,0.107096294,0.454177898,0.464864865
2.16849E-4,53.005312966,0.717900879,0.106071894,0.455525606,0.464864865
2.18815E-4,53.26680803,0.721119093,0.104954368,0.462264151,0.464864865
2.21061E-4,53.508843591,0.724750288,0.103929968,0.46361186,0.47027027
2.23871E-4,53.753960413,0.729228478,0.102905569,0.464959569,0.47027027
2.26429E-4,54.001767101,0.733239794,0.10188117,0.470350404,0.47027027
2.3013E-4,54.252791958,0.738939167,0.10085677,0.474393531,0.47027027
2.32826E-4,54.507845798,0.743014542,0.099832371,0.474393531,0.47027027
2.36238E-4,54.76688615,0.748080908,0.098807972,0.477088949,0.481081081
2.38473E-4,55.004560948,0.751345595,0.0978767,0.479784367,0.486486486
2.40118E-4,55.267664078,0.753721597,0.0968523,0.479784367,0.486486486
2.42756E-4,55.509009393,0.757484208,0.095921028,0.482479784,0.486486486
2.45044E-4,55.752898539,0.760700548,0.094989756,0.48787062,0.486486486
2.46747E-4,56.023483569,0.763067545,0.093965357,0.489218329,0.486486486
2.48305E-4,56.270816482,0.765212022,0.093034085,0.489218329,0.486486486
2.49545E-4,56.519731044,0.766905018,0.092102812,0.489218329,0.486486486
2.51808E-4,56.770339547,0.769962559,0.09117154,0.490566038,0.486486486
2.54096E-4,57.023665379,0.773014072,0.090240268,0.493261456,0.486486486
2.57204E-4,57.253979295,0.777094127,0.089402123,0.495956873,0.491891892
2.58522E-4,57.511917933,0.778801177,0.088470851,0.497304582,0.491891892
2.60267E-4,57.771340964,0.78104228,0.087539579,0.501347709,0.497297297
2.61942E-4,58.006571,0.783173364,0.086701434,0.504043127,0.497297297
2.64605E-4,58.269562027,0.786516347,0.085770162,0.504043127,0.497297297
2.66348E-4,58.50859752,0.788676861,0.084932017,0.506738544,0.502702703
2.6942E-4,58.776739605,0.792431201,0.084000745,0.509433962,0.502702703
2.71451E-4,59.020287445,0.794876902,0.0831626,0.509433962,0.508108108
2.7387E-4,59.265880947,0.797752789,0.082324455,0.51212938,0.513513514
2.75924E-4,59.513250156,0.80016245,0.08148631,0.514824798,0.513513514
2.77885E-4,59.762602067,0.80243642,0.080648165,0.517520216,0.518918919
2.80335E-4,60.013670707,0.805240649,0.07981002,0.518867925,0.518918919
2.826E-4,60.266736515,0.807798715,0.078971876,0.520215633,0.518918919
2.84204E-4,60.521708189,0.809589762,0.078133731,0.522911051,0.518918919
2.866E-4,60.750174418,0.812232941,0.077388713,0.522911051,0.524324324
2.90341E-4,61.010724222,0.816288108,0.076550568,0.52425876,0.524324324
2.92947E-4,61.272970403,0.819061245,0.075712423,0.525606469,0.52972973
2.94339E-4,61.50792386,0.820525121,0.074967405,0.528301887,0.52972973
2.98055E-4,61.774543396,0.824375021,0.074129261,0.530997305,0.535135135
3.01565E-4,62.014820922,0.82793629,0.073384243,0.532345013,0.535135135
3.03389E-4,62.256891877,0.829757618,0.072639225,0.535040431,0.535135135
3.06084E-4,62.500523579,0.832414017,0.071894207,0.539083558,0.535135135
3.09118E-4,62.777310949,0.835355118,0.071056063,0.540431267,0.551351351
3.1065E-4,63.025314361,0.836820522,0.070311045,0.543126685,0.551351351
3.13463E-4,63.275525371,0.839478063,0.069566027,0.545822102,0.551351351
3.14366E-4,63.52666342,0.840321635,0.068821009,0.547169811,0.551351351
3.15837E-4,63.778663513,0.841686675,0.068075992,0.547169811,0.556756757
3.18316E-4,64.000843564,0.843959834,0.067424101,0.54851752,0.556756757
3.20529E-4,64.256640736,0.845962169,0.066679084,0.551212938,0.556756757
3.22466E-4,64.513761594,0.847693873,0.065934066,0.556603774,0.556756757
3.24155E-4,64.772528832,0.849187841,0.065189048,0.557951482,0.556756757
3.26811E-4,65.032669422,0.851507679,0.064444031,0.561994609,0.562162162
3.28634E-4,65.262237159,0.853078613,0.06379214,0.564690027,0.562162162
3.32922E-4,65.527139186,0.856709545,0.063047122,0.564690027,0.567567568
3.36447E-4,65.762256951,0.859626978,0.062395232,0.567385445,0.567567568
3.38729E-4,66.032329305,0.861484666,0.061650214,0.567385445,0.572972973
3.41778E-4,66.271049321,0.863926856,0.060998324,0.568733154,0.572972973
3.43836E-4,66.510948443,0.865551453,0.060346433,0.570080863,0.578378378
3.47E-4,66.752670485,0.868011629,0.059694543,0.57277628,0.578378378
3.49353E-4,67.031513601,0.869811541,0.058949525,0.576819407,0.578378378
3.52344E-4,67.27722184,0.872064272,0.058297635,0.578167116,0.578378378
3.53961E-4,67.524472439,0.873265557,0.057645744,0.580862534,0.578378378
3.55676E-4,67.77276458,0.874527804,0.056993854,0.582210243,0.578378378
3.57696E-4,68.022751584,0.875998541,0.056341963,0.583557951,0.578378378
3.59897E-4,68.27391768,0.877580834,0.055690073,0.587601078,0.578378378
3.61835E-4,68.526594362,0.878957449,0.055038182,0.590296496,0.578378378
3.6293E-4,68.780324758,0.879728559,0.054386292,0.595687332,0.583783784
3.65564E-4,69.03570382,0.881563525,0.053734401,0.601078167,0.583783784
3.6597E-4,69.255158963,0.881843503,0.053175638,0.601078167,0.583783784
3.68122E-4,69.509505573,0.88331846,0.052523747,0.602425876,0.583783784
3.70804E-4,69.770711385,0.885130414,0.051871857,0.605121294,0.605405405
3.72885E-4,70.031061771,0.886516618,0.051219966,0.607816712,0.605405405
3.76246E-4,70.255804956,0.888721243,0.050661203,0.60916442,0.621621622
3.7874E-4,70.519975861,0.890328969,0.050009313,0.611859838,0.632432432
3.80841E-4,70.785976524,0.891665179,0.049357422,0.614555256,0.632432432
3.82772E-4,71.015126612,0.892879236,0.048798659,0.617250674,0.637837838
3.86985E-4,71.284301196,0.895480886,0.048146768,0.621293801,0.643243243
3.89801E-4,71.517725873,0.897184817,0.047588005,0.623989218,0.643243243
3.93503E-4,71.753170051,0.899382128,0.047029242,0.623989218,0.664864865
3.95385E-4,72.029237106,0.900481253,0.046377351,0.629380054,0.664864865
3.97362E-4,72.267150129,0.901622469,0.045818588,0.630727763,0.664864865
3.99124E-4,72.506141834,0.902629266,0.045259825,0.636118598,0.664864865
4.04011E-4,72.788014574,0.905366938,0.044607934,0.640161725,0.67027027
4.08396E-4,73.030353512,0.907757942,0.044049171,0.644204852,0.681081081
4.11401E-4,73.277945638,0.909361433,0.043490408,0.650943396,0.686486486
4.14295E-4,73.525611762,0.910879447,0.042931645,0.652291105,0.691891892
4.17019E-4,73.774972324,0.912285027,0.042372881,0.653638814,0.691891892
4.18914E-4,74.025923014,0.913249635,0.041814118,0.657681941,0.691891892
4.20913E-4,74.277950813,0.914255907,0.041255355,0.660377358,0.691891892
4.2321E-4,74.531489342,0.915397578,0.040696592,0.664420485,0.697297297
4.26889E-4,74.786659087,0.91719449,0.040137828,0.668463612,0.697297297
4.31848E-4,75.001218924,0.919556677,0.039672192,0.67115903,0.697297297
4.33988E-4,75.260948826,0.920554738,0.039113429,0.672506739,0.697297297
4.3861E-4,75.522690592,0.922668938,0.038554666,0.673854447,0.708108108
4.41433E-4,75.787095345,0.923932859,0.037995902,0.677897574,0.708108108
4.44213E-4,76.008622235,0.925156987,0.037530266,0.680592992,0.708108108
4.49254E-4,76.277307909,0.927326596,0.036971503,0.684636119,0.718918919
4.51237E-4,76.502588656,0.928162581,0.036505867,0.688679245,0.72972973
4.54773E-4,76.774553577,0.929629906,0.035947104,0.690026954,0.72972973
4.55699E-4,77.002214788,0.930009287,0.035481468,0.69541779,0.735135135
4.60357E-4,77.277145844,0.93188601,0.034922704,0.699460916,0.735135135
4.61212E-4,77.507607948,0.932225233,0.034457068,0.703504043,0.735135135
4.67982E-4,77.786537381,0.934850803,0.033898305,0.708894879,0.751351351
4.69793E-4,78.021277418,0.935535537,0.033432669,0.714285714,0.751351351
4.70305E-4,78.256316335,0.935728059,0.032967033,0.718328841,0.751351351
4.75025E-4,78.540126903,0.937474113,0.03240827,0.718328841,0.751351351
4.77769E-4,78.77852809,0.938467351,0.031942634,0.723719677,0.762162162
4.79287E-4,79.017839972,0.939009982,0.031476998,0.725067385,0.762162162
4.83244E-4,79.258667888,0.940402299,0.031011362,0.725067385,0.767567568
4.84325E-4,79.500525783,0.940777241,0.030545725,0.730458221,0.772972973
4.86813E-4,79.792356854,0.941630861,0.029986962,0.738544474,0.772972973
4.895E-4,80.004293306,0.942538842,0.029521326,0.74393531,0.772972973
4.91814E-4,80.282131041,0.943309845,0.02905569,0.749326146,0.778378378
4.93918E-4,80.528756973,0.94400163,0.028590054,0.753369272,0.778378378
4.99301E-4,80.777364275,0.945733492,0.028124418,0.760107817,0.783783784
5.00932E-4,81.027486337,0.946247516,0.027658782,0.766846361,0.783783784
5.05201E-4,81.279670949,0.947570202,0.027193146,0.772237197,0.789189189
5.07943E-4,81.533130153,0.948402406,0.02672751,0.776280323,0.789189189
5.09945E-4,81.763077184,0.949001687,0.026261874,0.777628032,0.789189189
5.12796E-4,82.043662902,0.949843088,0.025796238,0.78032345,0.794594595
5.14845E-4,82.300789684,0.950439347,0.025330602,0.787061995,0.794594595
5.16562E-4,82.507170668,0.950933393,0.024958093,0.791105121,0.8
5.17644E-4,82.765789981,0.951242241,0.024492457,0.796495957,0.805405405
5.19761E-4,83.025222897,0.951840922,0.024026821,0.801886792,0.805405405
5.20563E-4,83.285251874,0.952065944,0.023561185,0.80458221,0.805405405
5.2248E-4,83.541312658,0.952599083,0.023095549,0.809973046,0.816216216
5.24992E-4,83.755803873,0.953289053,0.02272304,0.814016173,0.821621622
5.27121E-4,84.018795394,0.953865781,0.022257404,0.819407008,0.821621622
5.29964E-4,84.2698423,0.954624896,0.021791768,0.824797844,0.832432432
5.32707E-4,84.549221745,0.955345454,0.021326131,0.830188679,0.837837838
5.33521E-4,84.762480361,0.955557029,0.020953623,0.834231806,0.837837838
5.3558E-4,85.029685567,0.956087865,0.020487987,0.834231806,0.837837838
5.39247E-4,85.279312573,0.957017566,0.020022351,0.835579515,0.848648649
5.41179E-4,85.514677888,0.957499473,0.019649842,0.84097035,0.854054054
5.43514E-4,85.786144102,0.958074675,0.019184206,0.845013477,0.854054054
5.45661E-4,86.0042321,0.95859682,0.018811697,0.847708895,0.854054054
5.48303E-4,86.278041822,0.959230244,0.018346061,0.851752022,0.854054054
5.53759E-4,86.553474107,0.960507925,0.017880425,0.854447439,0.854054054
5.57951E-4,86.776226191,0.961462357,0.017507916,0.858490566,0.864864865
5.62301E-4,87.000278434,0.962428392,0.017135407,0.861185984,0.87027027
5.64743E-4,87.282148871,0.962960053,0.016669771,0.865229111,0.87027027
5.66587E-4,87.501520636,0.963356363,0.016297262,0.869272237,0.875675676
5.71326E-4,87.768813918,0.964355912,0.015831626,0.871967655,0.881081081
5.72805E-4,88.022266242,0.96466231,0.015459117,0.873315364,0.886486486
5.73529E-4,88.251527344,0.964811244,0.015086608,0.874663073,0.891891892
5.77338E-4,88.539579328,0.965584814,0.014620972,0.880053908,0.891891892
5.79636E-4,88.771089191,0.966043294,0.014248463,0.882749326,0.902702703
5.86686E-4,89.004639649,0.967412052,0.013875955,0.885444744,0.908108108
5.9529E-4,89.300002158,0.969007872,0.013410318,0.89083558,0.913513514
6.0024E-4,89.538945291,0.969890354,0.01303781,0.893530997,0.918918919
6.06232E-4,89.780322814,0.970925098,0.012665301,0.896226415,0.924324324
6.10016E-4,90.023817382,0.971560167,0.012292792,0.900269542,0.92972973
6.16316E-4,90.269665497,0.972586735,0.011920283,0.901617251,0.935135135
6.22178E-4,90.517896948,0.97350874,0.011547774,0.904312668,0.935135135
6.25648E-4,90.767668211,0.974039707,0.011175265,0.908355795,0.935135135
6.32122E-4,91.019432322,0.975002232,0.010802757,0.911051213,0.935135135
6.33172E-4,91.272512287,0.975154984,0.010430248,0.913746631,0.935135135
6.37378E-4,91.526969477,0.975757436,0.010057739,0.91509434,0.940540541
6.41918E-4,91.758014565,0.976391222,0.00968523,0.919137466,0.940540541
6.47493E-4,92.041478681,0.977146993,0.009312721,0.924528302,0.945945946
6.61629E-4,92.303041226,0.978956596,0.008940212,0.92722372,0.945945946
6.69001E-4,92.502886319,0.979842741,0.008660831,0.929919137,0.945945946
6.71955E-4,92.771157236,0.98018719,0.008288322,0.932614555,0.945945946
6.77009E-4,93.0409427,0.980763114,0.007915813,0.935309973,0.945945946
6.82337E-4,93.313510961,0.98135199,0.007543304,0.936657682,0.945945946
6.88737E-4,93.519770864,0.982035629,0.007263923,0.936657682,0.945945946
6.93158E-4,93.796789594,0.982493181,0.006891414,0.938005391,0.945945946
7.06687E-4,94.007968946,0.983822279,0.006612032,0.9393531,0.945945946
7.16841E-4,94.261716341,0.984753085,0.006239523,0.940700809,0.945945946
7.25004E-4,94.510387908,0.985462379,0.005960142,0.943396226,0.951351351
7.38558E-4,94.803941757,0.986567985,0.005587633,0.946091644,0.951351351
7.40264E-4,95.025789227,0.986701037,0.005308251,0.947439353,0.951351351
7.58682E-4,95.325799959,0.988056346,0.004935742,0.952830189,0.956756757
7.65387E-4,95.55489634,0.988514642,0.004656361,0.954177898,0.956756757
7.72993E-4,95.759294,0.989013295,0.004376979,0.956873315,0.962162162
7.91757E-4,96.022103727,0.99015289,0.004097597,0.959568733,0.967567568
8.07277E-4,96.262727899,0.991005549,0.003818216,0.960916442,0.967567568
8.13382E-4,96.506632402,0.991320347,0.003538834,0.96361186,0.967567568
8.20382E-4,96.752307331,0.991667803,0.003259452,0.967654987,0.967567568
8.3022E-4,97.000444775,0.992132703,0.002980071,0.971698113,0.967567568
8.44812E-4,97.252802278,0.99277491,0.002700689,0.974393531,0.967567568
8.5352E-4,97.507592886,0.993132924,0.002421308,0.97574124,0.967567568
8.78927E-4,97.767996539,0.994079212,0.002141926,0.978436658,0.972972973
9.048E-4,98.038474922,0.994908989,0.001862544,0.981132075,0.994594595
9.16763E-4,98.312672393,0.995252275,0.001583163,0.982479784,0.994594595
9.30044E-4,98.589467044,0.995606358,0.001303781,0.986522911,0.994594595
9.45744E-4,98.778109135,0.995991024,0.001117527,0.989218329,0.994594595
1.00143E-3,99.074588659,0.997103352,0.000838145,0.993261456,0.994594595
1.0088E-3,99.276110198,0.997225273,0.00065189,0.995956873,1
1.01745E-3,99.580880269,0.997361818,0.000372509,0.998652291,1
1.3666E-3,99.831285969,0.999656145,0.000186254,1,1
1.68714E-3,100,0.999947036,0.000093127,1,1
