X,Y,Test or train,Raw prediction,Cumulative prediction,Cloglog prediction
-666247.1523977424,-7977320.366029276,train,8.754591680138313E-5,16.034112635986308,0.3379518446175962
-666581.1108701222,-7625558.939074451,train,2.202827579387756E-4,53.406239364178134,0.6457393383472763
-667026.3888332952,-6328133.963581965,train,2.5418076572332184E-4,57.51149812971479,0.6980250579148776
-667026.3888332952,-8143080.424317071,train,3.208819769167843E-5,3.548840552256913,0.14029258526519217
-667360.347305675,-7930420.586571694,train,1.1212136651043899E-4,23.716391404954123,0.4103278685575048
-667582.9862872616,-7522565.945446997,train,2.641859098897656E-4,58.77026957017361,0.7119277955543396
-667582.9862872616,-8250210.041870189,train,3.8609557566775684E-5,4.710289858415303,0.1663022964895834
-667694.3057780549,-8033864.549584022,train,5.331795843677583E-5,7.574285328583758,0.22211275686056864
-668473.5422136078,-7229656.175890996,train,3.0981887871260963E-4,64.56946935871169,0.767651033116703
-668696.1811951943,-7722825.278272577,train,1.6413691041697995E-4,40.8574920950517,0.5384785762493791
-668696.1811951943,-7824872.811527456,train,1.3240587782072533E-4,30.278027416750444,0.4640670385069565
-668807.5006859876,-7735480.456890185,train,1.4812030571465632E-4,35.536003484941126,0.5023084362799737
-668807.5006859876,-7877773.273900488,train,1.0011982496215253E-4,19.898101036059753,0.37602873763493183
-669364.0981399539,-7327418.687593235,train,3.5888134365032485E-4,69.83102293323225,0.8155988095438689
-667916.9447596414,-7825906.503080812,train,1.2136579716654655E-4,26.971709071887577,0.43545651722517353
-1399842.5967254152,-7379626.013314011,train,3.544987229815942E-4,69.49967984218002,0.8117521019921298
-2223606.8285956397,-8961238.226298321,train,5.857222200078174E-6,0.3724774487006869,0.027215384215272476
2131768.2486911886,-8405423.70872238,train,4.173989914223836E-5,5.28333704904734,0.17850631137895423
1.6783639626901858E7,-4209948.030078414,train,8.026608096415464E-4,90.97373242458214,0.9772052858544262
1.683373339775883E7,-4430058.030350487,train,3.466667715647728E-4,68.7645619629206,0.8046769283330627
1.6924816118320793E7,-3915547.3701967327,train,0.0016114392748621284,97.54088207472127,0.9994951618423508
1.69508904826493E7,-3879832.003563356,train,0.001691045003490011,98.3758080924663,0.9996530342513326
1.6950618863091767E7,-4492802.370522239,train,1.6066984417308113E-4,39.747856984089154,0.5308787070328476
1.700256499027554E7,-3808562.5465114973,train,0.0017132106173374728,98.54722828354816,0.999687436747527
1.702035607129412E7,-3768613.9747890593,train,0.0018615143488568471,99.80760667514697,0.9998445742666284
1.703735567073316E7,-3728394.4058434605,train,0.001797637784221029,99.2519069603222,0.9997900053860369
1.7049340327111967E7,-3686675.6299699107,train,0.0017723759291280996,99.0721253130987,0.9997634671572798
1.708936413683178E7,-3518792.1061432944,train,0.0018491282373633417,99.62142921539862,0.9998352354778525
1.888720697503191E7,-5219968.577087089,train,6.256821128475407E-5,9.573499682715505,0.25528254541349804
1.8904090356922563E7,-5199278.453126481,train,6.319485270728944E-5,9.726911734293134,0.2574777268051094
1.8976448025938194E7,-5245109.138086316,train,1.0138854847972342E-4,20.324293007583236,0.37974695717369755
1.9369776967620753E7,-5775994.8674991205,train,1.2897480659605586E-4,29.33068735321558,0.45533420069650654
1.9372188815708283E7,-5758122.628394527,train,1.32137223468737E-4,30.182288455309987,0.4633883353895547
1.9647519097149972E7,-5371719.36699411,train,1.472855833251623E-4,35.21157783315757,0.5003475285969405
1.965976424113723E7,-5358839.615175908,train,1.4476298330854428E-4,34.34276997550407,0.4943744238223856
1.992637442158712E7,-5049419.910559161,train,1.2503713485409207E-4,28.119298391362573,0.44513644662892315
-4757984.279638861,-7042437.026769132,train,3.2600698046568184E-4,66.37705118723883,0.7847111856186231
-6395304.746073566,-7896178.637139947,train,1.3120242578790005E-4,29.866890674766385,0.4610200448243985
-6458389.501506114,-8298148.865443119,train,2.2538061095490327E-4,54.25586226235979,0.6541456689535816
-4830102.611749283,-3519350.088375941,train,6.96336107483937E-5,11.252430556470209,0.2796618541502356
1.7109805734926146E7,-3828520.2629515156,train,5.13040784642702E-4,80.46927193405618,0.9107992477401501
1.723225717479875E7,-3597829.104312447,train,5.189410884601205E-4,80.66423104273036,0.9132444894484073
1.7307954428538173E7,-4402292.531957184,train,1.496538974004379E-4,36.171595689521986,0.5058910734351874
1.7424839893871114E7,-4423109.739486571,train,1.5142946775383655E-4,36.93041547897321,0.5100067967893767
-263459.83886044053,-7670045.247248293,train,7.847491951089641E-5,13.52075071288292,0.30904787482384455
-3977356.3504510303,-6963477.059544627,train,9.304119489918988E-4,92.53081654983113,0.9875127225786845
-4174013.3628864274,-7023787.040463325,train,0.0016769618595897026,98.1124425995923,0.9996292344745864
-4350276.644608497,-7093953.496577295,train,0.0016671737507070624,97.87190398175115,0.9996117380215169
-4551108.137948641,-7068153.077036159,train,3.762306778673474E-4,71.32057531462323,0.8300705420045165
-667137.7083240886,-6413870.0043483535,train,3.756308631544521E-4,71.28414884445361,0.8295897024805589
-667360.347305675,-6948849.38482675,train,4.1705014816144684E-4,74.93879617337842,0.859797418193039
-667694.3057780549,-6075416.824270965,train,5.59696634770357E-5,8.105587486452578,0.23176954644079784
-667694.3057780549,-6242595.999953202,train,1.4408258114742095E-4,34.122211482749314,0.4927511508091118
-668139.583741228,-5909507.99469187,train,4.0709209853863934E-5,5.09517934166078,0.17450790058177523
-668473.5422136078,-6117152.64252761,train,5.788140793115595E-5,8.476979594370581,0.2386571453806925
-667916.9447596414,-6766973.56519875,train,5.786971693979855E-4,83.09737720492672,0.9345300592842584
-667916.9447596414,-7041652.838819833,train,3.487647268125618E-4,69.04709714335661,0.8065978341556213
1.2483022607136238E7,-7640957.276585341,train,6.884675283480985E-4,88.50783215110556,0.9609642540220344
1.341143829230122E7,-7150844.481915791,train,3.4447607641705826E-4,68.47818375939018,0.8026507435955882
1.427118098359583E7,-6681342.815125619,train,1.4294140797157335E-4,33.76954359857863,0.4900168823113956
8677688.265808055,-1.0558407048133744E7,train,3.3813356361775615E-5,3.8544738121029787,0.14725110407648312
-4819020.756440813,-3499850.911215578,train,7.45481626594937E-5,12.54766245073357,0.2961474002681065
-3786721.722467549,-7344615.865263589,train,5.464697293182696E-4,81.8663744408705,0.9237962836840687
-3972246.785823619,-7452921.716509421,train,6.681127984688829E-4,87.54870580805266,0.9570358446443901
-4265395.532878625,-7393293.054022724,train,6.938140140911425E-4,89.31271071994396,0.9619351525151134
-4493132.947143504,-7068921.174809878,train,3.7161051084099405E-4,70.93259253595417,0.8263314877002355
-6495492.287787512,-8484101.108787866,train,2.0768665319151504E-4,51.269459437550864,0.6240818168149387
-667916.9447596414,-6370461.578070968,train,3.120299957335631E-4,64.91376386241974,0.7700586823640054
-667916.9447596414,-6587713.742672444,train,6.286156873195742E-4,85.95710814329212,0.9482496226032764
1.6185853961341979E7,-7789111.969822076,train,3.4210811526878517E-4,68.13728794150954,0.8004369594450936
1298727.4296946886,-7763451.459663877,train,7.107370584961442E-5,11.643437206478154,0.28453215644838836
2146610.8103571283,-7547835.309152564,train,4.3077122007134845E-5,5.524913963345365,0.18366502566786091
-5439215.035497378,-4205128.936050841,train,2.1859015761813738E-4,53.04881647030029,0.6429033098357029
-5523884.640194742,-4236668.9334767265,train,2.502084614463772E-4,57.104405426525226,0.6923210007244657
-77456.10169395975,-7676812.709020447,train,5.580941029991396E-5,8.073897204176104,0.23118936643869392
-3725496.002531249,-7077525.249305219,train,6.142978829529941E-4,85.16533847547119,0.9446386904428348
-3738475.855157744,-7352694.485482162,train,4.600811376094132E-4,77.44269022541921,0.8855228530221422
-3769556.256987226,-7094724.120825199,train,6.056101780654702E-4,84.76293236920007,0.9423259362902893
-3849361.199936924,-7327728.55746307,train,7.126839339017491E-4,90.03721406486233,0.9651728388269852
-3879951.7960069156,-7321185.193613204,train,7.655880466727835E-4,90.55699360529425,0.9728555270836041
-3886441.722320164,-7158420.84822718,train,6.974286032034609E-4,89.60415968014793,0.9625778274680878
-3907781.668705234,-7059559.245188386,train,7.696399659159058E-4,90.64192467282905,0.9733687482004437
-3924936.002236477,-7179768.841248376,train,7.460355157676631E-4,90.38126595101076,0.9702365008901289
-3927718.989506309,-7313932.013687069,train,8.374339058995857E-4,91.27570050531422,0.9806495182463106
-3958331.84947446,-7197213.113064132,train,9.309612758009553E-4,92.53648604166702,0.9875449954337556
-4025123.5439504236,-7041652.838819833,train,0.001327628944259691,95.50301387832755,0.9980777915999427
-4037190.5767524145,-7086908.611391282,train,0.0011466506949002633,94.84477118297013,0.9954911649813603
-4211127.281116905,-7355123.607439606,train,6.685522187623176E-4,87.5584153410985,0.957124690588407
-4255187.535572883,-6872328.651950874,train,7.766225373059345E-4,90.78828426360806,0.9742305042893489
-4272353.001053205,-6832841.82288379,train,5.646993672362078E-4,82.55705841542719,0.9300673335467947
-4441647.682651616,-7074393.700879266,train,4.2899002874425483E-4,75.70036014403985,0.8674657336853021
-6217193.56080433,-8774179.348834852,train,4.0633581521848865E-4,73.80315162092757,0.8525392314896449
-6397163.781569814,-9058051.365040734,train,2.6734181381382323E-4,59.30294103866215,0.7161788967104006
-6433342.616077628,-9027526.56025023,train,7.508216753327272E-4,90.42428124774385,0.970900068222973
-6447257.552426788,-8950792.075145148,train,0.0012662008965542747,95.37025520363862,0.9974327020486987
-6445398.516930539,-8118592.031887644,train,1.8928796987522032E-4,47.278709480502194,0.5900458875531975
-6482501.303211938,-8902738.736878868,train,0.0013448010615393097,95.646539561485,0.9982271663308027
-6489926.313247849,-8884801.47446145,train,0.0013800723156430616,96.04850840643506,0.9984985653297533
-6637424.638548938,-9008277.698588112,train,0.001085539493705883,94.5249404432218,0.9939869902117165
-6742254.203028963,-9025504.329264536,train,5.811285042240627E-4,83.35358953798355,0.9352756536225668
-6888817.444607386,-9024481.249924125,train,6.564993340158699E-4,87.29268520743095,0.9546198114927348
-6950043.164543687,-9111280.9012901,train,3.404112473364804E-4,67.9268298734018,0.7988353162591358
-6961175.113623014,-9218925.23770564,train,1.1735093063820545E-4,25.682291372101083,0.42467741371283363
-6967676.171885341,-9162825.1298657,train,1.7863319877599827E-4,44.66160032038412,0.5689438244232826
-6957468.174579599,-9275472.75810442,train,1.8833344559331328E-4,46.95480189685778,0.5881983227842722
1.687380841444441E7,-4234485.155459781,train,5.215027979044263E-4,80.75660290307249,0.9142851514971504
1.7056372379345376E7,-4289213.127610478,train,1.9973763462788251E-4,49.94473692012805,0.6097380134210854
1.737140653829034E7,-4652070.065315168,train,1.0899116621501639E-4,22.68392983020113,0.4015681661017555
-6265466.144791924,-5750871.09903071,train,1.1073753517342515E-4,23.253038351826362,0.40647121372714334
-668139.583741228,-7775011.118257949,train,1.3985598382147877E-4,32.61176229429437,0.4825501362428817
1.1373512374348762E7,-4140725.6878084918,train,1.0066836238279418E-5,0.6311435288204281,0.046316577762082645
1.2136050886282684E7,-4007582.5563903367,train,4.108509537243562E-5,5.164273707646003,0.17596834389902194
1.213382449646682E7,-3806167.598118513,train,3.463724170309435E-5,3.998189599370239,0.15055438923344255
1.5752821142156143E7,-7135562.567523375,train,3.428044755546372E-4,68.22897616299844,0.8010905452411864
1.5761726701419605E7,-5910809.619767123,train,1.0180654155725093E-4,20.463436302307624,0.38096710126939515
2293181.5103414357,-6020525.079424074,train,1.7026401807059355E-4,42.55475654802452,0.5516095026160024
2306539.849236628,-6173513.80760593,train,2.0305382080571443E-4,50.57721901653022,0.6157873523999156
2309879.4339604266,-6045281.820373459,train,1.8006434148772781E-4,45.038396151807724,0.5718401961143318
2304313.459420763,-6109988.094653029,train,1.8917170253955127E-4,47.23217067374912,0.5898212861033854
2318784.9932238883,-6073426.613029572,train,1.8451818005550596E-4,46.157674680197466,0.580730015075682
2318784.9932238883,-6104993.156155713,train,1.911070147314398E-4,47.81271412983322,0.5935438878068942
2322124.577947687,-6091687.67874045,train,1.8832559775338556E-4,46.952950299432814,0.5881830981481524
2325464.162671485,-6133336.818013599,train,1.9007076798498144E-4,47.58424659328019,0.5915548733207234
2331030.1372111486,-6075085.090057843,train,1.8808293769238092E-4,46.89569776265375,0.5877120651108279
2332143.332119081,-6055204.662731002,train,1.8242219619643817E-4,45.625489103177394,0.5765696809941807
2343275.281198409,-6109988.094653029,train,1.926433624448024E-4,48.140004103843864,0.596475004860888
2346614.8659222065,-6071768.459267952,train,1.8955333960115448E-4,47.40160577658901,0.5905580595593329
2347728.0608301396,-6027119.863484553,train,1.8099431175284074E-4,45.2726690199674,0.5737118460974706
1.754617813883578E7,-3982210.39329166,train,4.0609293895818517E-4,73.75410483130939,0.8523704166266484
-3994054.2740700208,-7409580.805397932,train,7.034915126430193E-4,89.84110328493414,0.9636315431044462
-6219653.72155086,-6075715.396125666,train,1.1998615066908607E-4,26.510577314514855,0.43177541445255274
-6391916.180773819,-6554289.19994334,train,2.959744979032017E-4,62.58901346435195,0.751992393701113
1.2349851100300245E7,-7714875.603456585,train,6.533281170256036E-4,87.01528215013985,0.953936779666205
1.2423722714390663E7,-7673590.319560295,train,6.699660378918632E-4,87.73464386024783,0.9574093046162839
1.2497249238059621E7,-7632548.818552585,train,6.977106501270099E-4,89.6250721433434,0.962627516727235
1.2571109720200958E7,-7592870.482633836,train,6.850385024601653E-4,88.31278672824584,0.9603285626138114
1.2719776900155373E7,-7329626.781362768,train,4.993354333502752E-4,79.78451335653817,0.9048501011384039
1.3103328205683596E7,-7276593.92814129,train,4.4375436963875345E-4,76.53440184725578,0.8763705962768408
1.3384999913237818E7,-6909936.884948247,train,3.310354551338668E-4,66.75738267252197,0.789751117287499
1.352928110525498E7,-6825134.969600765,train,3.063444691068303E-4,64.1510766208452,0.7638167744439432
1.3673651352864776E7,-6743290.594156323,train,2.3325104324562848E-4,55.21658443137674,0.6667339450036096
1.3690928137835892E7,-7344091.823578955,train,4.000792489954399E-4,73.17439947910864,0.8481283126471274
1.370105821149808E7,-7331234.82527901,train,3.7235925511887595E-4,71.02184875607121,0.8269429779587597
1.3908290575558838E7,-7089368.906385973,train,2.476426174704844E-4,56.8767018467148,0.6885794113629847
1.584983607838248E7,-5717663.462078887,train,7.982999505514295E-5,13.914800937161154,0.3134445731861796
1.5942231255740898E7,-5665377.948269347,train,9.600816255784246E-5,18.53154096478405,0.3638249257999292
441103.48226834653,-7152908.314227509,train,8.811999292532658E-5,16.20479983896038,0.33973986551897706
-3955548.8622046276,-7493223.168288349,train,6.40535859597804E-4,86.37582831649434,0.9510755435159544
-8702801.942931019,-1.055628284037557E7,train,1.964234151152314E-5,1.5995010188573955,0.08838034100374859
1.1850082246383844E7,-8025833.286604046,train,2.775347888268093E-4,61.005658927943365,0.729485312654129
1.1984778830243705E7,-7942590.435960582,train,3.329933409744239E-4,67.00636005903442,0.7916813977985689
1.1998048113546263E7,-7931175.380237864,train,3.402650364967769E-4,67.91039628092108,0.7986967104184002
1.232013992820752E7,-7731681.677681249,train,5.934979479054238E-4,84.27454736451416,0.9389394100231178
1.2364445085543245E7,-7706384.799515969,train,6.533516215349109E-4,87.0168090334281,0.9539418798060935
1.245322237945088E7,-7657438.2244531205,train,6.93267517345647E-4,89.26764596376553,0.961837029365562
1.2526337021003902E7,-7615518.464812339,train,6.994664152525559E-4,89.75523200398288,0.9629353561220523
1.2541342888362834E7,-7607780.855771502,train,6.914323730917931E-4,89.06881707482282,0.9615056758038226
1.2585725969342113E7,-7585195.906757982,train,6.820338123818426E-4,88.19752131537459,0.9597630327513151
1.2641608353720337E7,-7548732.2157649165,train,6.966413117746596E-4,89.5457856946361,0.962438777537642
1.273374749624993E7,-7321475.462260511,train,4.653065502165743E-4,77.76620612757672,0.8883064455031927
1.2802665393000046E7,-7279730.655155293,train,4.572111314859235E-4,77.29966688396449,0.8839645875375831
1.2815945808251685E7,-7271054.8332539415,train,4.6483108482270216E-4,77.7336586737834,0.8880559879463625
1.2821055372879094E7,-7434145.985699441,train,6.371963306066644E-4,86.25334531457125,0.9502997743248387
1.2860440208721753E7,-7404767.15087726,train,6.441939368083643E-4,86.50999462533747,0.9519114214537623
1.3060314354441077E7,-7298461.942050556,train,5.367348773533549E-4,81.54617297369757,0.9202202427182065
1.3712679966336897E7,-6720860.640771504,train,2.1709174075172207E-4,52.752946580675264,0.6403737041246805
-2488918.244546444,-9389096.22440906,train,4.093262777997068E-6,0.2702610030143321,0.01909808369908339
2456450.1339447335,-9493285.615024133,train,3.19625805868475E-5,3.5264088030690934,0.13978368977182998
2578901.5738173346,-9526763.286807925,train,2.500120443230597E-5,2.3743813524218114,0.11110600874472187
2616008.033641929,-9673411.263079679,train,1.4990927766958694E-5,1.0356908689790016,0.06818430396925479
-6317403.366416434,-5836749.9666692875,train,7.694965632712978E-5,13.177330156947455,0.3040652912158902
-3847012.358681186,-7137924.774814353,train,6.743878567195473E-4,87.91473831524209,0.9582873174586334
-3975029.773093451,-7306685.6235331865,train,9.16923547165712E-4,92.29092802310618,0.9866935037220809
-4000076.6585219377,-7003620.138821744,train,9.582745999555121E-4,92.89573342191235,0.9890487551332429
-4129029.156656866,-7111188.436897575,train,0.001846063120724486,99.5994323373227,0.9998328391259572
-4152217.0065891035,-7064238.817227844,train,0.0016418968341658626,97.72173304048692,0.9995626400885815
-4207876.751985741,-6948074.428077244,train,0.001487169690709963,96.76358417116535,0.9990934419047016
-4396195.934560722,-7086119.977652798,train,5.829876117953457E-4,83.57855302402687,0.9358400347081833
-6591972.890458043,-9109234.769245181,train,2.8102847202375006E-4,61.24347248107568,0.7339010786504765
1.194133083298709E7,-7972047.859775623,train,3.206655268276569E-4,65.72442423618303,0.7792251694909642
1.3323785325250598E7,-7186840.7697533285,train,3.870731570700713E-4,72.02360836584936,0.8385321674359311
-1779256.4907393255,-7375402.570458734,train,3.232992825340911E-4,66.00873622057532,0.7819474588000295
-6345210.975216594,-7663304.0552611435,train,1.0157719115559207E-4,20.387089175407958,0.3802979126953806
1.2751870309351075E7,-7475552.87125303,train,6.531518286039487E-4,87.00383022653588,0.9538985096118244
1.2973774582298387E7,-7162742.66455241,train,4.053039138033918E-4,73.67670807417753,0.8518206577204188
1.2987066129499102E7,-7154158.238949907,train,4.1575803045679514E-4,74.82619739992347,0.8589414035800171
1.339932673170291E7,-7704024.542233282,train,5.775238539517553E-4,83.02762151658744,0.9341671833396954
1.4300101787303923E7,-6647329.003911584,train,1.3554302933973405E-4,31.168946429480826,0.4719291900097894
1.4914563112584636E7,-5965574.1418530485,train,1.1638251017902598E-4,25.27959154470048,0.4220467396079992
-8712976.544389522,-1.0563811580061242E7,train,1.776205892180026E-5,1.3639558019684417,0.08026956681518549
-5134054.915385777,-3845642.4546487476,train,2.702772546254177E-4,59.79864222716515,0.7200766945040548
-5581559.268374737,-4842814.704672145,train,1.4582626155907547E-4,34.726305550932025,0.4969007497696175
-5784160.7416184945,-4515203.436754551,train,2.651916498110248E-4,59.02380982372029,0.7132894260659426
-5784160.7416184945,-4619450.073391991,train,1.7806651180054893E-4,44.52290597930745,0.5677915456254047
1.7633007341654535E7,-3697639.327251808,train,4.1435133343454335E-4,74.71977446759914,0.858003538103008
1.7658610824536987E7,-4075972.0188762276,train,3.3314454526695735E-4,67.02575874423334,0.7918297309262317
1.6117203231369765E7,-8944743.658731718,train,1.901021457275863E-5,1.5209175830516721,0.08566161511631831
1.2023996686850175E7,-7907205.974866992,train,3.4678323494518183E-4,68.78209181928649,0.804784061625587
1.260049806577038E7,-7576968.85620387,train,6.922756886227087E-4,89.1601861809233,0.9616583005867416
1.2614123571443476E7,-7567691.556045714,train,6.913506788956086E-4,89.05994754553603,0.9614908583998417
1.4938318691919917E7,-5951257.694593595,train,1.1596273413959585E-4,25.12270893357653,0.4209027014998241
1.4949706675828071E7,-5944426.922445468,train,1.1369486401487375E-4,24.25523122023467,0.4146826733343888
1.6087425267582567E7,-5575196.717190789,train,1.1224921952509157E-4,23.761590604753653,0.41068292013055385
1.155013187844137E7,-8185680.851932726,train,1.4592384628103625E-4,34.75548121739214,0.4971319755877578
1.2637611984000858E7,-7381738.505087096,train,6.330800001712334E-4,86.14376101080505,0.9493266085044954
1.2762189626147611E7,-7306009.639654392,train,4.7666137127277296E-4,78.6615433646885,0.8941240661581084
1.2895639431710588E7,-7217407.3574367715,train,4.0507259696973637E-4,73.65401783079786,0.8516590983339624
1.303128223124219E7,-7311747.720775864,train,6.044693124476933E-4,84.71870588442107,0.9420151346775133
1.3075242298156455E7,-7291904.697840779,train,5.247949104716082E-4,80.9740251125248,0.9156042221745535
1.3120994608872492E7,-7072294.199429763,train,3.697078815698949E-4,70.73309354241547,0.8247678949254971
1.3147889397848144E7,-7055424.819755927,train,3.599308873799135E-4,69.97173955815177,0.8165082865326554
1.3268225767395673E7,-6985172.760438823,train,3.506543652240674E-4,69.21041505022978,0.8083118274314403
1.3526030576123817E7,-7070982.295685573,train,3.133574237750051E-4,65.03678982341407,0.7714920957735434
1.3591408513066707E7,-7473223.590877862,train,4.5293329958657975E-4,77.0388620283573,0.8816024875692389
1.3621887789645905E7,-6774317.747732681,train,2.6126823000339393E-4,58.260432426250844,0.7079409656532663
1.4538381157346927E7,-6353093.143474591,train,1.4419498170196524E-4,34.15262432321354,0.4930196699167827
1.4758994124201035E7,-6096624.903236703,train,1.396936125771545E-4,32.539331700685736,0.4821541827754635
1.481450915425964E7,-6035667.6806482505,train,1.2696451750117353E-4,28.82899962146793,0.4501516051249631
1.4879152382563295E7,-5985854.29285819,train,1.225820072323932E-4,27.373591056087623,0.438681765177625
1.4903008149440292E7,-5972372.573394406,train,1.1665759923410024E-4,25.384082882335008,0.42279522840333483
1.4926463166150436E7,-5958404.758291858,train,1.14729646436557E-4,24.621828996664348,0.41752898837091734
1.496165125719019E7,-5937487.310021556,train,1.1456815252735291E-4,24.556797889833934,0.41708568981065697
1.4985028350256776E7,-5923755.191208709,train,1.1945983666076565E-4,26.337312809894815,0.43036481373344804
1.4997050855262449E7,-5916718.208767539,train,1.2339105323447286E-4,27.618060196283196,0.4408170492539546
1.5034342884678196E7,-6172490.270153357,train,1.2373083030529323E-4,27.721460203737525,0.4417113860648463
1.5072124719853433E7,-6153401.419935698,train,1.123348651385016E-4,23.786399657937185,0.4109206409344751
1.5176019200610794E7,-6099252.61072786,train,9.607676360019148E-5,18.554596742415672,0.3640304854341835
1.5200208925960176E7,-6085507.726513401,train,9.105205268861734E-5,17.080005527315624,0.3487970380009453
1.521220916706769E7,-6078668.504515422,train,9.02299277513144E-5,16.833555257333654,0.34627009119133023
1.5236510211907862E7,-6064989.97157176,train,8.897884698541284E-5,16.443929833671262,0.34240584514181904
1.5260788992849873E7,-6052176.971454232,train,9.020192893485506E-5,16.824161238177815,0.3461838594181822
1.5276763339778706E7,-5829750.989368352,train,1.1465451135326141E-4,24.59157325728329,0.4173227855527307
1.5511447090269089E7,-5731169.9304614095,train,1.2213253572891528E-4,27.23633930400583,0.4374919710303393
1.5571849045973519E7,-5879802.900913056,train,1.1188611150228793E-4,23.630063158716748,0.40967399947392924
1.573301740474402E7,-5643050.566279764,train,1.1107655197717566E-4,23.359038148584066,0.40741835967786055
1.57584984361866E7,-5772967.369747097,train,1.131516431985942E-4,24.03146586160171,0.4131829048013975
1.5769552461622372E7,-5628322.822983034,train,1.0359545090417417E-4,21.023592823644883,0.38616196342076414
1.5792829367147248E7,-5752091.707227328,train,1.005654131975524E-4,20.065610198178288,0.3773371457077488
1.5804417726138825E7,-5744952.597136035,train,9.847261697388072E-5,19.28210410056562,0.37116802689099304
1.5815750050301582E7,-5737994.754470336,train,9.196803439140663E-5,17.308671951019857,0.3516009678521226
1.583842583057617E7,-5724366.324002591,train,7.803332887297114E-5,13.41802543496938,0.3076090091082835
1.5873124115856433E7,-5704431.92631353,train,8.729622708509762E-5,15.955089063531537,0.3371726493119859
1.5930898931578144E7,-5672136.228124148,train,9.698605128598735E-5,18.87100589046824,0.36674885455934714
1.5999872488073654E7,-5534427.867372335,train,1.0114069978585165E-4,20.242768119248712,0.3790223381257155
1.6043008790756049E7,-5602898.426468575,train,9.892677613512948E-5,19.479860067233297,0.3725119636749752
1.6054107343988135E7,-5595988.485951114,train,1.1046441779209769E-4,23.15951852172538,0.40570707679778373
1.6076159735114288E7,-5582263.000139501,train,1.133893876639397E-4,24.12966667511863,0.4138397615111553
1.609847929301834E7,-5568589.858465466,train,1.1784536809735095E-4,25.854841231140558,0.42601591178190645
1.613187514025632E7,-5547502.459754097,train,1.272905935612112E-4,28.921808538062425,0.4509955790038648
1.682732028189423E7,-4118073.9838457885,train,0.0010055060253943591,93.420973977648,0.9912333717033367
1.683405622428213E7,-4073588.772137115,train,0.0011905650190345194,95.07674805362672,0.9963337682522466
1.7059448136875995E7,-3644498.774598887,train,0.0017260595510996861,98.66566832598424,0.9997057948638574
1.706948804175064E7,-3602461.824179594,train,0.0019240670041383982,99.99999078606386,0.9998842432608652
1.707266955279751E7,-3587146.187714267,train,0.0015410135686963072,97.1752675925059,0.9992965450182453
1.7079458928540993E7,-3560559.9173172014,train,0.0017509280928190356,98.89490377781799,0.9997383193344465
-669809.3761031271,-5992553.824965752,train,4.6988714858387246E-5,6.284033276442246,0.19856987083057487
1.4026623194272086E7,-6965973.109589488,train,2.2838956590581305E-4,54.64664303150453,0.6590134963648695
1.4867029690015905E7,-5992750.949300803,train,1.2328482619070646E-4,27.585733479560442,0.4405371521964746
1.4891297339008842E7,-5979045.181825822,train,1.2053283486928714E-4,26.669140625512213,0.43323691195631553
1.5008594686457712E7,-5909963.541164098,train,1.2412470864618994E-4,27.8292864304915,0.4427463343773055
-5809664.036959234,-4526857.244602404,train,2.840630208026299E-4,61.44673979041139,0.7376779951681156
-6122571.993630046,-5369478.8077616375,train,2.618439970811482E-4,58.38391324356916,0.7087320618032997
-668250.9032320213,-6856207.704102072,train,4.816771793191888E-4,78.97850859707994,0.8965964618809487
-5810877.419408881,-4586934.816281577,train,2.495975207935731E-4,57.05257070280527,0.6914342069458519
-6599386.768544875,-9072357.461039433,train,4.7385991536813056E-4,78.31305473571081,0.8927175309890416
-6604952.74308454,-9131848.831850434,train,2.509895140669978E-4,57.17067315091842,0.6934510049321945
-6619802.763156362,-9037695.124009905,train,6.14263679318627E-4,85.16278563095206,0.9446297694283351
1.1631050016299E7,-8146209.225584893,train,1.7993489675621814E-4,45.00508051859782,0.5715790260834157
1.1789157089072686E7,-8062319.869462348,train,2.5706808003674134E-4,57.748566918620774,0.7021046372434692
1.1804563706598474E7,-8053298.650101107,train,2.56315356452438E-4,57.68676517310611,0.7010464314384959
1.1910762500815257E7,-7989736.0094251,train,3.097658561805242E-4,64.55594051574738,0.7675929892820668
1.1956336700346025E7,-7962398.27979038,train,3.274996983944785E-4,66.51334571656383,0.7862197844897705
1.1970385220084136E7,-7952550.875347505,train,3.248133755653655E-4,66.26806755747847,0.7834972258974704
1.2011139285663553E7,-7919589.303554897,train,3.5089387054641953E-4,69.2311150464266,0.808527982862989
1.2408817034573441E7,-7681638.721628483,train,6.462310952367473E-4,86.60875424854407,0.952370709501701
1.2438583866411565E7,-7665348.048013851,train,6.701641168304039E-4,87.75932357083653,0.9574490284420023
1.255599253335123E7,-7600532.732867389,train,6.9119399783113E-4,89.03401161460617,0.9614624241821156
1.2664918655092448E7,-7363816.406193995,train,6.189140152267114E-4,85.43406802278923,0.9458295806510221
1.2766208259765247E7,-7467699.314818739,train,6.39426154344932E-4,86.33512795695795,0.9508191128462213
1.277545890945017E7,-7297188.631179453,train,4.6864340145664324E-4,78.04682764546781,0.8900484795516238
1.2788961963683393E7,-7288281.3077936405,train,4.820048901660091E-4,78.99606947169688,0.8967559732609878
1.282938207079043E7,-7262100.63373382,train,4.395101899857939E-4,76.27767781393814,0.8738739040875196
1.2855709130363042E7,-7244280.6219444685,train,4.115934178904208E-4,74.53086839480555,0.8561466599787312
1.287405458244577E7,-7396008.5445650825,train,6.462119775916365E-4,86.60782743516518,0.9523664197840263
1.2921198386796722E7,-7198793.965375596,train,3.8640704795034743E-4,71.9835917487296,0.8380246936457769
1.2934345218659407E7,-7189446.832069954,train,4.019015757829898E-4,73.26938595222624,0.8494265105570362
1.2971637248075156E7,-8378674.545937062,train,1.8464209617678946E-4,46.175425591065526,0.5809746933879164
1.3002060864908956E7,-7325637.176710264,train,6.691818447585978E-4,87.63689642444474,0.9572516738994351
1.3012558292890761E7,-8163235.814231385,train,4.152176906222046E-4,74.7791164348709,0.8585818860689665
1.3033285982076468E7,-8134930.175354721,train,4.2682022144534563E-4,75.55696912372089,0.8661040648804323
1.3040688728214221E7,-7120970.483915553,train,3.9696902317203883E-4,73.00210754557233,0.8458867293517961
1.3070578011492215E7,-8095277.387603155,train,4.451129043741425E-4,76.63778070866489,0.8771592823902252
1.3082678440141447E7,-8082342.139660656,train,4.5202017836518625E-4,76.99595332189651,0.881092092966129
1.3130768460164137E7,-8030187.790040524,train,5.253914956775786E-4,81.01341252230746,0.9158410778040184
1.3131191474229153E7,-7260794.87524527,train,4.0252725158272884E-4,73.35760456888411,0.8498696686042255
1.316103622971083E7,-7046994.330194232,train,3.608582532187159E-4,70.09210142297127,0.8173081574223815
1.3396866570956383E7,-7157549.192425609,train,3.716149750294469E-4,70.93312476180083,0.8263351399433867
1.3420900449018648E7,-7678758.966159036,train,5.782439856591673E-4,83.05470035574712,0.9343901390320428
1.3423761359932035E7,-7140835.994637708,train,3.4146819618988226E-4,68.05303120913482,0.7998344545390279
1.3462122056459397E7,-7115653.868948817,train,2.9430556307501546E-4,62.40602191976221,0.7500348413633426
1.3475625110692622E7,-6853691.176353025,train,3.1061096893126515E-4,64.77157332772798,0.7685164114640921
1.3552324239849186E7,-7053442.562586631,train,3.072000064076126E-4,64.25928777816068,0.764766752920773
1.3616978600101922E7,-7010218.940984998,train,3.0219740165859113E-4,63.48770635165745,0.7591572676530399
1.3661428472775675E7,-7381972.5469924705,train,4.234815044146491E-4,75.37869711158926,0.8639814682388675
1.3691996804947507E7,-6956289.132960869,train,2.6904296311075287E-4,59.59346071384184,0.7184443167056331
1.4129894285881007E7,-6852961.896322933,train,1.9939327077857016E-4,49.86391175978922,0.6091043965012464
1.42617744866238E7,-6692110.981919276,train,1.4259747708526946E-4,33.6664704943461,0.4891899318445184
1.4280977098785637E7,-6669840.481947747,train,1.414175022047672E-4,33.18846187896287,0.4863425843458291
1.4319771941327093E7,-6624312.8022194,train,1.3218640777159355E-4,30.201182036281082,0.4635126542335196
1.4366314620427763E7,-6567838.970614749,train,1.1914411507291621E-4,26.23523110967275,0.4295169525750744
1.468538967688852E7,-6360914.734326683,train,1.3823323902503978E-4,32.09288021138731,0.47857931629706174
1.5050951752704553E7,-5920252.272210182,train,1.1518302292966187E-4,24.80710304685099,0.4187716997122036
1.5096926702402174E7,-6141457.244295467,train,1.0916613221009414E-4,22.72905791606409,0.40206121502632275
1.5139061129667427E7,-6118969.734855955,train,1.0146953101661784E-4,20.351250815270586,0.3799835372070578
1.5151851739159575E7,-5880727.110359469,train,1.0937680390917865E-4,22.79113198852296,0.40265434255273247
1.5248454793269979E7,-6058730.052137159,train,8.87885719435237E-5,16.391802916264254,0.3418161397844037
1.534544746559816E7,-6006133.149007833,train,9.019610716411748E-5,16.82220794754822,0.3461659278885535
1.5393225791046629E7,-5978585.966434127,train,9.68001306925274E-5,18.80235411064151,0.36619398061879793
1.566564684891593E7,-5826559.775144143,train,1.0802403308673414E-4,22.408546270968166,0.3988354702355318
-2070542.5287548886,-7450468.041350216,train,3.8885346761354905E-4,72.17020044471867,0.8398807033825717
1.1615075669370165E7,-8154112.640528941,train,1.6706728516132277E-4,41.58392639193494,0.5448059209174427
1.2157246117329724E7,-7826712.88115564,train,4.427646410810866E-4,76.47453465783633,0.8757928311033572
1.2201640330258083E7,-7800353.989372227,train,4.6729920944325247E-4,77.93379020284515,0.8893500236926264
1.265133767721567E7,-7372616.407570402,train,6.269390591035014E-4,85.83287770576132,0.9478392605671186
1.2668235975918088E7,-7528964.919425848,train,6.94702400091905E-4,89.38594773449715,0.9620941235450207
1.2737309719955314E7,-7483414.481466802,train,6.535611960307402E-4,87.03042802813407,0.9539873294953423
1.3749671433127502E7,-6905567.922015342,train,2.7015459116573696E-4,59.77408744865006,0.7199148938031685
1.424154773514666E7,-6714066.765019874,train,1.4509479942743255E-4,34.50208357767433,0.49516417043499306
1.4375186783843987E7,-6555617.510343224,train,1.2529515440276728E-4,28.25079873433938,0.4458104709094971
1.1835376941650053E7,-8035055.103869157,train,2.6755506552887675E-4,59.34020763212446,0.7164638802228622
1.2275723451381003E7,-7757883.055315321,train,5.343643749051867E-4,81.40978944527298,0.9193243398432128
1.723782314933841E7,-4108301.3503750092,train,3.677892793067672E-4,70.61591136897643,0.8231769197921662
1.2231262446758172E7,-7782921.612729095,train,5.03776786561394E-4,80.03530886649224,0.9068202040987434
1.7365840563750677E7,-4182749.57227142,train,3.1837974272798364E-4,65.47102960783597,0.7768350161858493
-3547752.1715816287,-7851795.105590174,train,2.4615011178689104E-4,56.72355443725607,0.6863820999256198
3547752.1715816287,-7851795.105590174,train,6.148796201914135E-5,9.298413456172934,0.2514830872230389
-5778995.517245687,-4671393.938212813,train,1.4889603878688593E-4,35.81053453191741,0.5041238680745801
1.6391795019309534E7,-5549548.062228646,train,2.1164794112555303E-4,51.89559815620002,0.6310318117363898
1.73903308517252E7,-3630144.9891781295,train,4.736451214440889E-4,78.28284186730014,0.892608920657237
-5778594.767078831,-4671977.5021790285,train,1.496066078345411E-4,36.14019046174592,0.5057809861785478
1.7312407208169907E7,-4627949.4907526,train,9.878815167617394E-5,19.41949837859278,0.37210205437268185
-4374855.988175651,-6671408.829210657,train,3.616628977079615E-4,70.1932834960949,0.8179993530645493
1.213382449646682E7,-4625115.558385632,train,4.156927766452062E-5,5.253274924346256,0.17784575008013193
1.3578484320185605E7,-7036501.544530763,train,3.1106008018084476E-4,64.81657884698902,0.7690056441313441
-8675328.292603236,-1.0575941780818442E7,train,1.119213442440561E-5,0.7081122464070626,0.05135879881876082
1261620.8585506035,-7244012.387212684,train,1.8870033073291814E-5,1.5034907923408836,0.08505760848545896
1.6539674057269134E7,-5156206.911742547,train,1.3506104029625685E-4,31.010437936625028,0.4707287979373326
1.6563759142297165E7,-5059854.286746037,train,1.076660142270609E-4,22.28129197024569,0.3978207035835124
2263496.2756900657,-8024233.805759306,train,1.808276891808174E-4,45.232634899097214,0.5733771056422379
2391513.69010233,-9258679.29548593,train,2.685777708505433E-5,2.680810341555851,0.11884643302327758
-668250.9032320213,-6158760.03796017,test,7.727416671788524E-5,13.253121968714925,0.3051283709385201
-5166937.579771202,-3895852.1207515937,test,2.662949353366557E-4,59.16123823990394,0.7147757181279406
-663464.1651279104,-7418981.980401074,test,3.800674444320731E-4,71.57199668213063,0.8331143396826507
1.3094511702012768E7,-7088767.847150275,test,3.7597180243035833E-4,71.30485507775512,0.8298631819934901
1.3502364052381165E7,-6839282.014602724,test,3.1095567550996775E-4,64.80611755525926,0.7688920047793513
-6332219.990641018,-7398177.717522802,test,4.091061546630107E-5,5.132201233725387,0.17529075160587093
1.3580888821186742E7,-7486102.710678609,test,4.554311647443625E-4,77.19780399495278,0.8829875186693534
1.6020822816240948E7,-5617033.361687518,test,1.0019009024166434E-4,19.928527885662984,0.37623524433018796
1.5357258463571325E7,-5999390.115944664,test,9.080676592297175E-5,17.021121055025205,0.3480441297253688
1.3960799979366025E7,-7031428.1988597615,test,2.5748033926038826E-4,57.78831936866089,0.7026826176513681
1.2842707013838386E7,-7253175.928450418,test,4.3927708245214127E-4,76.26357749040582,0.873735324141454
3547752.1715816287,-7882979.720717076,test,6.1405249529531E-5,9.277063562163628,0.25119137275404413
1.3262125459300203E7,-7202356.819698776,test,3.7886669731313735E-4,71.48064785977748,0.8321676664320918
1.510114571110324E7,-5900190.830747135,test,1.0451126661392984E-4,21.26514200289741,0.3888045305789585
-1.0952724699150186E7,-3486026.498041043,test,1.314233164167735E-8,4.191392802427627E-5,6.190983186526999E-5
-3808518.0787648717,-7115898.881855786,test,6.184950392155616E-4,85.4120000527119,0.9457225567778097
1.5696515743712906E7,-5657628.892560816,test,1.4271002186657343E-4,33.69974859523962,0.4894606830093593
-4277451.433731536,-7117482.226813181,test,0.001839857037290404,99.55489424082812,0.9998278798659587
1.262811643143619E7,-7558146.125451642,test,6.972204775848054E-4,89.58872813675296,0.9625411188441773
1.3449053148240266E7,-6868893.600715233,test,3.1319391592351826E-4,65.0267464457143,0.77131601669509
1.1710955146790411E7,-8104757.559588611,test,2.2225497857743812E-4,53.70536235306745,0.649015483619684
-4611877.44797269,-7058792.060960259,test,3.8355810195964455E-4,71.83577895319569,0.8358361698915122
1.1823243117153585E7,-4554523.106733946,test,3.390667284178614E-5,3.8707516249455476,0.1476258912381302
1.321271073733707E7,-7937971.953904624,test,5.70372015585777E-4,82.75869365406605,0.9319114004594419
1.0777953098604746E7,-3613330.0416477392,test,5.93052769163531E-6,0.3765541581486454,0.02755126013177278
1.5440592234379169E7,-5951584.661722856,test,1.0939792671555877E-4,22.798234055440616,0.402713779482505
-6311815.127978612,-8599886.679744858,test,8.677374085482641E-4,91.52855097808538,0.9832237933767438
-4354907.535425497,-7486636.5154751465,test,4.995111970295677E-4,79.79443842655269,0.9049288525463663
-3962506.3303792067,-6919693.109247717,test,9.107592623040737E-4,92.07048146141474,0.9863014296840004
-2612482.8793269787,-9671631.284244655,test,4.717772833162411E-6,0.3091096995607033,0.021979639126262107
1.3089635908316026E7,-7284197.387666251,test,4.540811117794866E-4,77.1118986078758,0.882240957473982
1.6132042119492507E7,-9290198.817622658,test,1.8426905832030732E-5,1.4495012945767967,0.08314565984563849
1.3773471540259104E7,-7245162.029799688,test,2.97552869756686E-4,62.83005523280842,0.7538296146020589
-1.0179054238136934E7,-3721091.4001081106,test,8.845621838684417E-9,9.195195071551068E-6,4.166966091312396E-5
1.500945184653682E7,-6185385.853812397,test,1.3980697166926075E-4,32.58989894469721,0.4824306486437868
1.5273000740989896E7,-6045827.276706302,test,9.012036796867583E-5,16.796796321529673,0.34593260015533345
2346614.8659222065,-6088364.565003826,test,1.9305383077998013E-4,48.304558981517566,0.5972545314362514
1.6587367779904602E7,-4964410.370724631,test,1.0034228958340551E-4,19.994434497193513,0.3766823174610018
1.565391377458632E7,-5833411.042962925,test,1.0829040295518591E-4,22.50318554017391,0.39958935789742345
1.9916541125687387E7,-5070153.930398709,test,1.2190969260501003E-4,27.160816350792416,0.4369011491268515
-4237565.660180307,-6912801.878117957,test,0.0011699742595279337,94.99466573118613,0.9959603233634057
1.5622477150386298E7,-5686397.771014597,test,1.1268918794086364E-4,23.88903670959627,0.4119030925009006
1.679433742996709E7,-4249933.9711792795,test,6.018981751035767E-4,84.61903322614792,0.9413085350920459
-668250.9032320213,-7134995.743815615,test,3.4009327610940934E-4,67.8910910076865,0.7985337619647732
-4309923.329195935,-7438997.718860142,test,5.775089979181887E-4,83.02706289079809,0.9341625758841665
1.2722726866661396E7,-7491482.000625101,test,6.73962200146224E-4,87.89907605637107,0.9582035908289359
8664329.926912861,-1.0607966645261014E7,test,1.0198999215673165E-5,0.6402129777232627,0.04691015809672339
1.3309692277716167E7,-7807878.630562119,test,5.446693898316525E-4,81.8176521101302,0.9231472396444964
1.771649695974949E7,-3714572.312875215,test,4.1160746967112277E-4,74.53183088501444,0.856156182185009
-5488050.896108387,-4196340.28587567,test,2.547173950111549E-4,57.55556587445809,0.6987874828553404
-4126702.5792992855,-6988157.795747584,test,0.0014185651934075466,96.43051453681802,0.9987475691379772
1.2066899218601903E7,-7877939.824218899,test,3.708907883971022E-4,70.84678637183235,0.8257416626339018
521865.77283886645,-3614622.6752640917,test,1.503387218823661E-4,36.447470832200686,0.5074825574102466
1.3550231433422273E7,-7524910.289283133,test,4.5979598737309635E-4,77.42848010256239,0.885368972055129
1.313423049632781E7,-7064107.751324601,test,3.5474907950703416E-4,69.51773981888788,0.811973989892155
1.2511898883048013E7,-7623908.090659951,test,6.87050857639384E-4,88.4272509171153,0.9607028681952491
1.7252294683141537E7,-4605300.206072078,test,1.0176835158789811E-4,20.450723464591253,0.3808557224132232
1.2869189920698106E7,-7235165.827763986,test,4.11929597649783E-4,74.55389535015564,0.8563742998377379
1.3762873924735585E7,-7257531.439108663,test,3.14963818857803E-4,65.13546173674972,0.7732148051272866
1.2780523946281264E7,-7459735.579136515,test,6.392117615526474E-4,86.32726473047919,0.9507694162645548
-667582.9862872616,-6500680.189270046,test,5.440024604847168E-4,81.79960309633954,0.9229054028598229
1.3013849598983966E7,-7137414.47768253,test,4.0464830691842245E-4,73.61239853152011,0.8513623020154228
1.2112573605674384E7,-7853019.255349189,test,3.9782791647398433E-4,73.05705162608413,0.8465090319147728
1.1820081643615058E7,-8044118.063629931,test,2.644151106885246E-4,58.8280495462908,0.7122386690444023
1.7228917590074953E7,-3861469.9999349774,test,6.200259377355377E-4,85.49263431775624,0.9461125897635951
1.3667539912820224E7,-6974669.205244752,test,2.7342309099422795E-4,60.25969810580491,0.7241944615135019
8668003.47010904,-1.0607141265162747E7,test,1.3634412000829652E-5,0.9122008973724712,0.06221059717901811
1.6976806773300882E7,-3844171.590221517,test,0.0017162029276846095,98.57481106754065,0.9996918118457332
1.2807652506187584E7,-7443734.551192043,test,6.45289324687491E-4,86.56309770769731,0.952158930154556
1.497355131075599E7,-5930488.046678793,test,1.1752742407182133E-4,25.762570204428176,0.42515555923268267
2352180.8404618707,-6121654.410168036,test,1.8768074239970353E-4,46.80080492906982,0.5869301677512845
1.2705984415246086E7,-7337767.308809406,test,5.003155661034726E-4,79.83985975255221,0.9052884214914253
-4196277.261045082,-6984301.565050431,test,0.0015944364803569845,97.35456365650009,0.999453061827851
1.4328844479826745E7,-6613563.528401875,test,1.2711448322548844E-4,28.8716833940772,0.4505399183828974
1.3307777582474524E7,-6960741.552717825,test,3.5081975689709203E-4,69.22470954259835,0.8084611207689704
1.2678533028816465E7,-7354929.249559964,test,5.578537035067779E-4,82.27285905989085,0.9277753162229446
1.2290562339503748E7,-7749200.553957638,test,5.605025816033961E-4,82.38400527565776,0.9286709725782045
-6151501.702897403,-4977161.157151221,test,1.7600537617849639E-4,44.05801775166756,0.5635744774648376
1.3377207548882289E7,-7729701.351298549,test,5.828997848322877E-4,83.57213154003182,0.9358134836106525
1.5987827719169825E7,-5539231.113881538,test,9.6833437518113E-5,18.814652763600158,0.3662934194881644
-668250.9032320213,-8252837.154141178,test,4.0522967124800975E-5,5.060944654107876,0.17378332544860808
1.2134937691374753E7,-4412002.07569831,test,2.4807062454668683E-5,2.34202935624703,0.11029267521052666
1.7018523752475664E7,-4008919.518236132,test,6.860192432147364E-4,88.368571957475,0.9605114273405739
1.5534634940201329E7,-7628982.572371285,test,2.5925681237159737E-4,57.99266067692268,0.705160402579772
-6108078.195928762,-5254126.089845615,test,2.2100824208252928E-4,53.52673533643982,0.6469480134519328
1.391386768204758E7,-6771285.428281369,test,2.261204168388226E-4,54.33937969577,0.6553489167646572
1.3898093710202172E7,-7101192.828406018,test,2.4459635161242085E-4,56.45583518446641,0.6840781349922851
