STATION,DATE,BOTTLE,LATITUDE,LONGITUDE,DEPTH,SAL,TEMP,TCO2,TALK,POC,d13C_POM,PON,d15N_POM
2,02/12/13,1,-77.1665,168.3331,897,34.75,-1.88,2238.5,2358.6,20.60,-27.18,2.67,-1.08
2,02/12/13,3,-77.1665,168.3331,801,34.73,-1.88,2231.4,2354.3,nd,nd,nd,nd
2,02/12/13,5,-77.1665,168.33308,701,34.72,-1.88,2230.8,2351.1,nd,nd,nd,nd
2,02/12/13,6,-77.1665,168.33308,701,34.72,-1.88,nd,nd,27.61,-28.61,2.18,1.96
2,02/12/13,7,-77.16648,168.33306,600,34.71,-1.88,2229.9,2352.2,nd,nd,nd,nd
2,02/12/13,9,-77.16648,168.33309,449,34.66,-1.87,2231.3,2350.2,26.51,-28.51,4.21,3.36
2,02/12/13,11,-77.16648,168.33307,300,34.54,-1.81,nd,2334.6,nd,nd,nd,nd
2,02/12/13,13,-77.16648,168.33308,198,34.42,-1.61,2215.6,2334.2,49.63,-29.38,8.23,0.17
2,02/12/13,15,-77.1665,168.33306,99,34.24,-0.42,2170.7,2333.0,nd,nd,nd,nd
2,02/12/13,17,-77.16648,168.33308,50,34.05,-1.00,2134.7,2315.5,139.42,-28.95,27.69,0.93
2,02/12/13,19,-77.16648,168.33306,5,33.92,-1.12,2109.4,2307.6,173.06,-28.68,31.41,1.79
3,02/13/13,1,-76.41746,167.94028,716,34.76,-1.89,2242.0,2356.3,18.37,-26.14,3.47,-4.83
3,02/13/13,3,-76.41745,167.9403,601,34.73,-1.89,2235.6,2354.9,28.27,-28.23,3.65,1.86
3,02/13/13,5,-76.41744,167.9403,500,34.72,-1.89,2235.6,2348.6,13.97,-27.49,2.41,5.69
3,02/13/13,7,-76.41746,167.94028,400,34.72,-1.89,2232.9,2349.7,17.33,-27.97,2.83,6.26
3,02/13/13,9,-76.41746,167.9403,300,34.70,-1.89,nd,2350.6,23.56,-28.04,3.55,4.37
3,02/13/13,11,-76.41746,167.94028,200,34.67,-1.89,2229.7,2345.6,24.28,-27.57,4.38,3.69
3,02/13/13,13,-76.41746,167.94028,99,34.63,-1.86,2227.0,2344.8,30.41,-25.76,6.95,5.05
3,02/13/13,15,-76.41746,167.94032,39,34.52,-1.62,2195.8,2336.7,172.23,-28.62,36.40,0.87
3,02/13/13,17,-76.41744,167.94032,20,34.27,-0.95,2149.2,2330.4,342.53,-29.46,74.15,0.90
3,02/13/13,19,-76.41746,167.9403,2,34.27,-0.95,2154.0,nd,403.65,-29.17,86.63,1.22
4,02/13/13,1,-74.99922,167.11801,588,34.79,-1.90,2246.4,2359.8,16.59,-26.44,3.41,-8.52
4,02/13/13,3,-74.99922,167.118,500,34.77,-1.90,2234.2,2356.8,12.62,-26.94,1.94,3.02
4,02/13/13,5,-74.99922,167.11804,401,34.73,-1.90,2230.0,2355.1,18.26,-27.62,2.04,2.26
4,02/13/13,7,-74.99922,167.11802,301,34.70,-1.89,nd,nd,nd,-30.65,nd,1.68
4,02/13/13,11,-74.99922,167.11807,100,34.64,-1.88,2243.1,2343.7,23.53,-28.41,3.46,5.70
4,02/13/13,13,-74.99922,167.11802,51,34.59,-1.58,2227.3,2336.0,33.58,-29.45,6.43,4.03
4,02/13/13,15,-74.99922,167.11806,25,34.51,-1.49,2197.5,2331.4,148.37,-27.60,29.33,2.08
4,02/13/13,17,-74.9992,167.11806,15,33.74,-1.01,2102.9,2301.0,432.41,-30.20,91.85,2.45
4,02/13/13,19,-74.9992,167.11805,5,33.55,-1.46,2086.3,2273.6,467.16,-30.23,97.49,2.37
5,02/14/13,1,-74.98525,165.83502,1092,34.79,-1.88,2216.3,2359.6,12.11,-26.81,2.33,-2.66
5,02/14/13,3,-74.9846,165.84037,901,34.78,-1.89,2216.2,2356.9,10.90,-27.55,1.53,5.66
5,02/14/13,5,-74.98365,165.8463,701,34.77,-1.90,2203.1,2357.2,10.86,-27.04,2.12,5.08
5,02/14/13,7,-74.98262,165.85154,501,34.74,-1.89,2228.7,2356.0,18.81,-27.63,2.88,5.82
5,02/14/13,10,-74.98144,165.85729,303,34.72,-1.89,nd,nd,19.95,-27.81,3.13,7.33
5,02/14/13,11,-74.98076,165.8602,201,34.69,-1.83,2206.3,2350.1,30.16,-26.61,5.88,5.81
5,02/14/13,13,-74.98008,165.86329,100,34.63,-1.83,2225.0,2347.4,44.89,-25.04,9.27,4.14
5,02/14/13,15,-74.97958,165.86577,59,34.30,-1.60,2187.3,2335.5,122.66,-25.46,26.86,2.65
5,02/14/13,17,-74.97904,165.86838,14,33.63,-1.78,2097.3,2307.0,256.12,-27.10,52.72,2.29
5,02/14/13,19,-74.97874,165.86964,2,33.62,-1.78,2065.4,2294.5,388.38,-28.32,79.94,2.16
6,02/14/13,1,-74.99334,165.96159,1038,34.79,-1.88,nd,2357.5,11.72,-26.41,2.41,3.04
6,02/14/13,3,-74.99324,165.96274,999,34.79,-1.88,nd,2356.3,16.00,-27.63,2.07,5.51
6,02/14/13,5,-74.99314,165.96416,900,34.78,-1.89,nd,2358.7,10.39,-26.90,2.34,4.01
6,02/14/13,7,-74.99296,165.96541,800,34.78,-1.89,nd,2357.4,6.90,-26.71,2.30,7.78
6,02/14/13,10,-74.99279,165.9668,700,34.77,-1.90,nd,nd,14.20,-26.54,2.37,5.70
6,02/14/13,11,-74.99234,165.97284,139,34.66,-1.89,2223.8,2347.6,25.05,-29.55,5.02,4.16
6,02/14/13,13,-74.99224,165.97439,75,34.61,-1.79,2219.1,2345.7,40.93,-27.10,9.61,3.82
6,02/14/13,15,-74.99218,165.97494,60,34.52,-1.54,2202.2,nd,77.07,-25.22,17.29,2.58
6,02/14/13,17,-74.99208,165.9758,30,34.19,-1.68,2183.0,2338.2,123.09,-25.43,26.99,2.80
6,02/14/13,19,-74.99197,165.97674,1,33.72,-1.76,2098.5,2302.7,337.23,-27.35,71.01,2.08
7,02/14/13,1,-75.69604,165.86336,613,34.77,-1.90,2227.3,2358.1,13.35,-26.92,2.66,1.36
7,02/14/13,3,-75.69596,165.86393,500,34.73,-1.89,2230.8,2357.2,15.18,-27.08,2.48,6.04
7,02/14/13,5,-75.69598,165.86424,400,34.72,-1.89,2221.7,2346.0,17.21,-27.52,2.94,5.18
7,02/14/13,7,-75.69586,165.8644,300,34.70,-1.89,2224.2,2353.3,25.44,-29.19,4.01,1.91
7,02/14/13,9,-75.69582,165.86444,200,34.68,-1.88,2226.0,2350.3,23.88,-27.60,4.68,1.08
7,02/14/13,11,-75.6958,165.8644,140,34.65,-1.82,2217.7,2349.8,39.15,-26.85,7.30,1.43
7,02/14/13,13,-75.69564,165.86452,80,34.62,-1.86,2221.2,2346.4,27.53,-26.53,5.80,3.49
7,02/14/13,15,-75.69544,165.86475,30,34.56,-1.78,2214.3,2344.6,46.12,-24.78,10.46,2.43
7,02/14/13,17,-75.69534,165.86496,16,34.42,-1.53,2200.9,2339.8,90.09,-22.76,19.83,1.34
7,02/14/13,19,-75.69522,165.86528,5,33.74,-1.47,2120.9,2313.6,192.68,-23.69,42.33,1.89
9,02/15/13,1,-76.9334,169.25036,831,34.74,-1.89,2223.1,2354.5,21.43,-27.77,3.56,1.98
9,02/15/13,3,-76.9334,169.2505,700,34.73,-1.89,2218.6,2351.9,25.21,-27.75,3.32,3.43
9,02/15/13,5,-76.9334,169.2505,600,34.72,-1.89,2221.4,2349.8,17.01,-28.66,3.04,3.15
9,02/15/13,7,-76.9334,169.25048,500,34.71,-1.89,2219.7,2352.9,22.88,-28.96,3.77,5.35
9,02/15/13,9,-76.9334,169.2505,400,34.69,-1.88,2214.2,2345.3,29.37,-28.92,4.73,1.04
9,02/15/13,11,-76.9334,169.2505,300,34.66,-1.88,2229.7,2342.3,25.58,-28.53,4.97,3.87
9,02/15/13,13,-76.9334,169.2505,200,34.61,-1.89,2227.8,2344.2,29.31,-28.72,5.65,3.81
9,02/15/13,15,-76.9334,169.2505,100,34.34,-1.13,2182.5,2335.8,144.62,-29.80,31.08,-0.12
9,02/15/13,17,-76.9334,169.2505,50,34.33,-1.12,2162.4,2345.3,151.67,-30.26,32.48,-0.67
9,02/15/13,18,-76.9334,169.2505,25,34.33,-1.13,2169.1,2331.5,156.73,-30.14,32.08,-2.07
9,02/15/13,19,-76.9334,169.25048,2,34.33,-1.10,2152.0,2325.6,158.12,-29.87,31.91,-2.16
10,02/16/13,1,-76.50014,172.0005,647,34.73,-1.89,2231.9,2355.6,15.12,-27.97,4.13,-3.24
10,02/16/13,3,-76.50014,172.00048,600,34.72,-1.89,2225.5,2353.0,30.73,-29.12,4.55,3.60
10,02/16/13,5,-76.50014,172.00052,501,34.71,-1.90,2224.7,2354.9,22.19,-29.89,4.44,5.40
10,02/16/13,7,-76.50014,172.00048,400,34.68,-1.91,2217.3,2349.6,20.14,-29.39,5.15,8.37
10,02/16/13,9,-76.50014,172.00046,300,34.64,-1.93,2216.0,2344.9,18.44,-29.28,4.64,8.18
10,02/16/13,11,-76.50014,172.00048,200,34.58,-1.85,2224.4,2343.6,26.40,-29.03,5.53,6.14
10,02/16/13,13,-76.50016,172.00048,100,34.42,-1.46,2211.8,2335.7,68.59,-29.97,13.71,2.42
10,02/16/13,15,-76.50014,172.00054,80,34.32,-0.98,2159.2,2334.8,130.81,-29.60,29.95,0.34
10,02/16/13,17,-76.50014,172.00048,50,34.31,-0.97,2150.1,2332.9,124.81,-29.81,27.51,-0.36
10,02/16/13,18,-76.50014,172.0005,25,34.31,-0.95,2158.3,2332.9,168.11,-29.87,30.16,-0.30
10,02/16/13,19,-76.50014,172.00052,2,34.30,-0.93,2148.7,2333.1,148.56,-30.33,31.84,-2.34
12,02/16/13,1,-76.03371,178.0031,463,34.64,-1.92,2230.8,2345.1,33.63,-29.86,6.42,5.69
12,02/16/13,3,-76.03378,178.00342,429,34.63,-1.91,2224.5,2347.4,30.45,-30.79,6.72,5.24
12,02/16/13,5,-76.0338,178.00363,400,34.60,-1.86,2221.3,2346.6,25.73,-29.55,5.52,7.78
12,02/16/13,7,-76.03396,178.00463,300,34.51,-1.73,nd,2335.1,25.78,-29.00,5.27,7.05
12,02/16/13,9,-76.03403,178.00447,200,34.44,-1.46,2224.3,2329.5,30.73,-29.85,5.53,5.61
12,02/16/13,11,-76.03402,178.00448,149,34.41,-1.61,2218.5,2329.2,32.08,-29.91,7.19,4.75
12,02/16/13,13,-76.03396,178.0037,89,34.34,-1.41,2189.3,2329.5,45.99,-29.88,10.34,-2.29
12,02/16/13,15,-76.03376,178.00309,50,34.28,-1.10,2155.4,2326.0,106.13,-29.81,22.48,2.16
12,02/16/13,17,-76.03372,178.00268,25,34.28,-1.09,2156.2,2326.6,119.93,-30.05,28.77,0.95
12,02/16/13,19,-76.03358,178.00205,6,34.28,-1.09,2166.0,2326.2,137.37,-29.73,31.96,3.97
14,02/17/13,1,-75.88088,176.92216,424,34.66,-1.89,2217.8,2353.6,38.19,-30.57,8.70,1.56
14,02/17/13,3,-75.88086,176.92208,399,34.62,-1.81,2223.8,2346.3,18.02,-30.23,4.69,5.59
14,02/17/13,5,-75.88086,176.92212,300,34.50,-1.37,2207.2,2337.7,26.29,-30.34,5.86,5.58
14,02/17/13,7,-75.88082,176.9218,250,34.47,-1.18,2201.2,2336.4,31.56,-31.05,6.20,5.58
14,02/17/13,9,-75.88082,176.92186,199,34.42,-1.52,2198.2,2330.2,27.38,-31.09,5.43,5.85
14,02/17/13,11,-75.88081,176.9215,100,34.36,-1.50,2203.3,2325.6,38.21,-31.05,8.65,4.92
14,02/17/13,13,-75.88082,176.92141,75,34.30,-1.49,2205.8,2324.3,68.81,-30.55,15.14,4.15
14,02/17/13,15,-75.88082,176.92144,51,34.24,-1.08,2169.1,2323.9,117.23,-30.04,24.63,3.32
14,02/17/13,17,-75.88082,176.92138,20,34.24,-1.06,2159.9,2323.5,140.08,-30.01,29.36,3.84
14,02/17/13,19,-75.88082,176.9213,4,34.24,-1.06,2156.8,2329.0,147.15,-30.14,31.50,3.89
16,02/17/13,1,-75.74826,175.87558,459,34.72,-1.90,nd,2351.9,30.66,-29.94,6.38,-2.51
16,02/17/13,3,-75.74796,175.87415,400,34.62,-1.80,2239.2,2349.5,22.88,-30.07,4.27,7.21
16,02/17/13,5,-75.7479,175.87298,351,34.57,-1.45,2236.1,2339.7,24.66,-30.27,4.91,6.41
16,02/17/13,7,-75.74786,175.87242,300,34.51,-1.22,2227.3,2336.5,34.14,-30.59,6.00,8.06
16,02/17/13,9,-75.74786,175.87188,200,34.41,-1.61,2217.8,2332.6,34.69,-31.16,6.97,5.55
16,02/17/13,11,-75.74779,175.87193,98,34.24,-1.01,2177.6,2323.4,120.57,-30.53,28.52,2.26
16,02/17/13,13,-75.7478,175.87144,75,34.22,-0.94,2157.9,2325.8,132.86,-30.43,28.83,3.83
16,02/17/13,15,-75.74782,175.87156,51,34.22,-0.95,2155.4,2323.9,134.84,-30.28,27.02,4.80
16,02/17/13,17,-75.74773,175.87142,20,34.22,-0.95,2145.7,2326.9,179.41,-30.31,32.98,4.20
16,02/17/13,19,-75.74768,175.87139,5,34.22,-0.95,2155.6,2322.0,169.06,-30.37,32.95,3.25
17,02/17/13,1,-75.75,169.00002,427,34.72,-1.89,2236.8,2353.6,27.04,-27.94,8.89,-1.55
17,02/17/13,3,-75.75,169.00002,400,34.72,-1.90,2236.5,2352.4,26.39,-28.59,8.90,0.57
17,02/17/13,5,-75.75,169.00002,300,34.67,-1.90,2231.4,2353.4,24.88,-26.92,7.07,8.57
17,02/17/13,7,-75.75,169,200,34.65,-1.89,2222.7,2347.5,23.54,-28.30,5.53,12.53
17,02/17/13,9,-75.75,169.00004,150,34.64,-1.89,2227.2,2346.8,25.90,-29.03,8.04,0.47
17,02/17/13,11,-75.75,169.00002,100,34.61,-1.79,2228.2,2346.9,32.77,-28.04,14.37,8.33
17,02/17/13,13,-75.75,169.00002,50,34.51,-1.59,2227.1,2339.4,38.49,-28.47,11.00,3.27
17,02/17/13,15,-75.75,169.00002,30,34.37,-1.35,2210.0,2330.0,181.14,-25.40,28.80,2.26
17,02/17/13,17,-75.75,169.00002,15,33.95,-0.57,2152.8,2319.6,334.12,-30.42,75.67,1.41
17,02/17/13,19,-75.75,169.00002,3,33.79,-1.02,2095.0,2307.5,550.57,-31.04,128.99,1.38
18,02/18/13,1,-75.6461,166.89203,484,34.73,-1.89,2237.2,2354.5,25.85,-27.86,9.21,-3.64
18,02/18/13,3,-75.64604,166.89338,400,34.72,-1.89,2236.7,2354.2,17.79,-27.02,8.90,-2.29
18,02/18/13,5,-75.64586,166.89469,301,34.69,-1.89,2237.4,2352.3,26.13,-27.63,8.88,2.33
18,02/18/13,7,-75.64588,166.89579,200,34.66,-1.89,nd,2349.0,18.94,-27.50,7.07,6.45
18,02/18/13,9,-75.64592,166.8969,100,34.63,-1.87,nd,2349.2,29.31,-27.37,8.54,5.17
18,02/18/13,11,-75.64586,166.89767,55,34.58,-1.67,2231.2,2346.8,45.46,-26.27,15.30,4.67
18,02/18/13,13,-75.64582,166.89834,20,34.51,-1.62,2226.3,2339.1,50.60,-25.85,14.20,3.93
18,02/18/13,15,-75.64584,166.89862,15,34.01,-1.71,2198.6,2331.9,206.35,-29.98,45.38,0.02
18,02/18/13,17,-75.64586,166.89894,10,33.85,-1.78,2170.1,2326.1,308.76,-30.80,68.29,1.30
18,02/18/13,19,-75.64591,166.89934,2,33.85,-1.78,2106.6,2307.3,515.33,-32.53,118.91,0.84
19,02/18/13,1,-75.43868,167.37447,407,34.76,-1.90,2228.8,2357.6,25.36,-27.67,6.78,1.98
19,02/18/13,3,-75.43917,167.37488,300,34.70,-1.89,2234.5,2352.7,21.15,-28.17,5.95,3.48
19,02/18/13,5,-75.43938,167.37543,200,34.66,-1.89,2234.2,2349.1,21.17,-27.20,5.25,4.96
19,02/18/13,7,-75.43946,167.37594,150,34.65,-1.89,2236.4,2346.3,18.84,-27.58,4.92,7.57
19,02/18/13,9,-75.43946,167.37647,100,34.63,-1.85,2232.3,2348.5,22.83,-27.73,5.96,8.50
19,02/18/13,11,-75.4394,167.3772,50,34.57,-1.49,2228.6,2343.1,27.70,-28.41,7.09,6.17
19,02/18/13,13,-75.43936,167.378,24,34.46,-1.41,2225.0,2335.6,65.30,-27.19,15.27,4.38
19,02/18/13,15,-75.43934,167.37859,15,33.82,-1.79,2147.4,2312.6,429.76,-31.54,94.97,3.24
19,02/18/13,17,-75.4393,167.37904,10,33.77,-1.82,2108.4,2302.8,568.70,-31.76,122.82,2.80
19,02/18/13,19,-75.4393,167.37958,1,33.77,-1.82,2106.2,2301.0,542.02,-31.95,115.73,1.76
20,02/18/13,1,-75.15764,167.91967,357,34.75,-1.90,2232.7,2358.3,22.78,-27.91,5.89,0.13
20,02/18/13,3,-75.15764,167.92051,300,34.70,-1.90,2239.5,2356.6,20.32,-28.15,4.88,4.84
20,02/18/13,5,-75.15764,167.9217,200,34.66,-1.89,2230.9,2351.8,24.24,-27.34,5.23,9.45
20,02/18/13,7,-75.15766,167.92248,149,34.64,-1.89,2233.0,2347.0,20.70,-28.50,5.08,11.54
20,02/18/13,9,-75.15766,167.92332,100,34.59,-1.69,2225.2,2346.5,29.72,-28.43,7.11,7.44
20,02/18/13,11,-75.15768,167.92432,50,34.50,-1.44,2214.5,2341.9,73.39,-28.23,18.66,5.11
20,02/18/13,13,-75.15768,167.925,30,33.90,-1.70,nd,2308.5,499.80,-31.14,110.43,4.31
20,02/18/13,15,-75.15768,167.92529,20,33.89,-1.68,2135.5,2312.4,484.75,-30.90,106.92,3.67
20,02/18/13,17,-75.15768,167.92541,10,33.88,-1.65,2130.4,2309.5,478.69,-31.11,102.05,3.20
20,02/18/13,19,-75.15768,167.92542,1,33.88,-1.64,2132.9,2310.2,499.22,-31.31,107.14,2.79
23,02/18/13,1,-75.45806,168.99664,360,34.76,-1.90,2238.3,2350.7,22.46,-27.93,4.59,3.25
23,02/18/13,3,-75.45804,168.99676,299,34.69,-1.90,2241.4,2351.1,22.77,-28.43,3.93,8.17
23,02/18/13,5,-75.45802,168.99704,200,34.65,-1.89,2233.8,2348.4,16.66,-27.52,4.36,8.89
23,02/18/13,7,-75.45801,168.997,149,34.64,-1.89,2232.4,2346.1,19.21,-28.45,4.29,6.07
23,02/18/13,9,-75.45804,168.99708,100,34.61,-1.77,2228.4,2346.8,25.62,-28.06,5.82,6.95
23,02/18/13,11,-75.45798,168.99746,80,34.57,-1.54,2241.5,2342.2,32.30,-28.04,7.41,8.53
23,02/18/13,13,-75.45794,168.99754,50,34.50,-1.59,2225.5,2336.8,33.04,-27.83,8.23,6.41
23,02/18/13,15,-75.45794,168.99756,25,34.33,-1.36,2175.2,2320.4,310.40,-30.13,67.91,3.24
23,02/18/13,17,-75.45794,168.99752,10,33.87,-0.85,2097.5,2309.1,568.87,-30.90,124.69,2.71
23,02/18/13,19,-75.45795,168.99752,5,33.87,-0.61,2097.9,2308.8,571.91,-31.35,125.71,2.35
24,02/18/13,1,-75.75004,168.9954,427,34.72,-1.89,2245.8,2352.7,18.93,-28.73,4.59,2.03
24,02/18/13,3,-75.75004,168.9954,400,34.71,-1.90,2242.0,2352.3,33.44,-28.92,5.83,5.58
24,02/18/13,5,-75.75004,168.99543,300,34.67,-1.90,2233.0,2348.9,21.31,-28.42,4.53,8.22
24,02/18/13,7,-75.75012,168.99466,200,34.65,-1.89,2227.9,2348.6,18.84,-28.74,4.20,9.49
24,02/18/13,9,-75.75006,168.99512,101,34.60,-1.73,2239.1,2347.4,30.58,-27.55,6.75,7.23
24,02/18/13,11,-75.75006,168.99534,50,34.49,-1.54,2228.3,2339.9,60.33,-28.25,13.67,7.52
24,02/18/13,13,-75.75006,168.99526,30,34.39,-1.40,2217.5,2333.8,138.45,-28.29,29.68,3.99
24,02/18/13,15,-75.75008,168.99516,21,33.93,-1.00,2151.2,2319.7,455.73,-30.53,99.35,3.56
24,02/18/13,17,-75.7501,168.99494,10,33.70,-1.05,2092.2,2302.6,669.66,-31.43,142.10,3.84
24,02/18/13,19,-75.75012,168.9948,5,33.70,-1.05,2087.2,2303.1,753.57,-31.47,159.26,3.23
25,02/19/13,1,-75.59516,167.92012,424,34.76,-1.90,2240.0,2351.3,24.81,-29.40,4.47,5.23
25,02/19/13,3,-75.59526,167.91959,399,34.75,-1.90,2236.5,2351.7,18.56,-27.09,3.84,3.09
25,02/19/13,5,-75.59532,167.9192,299,34.69,-1.90,2235.6,2342.8,18.43,-28.71,3.55,7.17
25,02/19/13,7,-75.59538,167.9188,200,34.65,-1.89,2230.4,2341.6,16.00,-27.56,3.03,9.06
25,02/19/13,9,-75.59536,167.9189,100,34.63,-1.84,2229.5,2345.5,20.16,-26.54,4.82,7.64
25,02/19/13,11,-75.5954,167.91872,51,34.55,-1.60,2232.1,2340.6,29.13,-26.61,6.71,4.23
25,02/19/13,13,-75.59542,167.91856,30,34.28,-1.44,2180.2,2327.1,285.85,-30.13,62.94,2.41
25,02/19/13,15,-75.59546,167.91832,21,33.95,-1.51,2119.2,2308.4,518.77,-30.21,109.37,2.38
25,02/19/13,17,-75.59548,167.91814,10,33.63,-1.57,2093.2,2297.6,727.14,-31.39,153.58,2.47
25,02/19/13,19,-75.59552,167.91796,4,33.57,-1.56,2070.3,2291.6,821.74,-31.70,173.05,2.79
26,02/19/13,1,-75.42486,166.7616,443,34.77,-1.90,2232.9,2353.4,18.42,-27.56,3.96,-4.80
26,02/19/13,3,-75.42484,166.76055,389,34.73,-1.90,2238.7,2353.4,14.94,-27.70,3.09,3.61
26,02/19/13,5,-75.42482,166.7596,300,34.70,-1.90,2237.1,2352.5,24.19,-28.22,3.67,5.18
26,02/19/13,7,-75.42482,166.75869,200,34.66,-1.89,2230.6,2345.9,20.96,-27.57,3.77,7.41
26,02/19/13,9,-75.4248,166.75774,100,34.63,-1.85,2226.4,2346.6,25.02,-27.79,4.88,5.12
26,02/19/13,11,-75.4248,166.7571,50,34.57,-1.49,2231.0,2343.0,28.01,-26.77,6.22,5.23
26,02/19/13,13,-75.4248,166.75672,30,34.53,-1.60,2223.6,2339.5,38.28,-27.05,8.53,5.95
26,02/19/13,15,-75.42478,166.7565,20,34.52,-1.59,2229.3,2337.8,68.82,-26.93,13.64,1.05
26,02/19/13,17,-75.42478,166.75626,10,33.90,-1.79,2163.3,2315.7,401.09,-30.73,86.09,2.18
26,02/19/13,19,-75.42478,166.75594,1,33.87,-1.79,2126.2,2306.2,506.02,-31.32,107.73,2.15
27,02/19/13,1,-75.15044,164.93274,1079,34.79,-1.88,2234.4,2359.7,10.55,-26.25,2.75,2.74
27,02/19/13,3,-75.14984,164.93256,900,34.78,-1.89,2232.1,2361.8,11.43,-26.81,2.81,3.25
27,02/19/13,5,-75.1492,164.93248,701,34.76,-1.89,2230.6,2361.4,11.43,-27.54,3.01,8.14
27,02/19/13,7,-75.14826,164.9323,398,34.73,-1.90,2234.4,2353.9,13.26,-27.19,3.20,8.05
27,02/19/13,9,-75.14776,164.93218,250,34.71,-1.95,2233.9,2354.0,22.45,-26.67,4.81,9.45
27,02/19/13,11,-75.14726,164.93208,100,34.67,-1.87,2238.1,2353.4,28.54,-25.28,6.95,7.20
27,02/19/13,13,-75.14704,164.93204,50,34.52,-1.57,2241.9,2351.3,48.45,-25.32,11.50,3.98
27,02/19/13,15,-75.14686,164.93202,30,33.81,-1.79,2115.0,2306.6,267.96,-26.95,60.51,2.01
27,02/19/13,17,-75.14672,164.93198,15,33.73,-1.83,2131.3,2315.2,237.16,-26.97,51.66,2.97
27,02/19/13,19,-75.14654,164.93196,3,33.70,-1.82,2098.0,2302.2,311.24,-26.98,56.34,2.23
28,02/20/13,1,-74.94582,164.224,652,34.76,-1.90,2229.3,2359.5,10.93,-27.27,2.91,2.68
28,02/20/13,3,-74.94584,164.2239,550,34.74,-1.91,2237.8,2353.4,11.30,-27.19,3.50,5.84
28,02/20/13,5,-74.9457,164.22408,450,34.73,-1.93,2235.2,2356.2,10.82,-27.75,3.48,10.93
28,02/20/13,7,-74.94562,164.22412,350,34.71,-2.04,2227.1,2352.6,7.20,-26.90,2.91,5.87
28,02/20/13,9,-74.9456,164.22408,200,34.67,-1.88,2230.6,2351.9,31.50,-26.35,7.43,5.69
28,02/20/13,11,-74.9456,164.22404,100,34.59,-1.82,2225.0,2342.9,30.06,-26.45,7.17,7.42
28,02/20/13,13,-74.94558,164.22404,60,34.19,-1.04,2167.0,2332.2,160.06,-25.67,38.04,3.34
28,02/20/13,15,-74.94558,164.22408,39,33.82,-1.54,2132.5,2314.7,256.04,-25.99,57.20,3.16
28,02/20/13,17,-74.94562,164.22404,20,33.74,-1.70,2104.5,2304.8,320.99,-26.63,69.98,2.31
28,02/20/13,19,-74.9456,164.22404,2,33.74,-1.70,2100.6,2303.5,326.18,-26.92,68.85,2.38
29,02/20/13,1,-74.83228,164.47722,627,34.77,-1.90,2242.2,2360.7,15.29,-27.28,2.92,11.39
29,02/20/13,3,-74.83234,164.47726,600,34.75,-1.91,2231.9,2359.5,10.00,-27.17,2.87,11.07
29,02/20/13,5,-74.83254,164.4775,500,34.72,-1.97,2231.8,2355.3,10.76,-27.37,3.20,7.83
29,02/20/13,7,-74.83272,164.4776,400,34.71,-1.94,2230.8,2354.2,17.34,-27.64,3.87,11.74
29,02/20/13,9,-74.8326,164.4775,300,34.69,-1.92,2232.6,2353.6,19.39,-27.34,4.56,3.35
29,02/20/13,11,-74.83264,164.47752,201,34.67,-1.87,2231.8,2352.0,27.94,-26.21,6.79,8.72
29,02/20/13,13,-74.8326,164.47748,100,34.13,-1.57,2165.0,2329.2,297.42,-26.24,63.71,2.64
29,02/20/13,15,-74.83258,164.47748,50,33.68,-1.75,2097.6,2300.6,259.64,-26.24,59.66,2.67
29,02/20/13,17,-74.83256,164.47747,24,33.59,-1.78,2084.9,2294.8,147.67,-25.63,34.84,4.73
29,02/20/13,19,-74.83244,164.47736,5,33.55,-1.82,2078.1,2293.4,300.48,-26.42,63.98,3.55
30,02/21/13,1,-75.19858,164.23318,1186,34.79,-1.87,2230.2,2358.6,12.73,-26.50,3.97,8.36
30,02/21/13,3,-75.1988,164.23268,993,34.78,-1.89,2232.6,2361.8,10.81,-27.31,2.47,14.03
30,02/21/13,5,-75.1984,164.23372,801,34.77,-1.89,2231.2,2357.3,9.11,-27.92,2.65,10.04
30,02/21/13,7,-75.1986,164.2332,600,34.74,-1.89,2231.1,2354.8,15.00,-28.01,3.17,12.44
30,02/21/13,9,-75.19884,164.23264,400,34.72,-1.92,2229.5,2354.1,17.99,-27.36,4.26,10.08
30,02/21/13,11,-75.1989,164.23252,200,34.66,-1.87,2226.4,2347.5,33.64,-26.31,6.50,5.84
30,02/21/13,13,-75.1987,164.23314,100,34.41,-1.37,2197.2,2338.8,88.91,-25.19,20.77,5.16
30,02/21/13,15,-75.1987,164.23314,50,33.81,-1.43,2108.5,2308.9,256.18,-26.18,56.95,2.84
30,02/21/13,17,-75.19874,164.23308,25,33.81,-1.43,2109.7,2308.2,237.19,-26.28,52.07,2.31
30,02/21/13,19,-75.19868,164.2332,4,33.80,-1.43,2110.8,2307.3,223.67,-26.05,50.02,1.76
31,02/21/13,1,-75.19966,164.23275,1188,34.79,-1.87,2230.3,2358.2,13.98,-26.69,2.59,4.90
31,02/21/13,3,-75.19978,164.23248,1150,34.79,-1.87,2231.3,2358.5,10.75,-26.43,2.63,8.00
31,02/21/13,4,-75.19992,164.23212,1100,34.79,-1.88,2228.5,2360.1,9.28,-26.98,2.13,12.37
31,02/21/13,5,-75.20004,164.23182,1050,34.78,-1.88,2228.9,2357.7,10.38,-27.21,2.55,11.19
31,02/21/13,6,-75.20014,164.23156,1000,34.78,-1.89,2229.0,2360.7,8.62,-26.87,2.23,13.56
31,02/21/13,7,-75.20016,164.23148,950,34.78,-1.89,2229.7,2358.6,8.06,-27.23,2.13,13.72
31,02/21/13,8,-75.20012,164.23154,901,34.78,-1.89,2227.3,2359.8,7.72,-26.49,2.28,14.82
31,02/21/13,9,-75.20018,164.23143,850,34.77,-1.89,2226.7,2354.0,12.06,-27.25,2.40,13.15
31,02/21/13,10,-75.20036,164.23102,800.1,34.77,-1.89,2226.2,2359.2,12.40,-27.41,2.43,10.41
31,02/21/13,11,-75.20038,164.231,800,34.77,-1.89,2226.2,2360.4,14.45,-27.00,2.65,10.14
31,02/21/13,12,-75.20064,164.23012,700,34.76,-1.89,2227.7,2353.5,13.94,-26.75,2.90,-0.60
31,02/21/13,13,-75.20064,164.23014,650,34.75,-1.89,2228.5,2354.4,23.68,-26.98,4.29,11.06
31,02/21/13,14,-75.20052,164.23056,600,34.74,-1.89,2232.2,2356.6,11.87,-27.23,2.52,10.92
31,02/21/13,15,-75.20034,164.23124,500,34.73,-1.90,2229.4,2356.2,13.21,-26.78,2.92,9.02
31,02/21/13,16,-75.20006,164.23208,401,34.72,-1.89,2229.9,2354.5,16.11,-27.18,3.13,10.63
31,02/21/13,17,-75.2001,164.232,300,34.69,-1.90,2229.3,2353.0,20.36,-26.42,4.19,4.98
31,02/21/13,18,-75.20012,164.23198,200,34.66,-1.86,2229.3,2349.2,24.58,-26.19,5.85,2.86
31,02/21/13,19,-75.20028,164.2316,100,34.23,-1.15,2191.3,2338.8,87.14,-26.30,20.37,2.87
31,02/21/13,20,-75.2004,164.23126,50,33.82,-1.40,2110.6,2307.0,178.45,-27.48,40.15,1.98
33,02/21/13,1,-75.2,164.23218,200,34.68,-1.89,2226.6,2351.8,20.72,-26.82,5.38,4.90
33,02/21/13,3,-75.19992,164.23256,160,34.66,-1.89,2226.5,2349.2,27.12,-27.02,5.49,8.64
33,02/21/13,5,-75.19986,164.23282,130,34.66,-1.88,2231.0,2345.5,26.13,-26.07,6.75,9.17
33,02/21/13,7,-75.19982,164.23298,100,34.62,-1.84,2215.7,2347.2,68.27,-25.19,15.76,4.07
33,02/21/13,9,-75.19982,164.23296,80,33.98,-1.24,2132.0,2317.3,203.97,-26.17,44.08,2.82
33,02/21/13,11,-75.19996,164.23256,60,33.94,-1.30,2126.5,2314.0,189.99,-26.33,43.14,2.12
33,02/21/13,13,-75.20002,164.23225,40,33.90,-1.37,2122.8,2313.4,254.15,-25.94,56.60,-1.17
33,02/21/13,15,-75.2,164.23224,30,33.89,-1.40,2123.9,2302.3,204.97,-26.31,45.80,1.84
33,02/21/13,17,-75.19994,164.23244,20,33.88,-1.41,2121.1,2302.8,241.56,-26.43,50.90,1.72
33,02/21/13,19,-75.1999,164.23268,5,33.88,-1.42,2121.7,2311.6,232.38,-26.23,51.27,2.21
34,02/22/13,1,-75.18844,163.98966,994,34.79,-1.88,2235.9,2358.0,10.92,-27.03,3.66,-3.49
34,02/22/13,3,-75.18842,163.98968,900,34.78,-1.89,2233.7,2359.8,10.43,-27.40,2.44,0.20
34,02/22/13,5,-75.18838,163.98944,801,34.77,-1.89,2230.4,2362.4,9.42,-26.86,2.57,6.38
34,02/22/13,7,-75.18814,163.98636,600,34.76,-1.89,2231.5,2353.5,11.70,-27.80,2.85,8.86
34,02/22/13,9,-75.18768,163.98277,400,34.73,-1.90,2232.0,2353.3,15.64,-27.14,3.88,2.20
34,02/22/13,11,-75.18734,163.97968,200,34.69,-1.89,2226.5,2346.4,21.20,-26.87,4.68,5.04
34,02/22/13,13,-75.18714,163.97793,100,34.57,-1.77,2221.2,2346.2,55.79,-25.24,13.06,3.25
34,02/22/13,15,-75.18704,163.97688,51,33.92,-1.28,2122.8,2310.6,207.63,-26.48,45.63,1.11
34,02/22/13,17,-75.18696,163.97631,25,33.88,-1.36,2117.1,2309.4,224.49,-26.55,49.26,0.46
34,02/22/13,19,-75.18688,163.97568,3,33.78,-1.59,2106.5,2305.6,260.88,-26.77,55.01,1.83
37,02/22/13,1,-75.1156,163.91202,952,34.79,-1.88,2232.9,2355.1,10.10,-27.20,4.12,-6.06
37,02/22/13,3,-75.11542,163.91216,900,34.78,-1.89,2235.1,2359.9,8.36,-26.93,2.38,3.38
37,02/22/13,5,-75.11529,163.91222,800,34.78,-1.89,2233.3,2354.1,11.69,-26.73,2.87,6.94
37,02/22/13,7,-75.11502,163.9124,600,34.76,-1.90,2231.5,2357.7,9.12,-27.87,2.58,7.65
37,02/22/13,9,-75.11476,163.91258,400,34.73,-1.89,2230.0,2349.8,13.26,-27.27,3.03,9.63
37,02/22/13,11,-75.11446,163.91284,200,34.70,-1.94,2229.2,2347.4,17.53,-26.47,3.76,9.20
37,02/22/13,13,-75.11424,163.91266,100,34.67,-1.88,2227.7,2347.6,26.13,-25.90,6.38,5.16
37,02/22/13,15,-75.1141,163.91254,50,33.98,-1.28,2148.5,2323.8,180.37,-27.23,40.31,2.30
37,02/22/13,17,-75.11392,163.9124,24,33.91,-1.31,2128.5,2311.7,180.35,-26.03,41.56,1.30
37,02/22/13,19,-75.1138,163.91236,3,33.72,-1.81,2107.6,2302.3,149.64,-26.84,34.78,0.47
39,02/23/13,1,-75.05496,164.0478,857,34.79,-1.89,2232.4,2358.6,10.04,-27.04,5.78,6.28
39,02/23/13,3,-75.05496,164.04778,800,34.79,-1.89,2234.6,2359.0,10.44,-27.58,3.96,8.87
39,02/23/13,5,-75.05496,164.04778,601,34.77,-1.90,2233.5,2355.2,10.03,-27.68,4.00,11.70
39,02/23/13,7,-75.05496,164.04778,400,34.74,-1.90,2229.4,2353.7,12.52,-27.15,4.31,11.53
39,02/23/13,9,-75.05496,164.04778,250,34.72,-1.90,2232.9,2352.3,14.16,-27.14,4.26,11.31
39,02/23/13,11,-75.05496,164.04778,150,34.70,-1.91,2234.4,2349.1,18.42,-26.95,5.38,5.67
39,02/23/13,13,-75.05496,164.04778,70,34.68,-1.88,2234.0,2347.4,23.80,-26.56,6.64,0.15
39,02/23/13,15,-75.05496,164.0478,39,34.20,-1.88,2179.4,2327.6,131.64,-26.85,31.35,-0.47
39,02/23/13,17,-75.05496,164.04778,25,33.97,-1.86,2127.8,2318.1,223.20,-27.62,50.95,1.48
39,02/23/13,19,-75.05496,164.04778,1,33.86,-1.85,2112.4,2307.0,205.30,-27.32,47.56,0.04
40,02/23/13,1,-75.19614,164.20856,1158,34.79,-1.87,2232.4,2357.3,22.20,-27.30,7.25,2.81
40,02/23/13,3,-75.19616,164.20856,1000,34.78,-1.89,2232.6,2356.2,6.95,-27.25,4.27,3.41
40,02/23/13,5,-75.19616,164.20856,800,34.77,-1.89,2232.5,2356.6,7.98,-27.69,4.96,16.08
40,02/23/13,7,-75.19616,164.20858,598,34.74,-1.89,2231.9,2354.9,10.25,-27.81,5.18,9.25
40,02/23/13,9,-75.19614,164.20854,400,34.72,-1.94,2230.4,2352.5,14.43,-27.32,5.32,14.06
40,02/23/13,11,-75.19614,164.20854,200,34.68,-1.88,2233.0,2350.8,18.66,-27.50,6.97,10.98
40,02/23/13,12,-75.19614,164.20854,150,34.66,-1.88,2231.7,2348.1,29.71,-27.50,8.57,8.89
40,02/23/13,13,-75.19614,164.20852,101,34.55,-1.76,2221.4,2344.3,59.10,-25.61,15.43,5.88
40,02/23/13,15,-75.19616,164.20856,50,33.93,-1.55,2144.1,2312.0,217.25,-27.27,52.96,3.05
40,02/23/13,17,-75.19614,164.20854,25,33.74,-1.75,2110.8,2306.2,224.72,-26.97,54.74,3.38
40,02/23/13,19,-75.19614,164.20856,3,33.64,-1.70,2093.2,2298.0,208.25,-26.28,46.90,2.24
44,02/23/13,1,-75.1962,164.20812,1159,34.79,-1.87,2231.5,2357.5,11.27,-26.45,2.38,7.78
44,02/23/13,3,-75.19616,164.20814,1000,34.78,-1.89,2232.7,2355.4,11.17,-27.08,2.36,7.88
44,02/23/13,5,-75.1962,164.20812,801,34.77,-1.89,2231.7,2353.7,10.10,-28.03,2.59,8.30
44,02/23/13,7,-75.19618,164.20814,601,34.74,-1.89,2231.7,2355.0,14.20,-27.55,3.33,5.19
44,02/23/13,9,-75.1962,164.20812,400,34.72,-1.89,2232.9,2350.7,20.07,-27.40,4.13,7.04
44,02/23/13,11,-75.1962,164.20814,200,34.66,-1.89,2229.7,2351.2,22.74,-27.87,4.64,3.53
44,02/23/13,12,-75.19618,164.20814,150,34.64,-1.87,2229.7,2347.0,30.40,-26.88,6.49,3.34
44,02/23/13,13,-75.1962,164.20812,100,34.61,-1.83,2221.8,2346.3,38.40,-24.90,8.81,0.27
44,02/23/13,15,-75.1962,164.20792,50,34.02,-1.70,2144.4,2316.3,186.63,-26.64,42.36,0.34
44,02/23/13,17,-75.1962,164.2078,25,33.83,-1.81,2118.6,2307.8,213.80,-26.39,46.57,0.38
44,02/23/13,19,-75.1962,164.20768,3,33.77,-1.86,2102.2,2302.4,233.60,-26.66,50.12,1.14
48,02/24/13,1,-75.19776,164.24542,1192,34.79,-1.87,2234.4,2359.1,28.36,-22.51,6.51,-1.45
48,02/24/13,3,-75.1979,164.24482,1001,34.78,-1.89,2231.5,2357.3,27.73,-22.30,6.47,3.09
48,02/24/13,5,-75.1979,164.24446,800,34.77,-1.89,2234.1,2354.9,11.98,-28.36,2.22,11.67
48,02/24/13,7,-75.19764,164.24584,600,34.74,-1.89,2231.7,2347.6,19.45,-28.02,2.88,12.32
48,02/24/13,9,-75.19772,164.24549,400,34.72,-1.89,2229.6,2350.5,33.04,-24.13,6.90,5.70
48,02/24/13,11,-75.19836,164.24269,200,34.66,-1.87,2232.2,2347.0,27.24,-23.59,5.92,6.17
48,02/24/13,12,-75.19854,164.24161,150,34.63,-1.89,2232.3,2342.0,24.62,-28.25,4.49,7.94
48,02/24/13,13,-75.19856,164.24072,100,34.56,-1.70,2224.8,2342.1,51.12,-25.35,10.75,3.39
48,02/24/13,15,-75.19852,164.2408,50,34.05,-1.84,2142.4,2317.8,198.89,-26.87,44.46,2.44
48,02/24/13,17,-75.19848,164.2413,25,34.01,-1.85,2137.8,2316.0,216.68,-26.47,48.98,4.82
48,02/24/13,19,-75.19842,164.24164,3,33.83,-1.71,2111.4,2306.0,242.76,-26.70,50.99,1.24
50,02/24/13,1,-75.59326,167.99839,422,34.75,-1.90,2244.7,2351.8,22.50,-27.57,4.06,1.06
50,02/24/13,3,-75.59278,167.99943,350,34.73,-1.90,2244.3,2350.0,16.61,-26.70,3.20,7.10
50,02/24/13,5,-75.59244,168.00017,300,34.71,-1.90,2242.1,2349.2,20.51,-27.76,3.49,9.92
50,02/24/13,7,-75.59208,168.00094,250,34.68,-1.89,2240.7,2346.3,17.18,-27.84,3.07,9.42
50,02/24/13,9,-75.59174,168.0017,200,34.66,-1.89,2240.6,2345.9,14.60,-26.62,3.01,8.15
50,02/24/13,11,-75.5914,168.00255,150,34.65,-1.89,2242.6,2344.5,15.67,-27.58,3.11,10.34
50,02/24/13,13,-75.59113,168.00329,100,34.63,-1.85,2238.9,2343.4,25.51,-25.90,5.12,8.10
50,02/24/13,15,-75.59091,168.00393,65,34.58,-1.61,2243.9,2339.3,29.68,-26.97,5.83,6.35
50,02/24/13,17,-75.59068,168.00456,30,34.21,-1.71,2185.1,2319.9,392.62,-31.31,82.18,0.45
50,02/24/13,19,-75.59037,168.00536,1,33.98,-1.81,2141.0,2303.8,510.71,-31.86,105.34,1.64
51,02/25/13,1,-75.41197,169.01192,355,34.75,-1.90,2234.9,2351.9,20.21,-27.90,3.62,4.30
51,02/25/13,3,-75.41198,169.0119,300,34.69,-1.89,2236.8,2348.1,26.10,-28.84,3.96,7.30
51,02/25/13,5,-75.41198,169.01192,250,34.67,-1.89,2233.0,2347.0,19.22,-27.99,3.74,6.09
51,02/25/13,7,-75.41197,169.01192,200,34.66,-1.89,2230.2,2348.4,21.49,-27.79,3.75,8.63
51,02/25/13,9,-75.41198,169.01192,150,34.64,-1.89,2232.3,2344.3,21.99,-28.26,4.14,8.07
51,02/25/13,11,-75.41198,169.01192,100,34.62,-1.83,2232.1,2338.5,20.78,-27.38,4.43,8.88
51,02/25/13,13,-75.41198,169.0119,79,34.60,-1.71,2234.2,2342.0,28.49,-27.16,6.01,6.60
51,02/25/13,15,-75.41198,169.01188,40,34.51,-1.64,2222.0,2332.9,80.07,-26.68,17.01,2.34
51,02/25/13,17,-75.41196,169.0119,15,34.08,-1.20,2165.5,2321.9,337.85,-31.03,70.53,1.67
51,02/25/13,19,-75.41196,169.01192,1,33.90,-1.53,2118.9,2310.5,581.40,-31.60,116.96,1.00
52,02/25/13,1,-75.0849,169.34964,336,34.71,-1.89,2238.1,2348.4,26.02,-28.68,4.17,7.97
52,02/25/13,3,-75.08488,169.34956,300,34.69,-1.89,2234.1,2349.0,26.43,-28.57,4.23,8.10
52,02/25/13,5,-75.0849,169.34956,200,34.65,-1.89,2235.8,2345.9,18.12,-28.06,3.40,10.86
52,02/25/13,7,-75.08484,169.34906,150,34.63,-1.87,2232.7,2344.8,19.77,-28.19,3.75,11.27
52,02/25/13,9,-75.08482,169.34884,100,34.60,-1.58,2226.1,2342.6,29.73,-27.45,5.80,6.20
52,02/25/13,11,-75.0848,169.34863,50,34.45,-1.35,2222.1,2331.5,89.10,-29.91,18.82,2.91
52,02/25/13,13,-75.08478,169.34852,30,34.18,-1.13,2157.7,2321.8,280.00,-32.08,58.53,0.60
52,02/25/13,15,-75.08478,169.34842,20,34.13,-1.25,2151.7,2319.4,309.17,-32.41,63.94,1.72
52,02/25/13,17,-75.08478,169.34834,10,33.95,-1.52,2127.4,2311.0,490.84,-32.23,101.50,1.79
52,02/25/13,19,-75.08476,169.34823,2,33.89,-1.63,2122.3,2305.2,562.92,-32.27,112.29,2.35
53,02/25/13,1,-74.80018,169.38366,312,34.67,-1.89,2237.2,2346.2,16.02,-28.40,2.78,11.46
53,02/25/13,5,-74.80018,169.38358,201,34.65,-1.89,2236.4,2345.6,19.62,-29.22,3.41,10.87
53,02/25/13,9,-74.80018,169.38358,100,34.58,-1.30,2232.6,2341.5,27.53,-28.40,5.29,5.51
53,02/25/13,11,-74.80018,169.38362,49,34.44,-1.35,2220.8,2331.7,194.38,-31.30,41.62,0.65
53,02/25/13,13,-74.80018,169.38362,30,34.02,-1.53,2140.6,2315.4,nd,nd,84.40,1.65
53,02/25/13,15,-74.80018,169.38362,20,34.01,-1.54,2137.2,2323.8,446.79,-32.24,94.34,-0.92
53,02/25/13,17,-74.80018,169.3836,10,34.01,-1.55,2133.3,2310.4,491.04,-32.20,101.80,1.48
53,02/25/13,19,-74.80018,169.38356,1,34.01,-1.55,2137.4,2312.8,499.62,-31.77,104.53,1.46
55,02/25/13,1,-74.17598,169.55324,579,34.78,-1.90,2242.9,2358.1,14.16,-27.04,2.96,1.08
55,02/25/13,3,-74.17596,169.55316,500,34.78,-1.90,2241.6,2357.4,12.74,-27.22,2.42,8.56
55,02/25/13,5,-74.17594,169.55302,400,34.76,-1.91,2239.7,2357.6,12.87,-27.14,2.64,6.95
55,02/25/13,7,-74.17588,169.55264,300,34.72,-1.89,2238.9,2355.2,17.51,-27.84,3.45,8.28
55,02/25/13,9,-74.17582,169.55236,200,34.67,-1.86,2229.2,2351.3,20.55,-27.50,4.07,6.35
55,02/25/13,11,-74.17582,169.55224,150,34.65,-1.89,2231.6,2348.1,31.92,-29.12,6.31,5.27
55,02/25/13,13,-74.17578,169.5522,90,34.58,-1.73,2230.9,2344.7,48.68,-29.21,10.04,2.16
55,02/25/13,15,-74.17578,169.5521,40,34.06,-1.59,2153.5,2316.3,398.98,-28.82,84.94,2.04
55,02/25/13,17,-74.17574,169.55204,20,33.68,-1.75,2094.7,2307.5,489.35,-28.43,107.19,2.82
55,02/25/13,19,-74.17574,169.55182,3,33.51,-1.78,2079.0,2292.6,532.25,-29.30,113.44,2.90
56,02/26/13,1,-73.91658,170.43494,619,34.78,-1.90,2240.2,2358.0,13.31,-26.83,2.73,8.83
56,02/26/13,3,-73.91634,170.43592,500,34.77,-1.90,2237.2,2357.4,13.23,-27.58,2.66,11.84
56,02/26/13,5,-73.91628,170.43616,400,34.75,-1.91,2239.1,2354.1,15.39,-27.11,3.04,11.26
56,02/26/13,7,-73.9161,170.4365,300,34.69,-1.90,2235.4,2350.5,16.61,-28.20,3.18,12.16
56,02/26/13,9,-73.91588,170.43714,200,34.65,-1.88,2230.6,2348.6,19.72,-28.62,3.70,10.62
56,02/26/13,11,-73.9159,170.43754,150,34.63,-1.84,2233.6,2348.2,30.36,-27.61,6.16,8.04
56,02/26/13,13,-73.91584,170.43804,100,34.60,-1.80,2234.7,2342.9,33.87,-28.69,7.24,8.55
56,02/26/13,15,-73.91592,170.43862,50,34.48,-1.67,2223.9,2338.4,56.86,-29.20,12.00,5.69
56,02/26/13,17,-73.91594,170.43925,20,33.96,-1.76,2145.3,2313.9,404.77,-29.62,87.73,2.17
56,02/26/13,19,-73.91588,170.43978,1,33.95,-1.80,2129.2,2306.7,456.69,-29.75,97.58,1.90
57,02/26/13,1,-74.16492,170.41546,631,34.79,-1.89,2237.2,2359.2,11.68,-27.55,2.47,12.85
57,02/26/13,3,-74.1649,170.41536,500,34.77,-1.90,2235.8,2355.7,12.81,-27.34,2.83,10.64
57,02/26/13,5,-74.1649,170.41536,400,34.74,-1.90,2234.4,2354.3,14.52,-27.87,2.90,13.72
57,02/26/13,7,-74.16492,170.41546,300,34.69,-1.90,2231.7,2349.5,15.44,-27.97,2.96,13.96
57,02/26/13,9,-74.16492,170.4154,250,34.66,-1.88,2230.2,2348.5,19.91,-28.15,3.92,11.45
57,02/26/13,11,-74.1649,170.41532,200,34.65,-1.88,2230.4,2347.6,21.89,-29.02,4.24,9.97
57,02/26/13,13,-74.1649,170.4154,150,34.64,-1.85,2228.5,2350.3,18.26,-29.13,4.18,7.25
57,02/26/13,15,-74.16496,170.41564,100,34.62,-1.83,2225.3,2343.1,25.77,-28.68,5.39,12.08
57,02/26/13,17,-74.165,170.41578,28,34.18,-1.68,2180.9,2328.3,287.47,-29.19,62.06,2.56
57,02/26/13,19,-74.16504,170.41599,1,34.09,-1.75,2148.7,2316.7,416.69,-30.11,86.98,1.75
58,02/26/13,1,-74.15972,169.81778,580,34.79,-1.90,2239.6,2358.2,12.44,-26.86,2.59,12.27
58,02/26/13,3,-74.15972,169.81794,501,34.78,-1.90,2238.6,2358.3,12.29,-27.29,2.48,16.02
58,02/26/13,5,-74.15974,169.81798,400,34.76,-1.90,nd,2358.7,17.07,-27.22,3.16,14.44
58,02/26/13,7,-74.15974,169.818,300,34.74,-1.90,nd,2356.8,13.81,-27.21,2.99,15.08
58,02/26/13,9,-74.15974,169.81797,200,34.68,-1.86,2233.8,2352.4,16.24,-27.44,3.51,13.13
58,02/26/13,11,-74.15976,169.81806,150,34.65,-1.87,2230.8,2350.2,25.80,-29.08,5.01,9.01
58,02/26/13,13,-74.15976,169.8182,100,34.64,-1.84,2231.2,2347.2,41.26,-28.97,8.66,10.02
58,02/26/13,15,-74.15978,169.81832,50,34.46,-1.56,2213.3,2341.9,134.02,-29.16,29.40,3.21
58,02/26/13,17,-74.15978,169.81838,25,34.11,-1.75,2153.9,2321.5,711.65,-29.03,156.39,2.67
58,02/26/13,19,-74.1598,169.8184,3,33.65,-1.62,2111.9,2303.4,nd,nd,nd,nd
63,02/27/13,1,-74.16124,169.50264,574,34.79,-1.90,2235.0,2358.6,11.21,-26.71,2.80,9.69
63,02/27/13,2,-74.16108,169.50274,501,34.78,-1.90,2237.1,2356.7,13.74,-26.95,2.58,15.97
63,02/27/13,3,-74.16074,169.50292,450,34.77,-1.91,2233.5,2355.9,12.07,-27.23,2.54,16.80
63,02/27/13,4,-74.1606,169.503,400,34.76,-1.91,2234.0,2357.3,12.31,-27.13,2.60,16.97
63,02/27/13,5,-74.16046,169.50306,350,34.74,-1.90,2230.4,2353.7,13.08,-27.13,2.93,14.07
63,02/27/13,6,-74.1603,169.50316,302,34.72,-1.90,2230.2,2351.9,12.19,-26.96,2.83,17.25
63,02/27/13,7,-74.16018,169.50322,276,34.71,-1.89,2230.1,2352.1,13.87,-27.23,2.98,12.86
63,02/27/13,8,-74.16006,169.50328,250,34.70,-1.89,2226.9,2350.3,17.41,-28.06,2.55,17.64
63,02/27/13,9,-74.15992,169.50338,224,34.69,-1.86,2225.4,2352.2,24.27,-27.86,4.42,10.51
63,02/27/13,10,-74.15982,169.50344,200,34.68,-1.86,2225.3,2347.8,23.13,-28.53,5.11,7.70
63,02/27/13,11,-74.15974,169.50347,188,34.67,-1.88,2215.9,2350.7,27.90,-29.23,5.56,4.43
63,02/27/13,12,-74.1597,169.5035,179,34.67,-1.89,2222.3,2348.1,43.95,-27.80,9.30,5.55
63,02/27/13,13,-74.15966,169.5035,170,34.66,-1.89,2228.3,2349.4,34.88,-29.64,6.82,6.91
63,02/27/13,14,-74.15964,169.50352,164,34.66,-1.88,2229.8,2348.7,39.75,-29.28,7.74,4.97
63,02/27/13,15,-74.15942,169.50364,100,34.62,-1.78,2225.2,2347.5,33.76,-27.62,7.30,7.61
63,02/27/13,16,-74.15928,169.5037,80,34.59,-1.59,2216.4,2345.7,46.82,-27.75,10.11,6.38
63,02/27/13,17,-74.15918,169.50376,65,34.49,-1.42,2210.1,2343.4,83.17,-28.83,17.84,4.66
63,02/27/13,18,-74.1591,169.5038,50,34.24,-1.02,2203.0,2340.0,134.30,-28.69,28.21,3.93
63,02/27/13,19,-74.15898,169.50382,20,33.49,-1.72,2104.3,2290.4,287.58,-28.93,62.80,3.13
63,02/27/13,20,-74.1589,169.50388,1,33.46,-1.74,2080.5,2283.6,297.28,-29.53,65.43,2.45
66,02/27/13,1,-74.0538,169.68572,553,34.79,-1.90,2237.0,2361.0,12.54,-26.80,2.81,1.72
66,02/27/13,3,-74.05354,169.68618,500,34.78,-1.90,2245.8,2359.4,5.89,-26.40,1.50,10.92
66,02/27/13,5,-74.05316,169.68688,400,34.75,-1.90,2241.1,2358.7,9.01,-26.88,1.98,12.53
66,02/27/13,7,-74.05278,169.68754,300,34.69,-1.86,2233.8,2351.0,10.75,-27.27,2.46,11.68
66,02/27/13,9,-74.0524,169.68824,200,34.64,-1.88,2230.7,2349.6,17.03,-30.11,4.01,10.10
66,02/27/13,11,-74.05218,169.68866,150,34.63,-1.87,2230.0,2350.6,30.19,-30.16,6.71,6.46
66,02/27/13,13,-74.05196,169.68908,100,34.60,-1.74,2238.1,2349.1,36.35,-29.74,8.63,5.46
66,02/27/13,15,-74.05176,169.68943,70,34.46,-1.62,2223.8,2341.6,114.12,-29.52,27.80,5.25
66,02/27/13,17,-74.05158,169.68978,30,33.93,-1.73,2145.8,2317.5,290.24,-28.82,70.86,2.85
66,02/27/13,19,-74.0514,169.69012,2,33.57,-1.79,2091.7,2294.7,380.60,-28.95,95.90,3.33
67,02/27/13,1,-74.01638,169.77329,524,34.78,-1.90,2241.4,2355.5,4.80,-26.52,1.66,6.59
67,02/27/13,3,-74.01614,169.77394,500,34.78,-1.90,2238.0,2356.7,3.59,-26.20,1.58,13.48
67,02/27/13,5,-74.01569,169.77523,400,34.75,-1.91,2243.6,2354.9,10.36,-27.25,2.14,13.16
67,02/27/13,7,-74.0152,169.77661,300,34.69,-1.90,2227.5,2350.8,7.76,-27.55,2.05,13.17
67,02/27/13,9,-74.0147,169.77804,200,34.64,-1.89,2226.0,2347.4,16.71,-29.21,3.91,10.87
67,02/27/13,11,-74.0144,169.77884,151,34.63,-1.86,2234.9,2348.9,19.63,-29.56,4.64,9.34
67,02/27/13,13,-74.0141,169.77969,100,34.58,-1.75,2226.6,2341.4,35.96,-29.61,9.06,7.17
67,02/27/13,15,-74.01382,169.78049,60,34.04,-1.73,2191.3,2329.8,209.01,-28.73,50.75,5.05
67,02/27/13,17,-74.01348,169.78146,19,33.82,-1.74,2124.3,2310.9,288.52,-28.22,71.35,3.95
67,02/27/13,19,-74.01331,169.78194,1,33.52,-1.78,2082.3,2291.1,371.75,-29.01,91.59,3.64
68,02/28/13,1,-73.95442,169.94623,504,34.78,-1.90,2237.5,2358.0,14.30,-26.60,3.05,10.26
68,02/28/13,3,-73.95403,169.94752,450,34.77,-1.90,2238.9,2359.5,16.66,-26.65,3.47,13.85
68,02/28/13,5,-73.95366,169.94875,400,34.75,-1.91,2237.8,2356.3,13.33,-27.03,2.80,13.09
68,02/28/13,7,-73.95301,169.95091,301,34.70,-1.85,2237.9,2353.9,24.59,-26.98,4.77,10.98
68,02/28/13,9,-73.95234,169.95311,201,34.65,-1.89,2231.2,2348.2,19.14,-28.11,4.04,13.78
68,02/28/13,11,-73.95194,169.95443,151,34.63,-1.86,2232.9,2345.1,27.75,-27.86,5.94,10.17
68,02/28/13,13,-73.95142,169.95618,100,34.57,-1.77,2232.9,2342.2,41.43,-28.13,9.18,7.45
68,02/28/13,15,-73.95098,169.95759,60,34.11,-1.69,2200.2,2332.3,227.72,-29.79,52.75,6.11
68,02/28/13,17,-73.9506,169.9589,20,33.93,-1.72,2146.9,2314.2,378.88,-29.79,82.82,2.96
68,02/28/13,19,-73.95034,169.95974,1,33.81,-1.74,2127.8,2303.3,403.33,-29.45,87.38,3.24
70,02/28/13,1,-73.91472,170.16575,471,34.78,-1.90,2236.3,2358.1,9.94,-27.00,2.20,13.15
70,02/28/13,3,-73.9146,170.16751,400,34.74,-1.90,2238.7,2355.0,13.33,-26.72,2.80,10.69
70,02/28/13,5,-73.91446,170.17005,300,34.69,-1.86,2233.6,2352.4,19.98,-26.97,3.89,13.36
70,02/28/13,7,-73.91434,170.17183,250,34.66,-1.87,2235.0,2346.1,18.35,-27.94,4.14,9.79
70,02/28/13,9,-73.91424,170.1736,200,34.64,-1.89,2228.6,2345.0,21.44,-28.87,4.31,9.85
70,02/28/13,11,-73.91414,170.17523,150,34.63,-1.87,2233.8,2344.9,23.90,-28.78,4.89,11.17
70,02/28/13,13,-73.91406,170.17688,100,34.59,-1.71,2232.9,2343.3,30.39,-28.38,6.60,9.17
70,02/28/13,15,-73.91395,170.17891,40,34.18,-1.60,2183.9,2330.2,303.71,-29.58,66.03,4.59
70,02/28/13,17,-73.91386,170.18012,20,34.04,-1.80,2159.8,2318.2,363.73,-29.80,82.53,3.20
70,02/28/13,19,-73.9138,170.1811,1,34.03,-1.80,2140.0,2316.0,357.11,-29.75,78.78,2.39
73,02/28/13,1,-73.86441,170.36242,538,34.78,-1.90,2235.4,2359.5,11.76,-27.04,2.51,9.94
73,02/28/13,3,-73.86428,170.36268,500,34.78,-1.90,2239.7,2361.6,12.19,-26.50,2.90,8.80
73,02/28/13,5,-73.86404,170.36332,400,34.75,-1.90,2237.3,2355.8,10.40,-26.96,2.25,12.66
73,02/28/13,7,-73.86384,170.3639,300,34.69,-1.90,2235.0,2351.3,14.03,-27.53,2.72,10.43
73,02/28/13,9,-73.8636,170.36448,178,34.64,-1.88,2225.1,2346.5,23.29,-28.97,4.52,8.92
73,02/28/13,11,-73.86352,170.36516,100,34.61,-1.77,2228.6,2344.3,24.93,-28.48,5.18,7.46
73,02/28/13,13,-73.86337,170.36538,70,34.58,-1.33,2231.6,2339.3,18.00,-28.09,3.94,9.03
73,02/28/13,15,-73.86326,170.3656,40,34.35,-1.34,2197.7,2331.1,124.85,-29.62,25.65,2.85
73,02/28/13,17,-73.86316,170.36582,20,34.16,-1.71,2160.2,2321.2,256.83,-31.13,56.11,0.59
73,02/28/13,19,-73.86308,170.36602,2,34.14,-1.80,2148.4,2320.6,329.58,-30.37,70.42,2.60
74,03/01/13,1,-74.17666,169.85726,592,34.79,-1.90,2235.8,2356.9,12.84,-26.81,2.59,3.89
74,03/01/13,3,-74.17652,169.85728,500,34.77,-1.90,2233.3,2354.0,11.18,-27.31,2.24,11.63
74,03/01/13,5,-74.1765,169.85688,400,34.76,-1.90,2229.8,2353.9,10.68,-27.15,2.32,10.61
74,03/01/13,7,-74.17642,169.85656,300,34.73,-1.90,2231.0,2350.5,11.40,-27.33,2.45,10.65
74,03/01/13,9,-74.17636,169.85662,250,34.71,-1.89,2228.2,2350.7,18.10,-27.13,3.73,8.58
74,03/01/13,11,-74.17634,169.85642,200,34.68,-1.89,2227.4,2346.6,19.06,-27.77,3.88,9.46
74,03/01/13,13,-74.1763,169.85636,150,34.66,-1.81,2225.2,2345.9,26.92,-27.45,5.88,7.49
74,03/01/13,15,-74.17624,169.8563,100,34.63,-1.80,2224.5,2345.3,36.12,-27.52,6.74,6.25
74,03/01/13,17,-74.17624,169.85588,20,33.85,-1.69,2128.9,2293.6,290.83,-28.81,63.02,4.08
74,03/01/13,19,-74.17614,169.85592,1,33.68,-1.80,2106.0,2294.0,321.67,-28.83,69.63,3.06
75,03/01/13,1,-74.1681,169.61004,572,34.79,-1.90,2235.9,2357.3,10.39,-26.16,2.08,7.81
75,03/01/13,3,-74.168,169.6101,500,34.77,-1.90,2234.3,2357.7,11.55,-26.68,2.21,11.98
75,03/01/13,5,-74.16786,169.61012,400,34.76,-1.90,2233.0,2355.7,13.93,-26.81,2.92,9.85
75,03/01/13,7,-74.16768,169.61024,300,34.71,-1.88,2233.8,2353.6,19.57,-27.15,3.84,9.07
75,03/01/13,9,-74.16758,169.61038,250,34.69,-1.86,2229.5,2351.9,21.16,-27.38,4.15,8.38
75,03/01/13,11,-74.1675,169.61054,200,34.66,-1.89,2224.9,2347.9,18.71,-27.92,3.75,9.43
75,03/01/13,13,-74.16742,169.6107,149,34.64,-1.88,2219.7,2344.9,19.23,-28.36,3.96,8.37
75,03/01/13,15,-74.16736,169.61088,100,34.61,-1.80,2215.2,2340.9,34.93,-27.94,6.79,5.26
75,03/01/13,17,-74.16722,169.61086,35,33.91,-1.49,2161.5,2318.4,153.98,-28.13,33.86,3.77
75,03/01/13,19,-74.16712,169.61088,2,33.45,-1.74,2065.7,2280.9,309.94,-28.42,69.79,2.54
76,03/01/13,1,-74.63304,174.49454,446,34.70,-1.89,2240.4,2354.5,18.24,-28.05,3.32,3.96
76,03/01/13,3,-74.63306,174.49468,400,34.66,-1.86,2233.1,2352.1,15.14,-28.67,2.65,8.48
76,03/01/13,5,-74.63308,174.49476,350,34.60,-1.56,2229.6,2346.5,17.94,-28.21,3.22,4.98
76,03/01/13,7,-74.63304,174.4945,300,34.55,-1.48,2228.7,2341.1,16.45,-27.98,3.04,10.34
76,03/01/13,9,-74.63298,174.49428,265,34.56,-0.89,2229.7,2345.5,13.73,-28.18,2.75,11.42
76,03/01/13,11,-74.63294,174.494,200,34.51,-0.95,2226.8,2339.1,13.55,-28.70,2.68,10.50
76,03/01/13,13,-74.63292,174.494,140,34.43,-1.05,2220.0,2333.1,13.00,-28.32,2.75,10.73
76,03/01/13,15,-74.6329,174.49388,100,34.34,-1.15,2216.9,2328.8,15.99,-29.11,2.62,6.83
76,03/01/13,17,-74.63286,174.49382,30,34.04,-1.29,2178.0,2312.9,73.02,-30.43,15.70,2.14
76,03/01/13,19,-74.63288,174.49394,2,33.93,-1.65,2160.9,2301.7,104.64,-29.59,22.78,-0.58
77,03/01/13,1,-74.53308,173.53292,523,34.71,-1.89,2246.2,2353.1,17.75,-29.13,3.15,2.67
77,03/01/13,3,-74.53312,173.53314,450,34.67,-1.90,2234.0,2348.0,13.93,-29.08,2.43,6.75
77,03/01/13,5,-74.53313,173.53317,400,34.65,-1.89,2229.1,2349.2,17.26,-28.67,2.99,6.80
77,03/01/13,7,-74.53308,173.5329,300,34.62,-1.86,2232.1,2346.2,20.06,-29.10,3.32,7.88
77,03/01/13,9,-74.53302,173.53254,249,34.55,-1.61,2228.7,2339.3,15.40,-28.42,2.98,8.43
77,03/01/13,11,-74.53302,173.5325,200,34.53,-1.53,2229.9,2338.8,20.81,-29.14,4.03,8.83
77,03/01/13,13,-74.53302,173.5326,149,34.51,-1.35,2221.5,2339.4,19.95,-29.38,3.96,6.83
77,03/01/13,15,-74.53308,173.53284,59,34.19,-1.01,2183.5,2320.4,106.77,-31.38,21.79,2.36
77,03/01/13,17,-74.5331,173.533,30,34.12,-1.21,2168.4,2313.3,150.90,-32.03,30.82,1.97
77,03/01/13,19,-74.53316,173.53325,2,34.12,-1.23,2163.0,2317.3,168.47,-31.81,34.05,-0.44
78,03/02/13,1,-74.38304,172.46408,507,34.71,-1.89,2239.3,2351.0,13.36,-28.40,2.73,4.47
78,03/02/13,3,-74.38302,172.46392,450,34.69,-1.89,2241.1,2348.8,20.39,-29.55,3.58,9.15
78,03/02/13,5,-74.38298,172.46392,400,34.67,-1.90,2239.0,2347.1,20.02,-29.33,3.64,10.24
78,03/02/13,7,-74.38298,172.46404,300,34.64,-1.89,2236.6,2345.3,20.64,-28.96,3.85,10.61
78,03/02/13,9,-74.38302,172.46412,250,34.61,-1.87,2231.4,2342.2,35.00,-29.90,7.20,6.21
78,03/02/13,11,-74.38306,172.46422,200,34.55,-1.55,2233.6,2342.0,25.46,-29.94,4.66,8.73
78,03/02/13,13,-74.3831,172.46436,150,34.50,-1.43,2225.8,2332.2,27.44,-30.16,5.06,8.27
78,03/02/13,15,-74.38312,172.46444,100,34.43,-1.54,2225.2,2329.0,46.74,-30.95,8.37,4.91
78,03/02/13,17,-74.38316,172.4646,30,34.16,-1.17,2158.6,2317.7,175.43,-32.40,35.72,0.74
78,03/02/13,19,-74.3832,172.4647,2,34.15,-1.23,2158.2,2317.6,189.76,-32.00,36.75,0.49
79,03/02/13,1,-74.26618,171.44941,432,34.71,-1.89,2232.8,2354.0,9.62,-28.30,1.87,6.13
79,03/02/13,3,-74.26618,171.44938,400,34.68,-1.90,2237.8,2349.4,44.36,-31.04,6.44,4.88
79,03/02/13,5,-74.26616,171.4495,350,34.66,-1.89,2232.0,2345.9,15.73,-29.15,2.80,8.90
79,03/02/13,7,-74.2662,171.44968,300,34.65,-1.89,2235.9,2345.9,17.96,-28.47,3.19,4.73
79,03/02/13,9,-74.2662,171.44982,250,34.64,-1.89,2237.8,2345.1,21.20,-28.86,3.50,5.60
79,03/02/13,11,-74.26624,171.45002,200,34.59,-1.80,2228.0,2342.9,23.04,-29.34,3.99,5.85
79,03/02/13,13,-74.26622,171.4501,149,34.54,-1.46,2228.3,2336.7,23.30,-29.37,4.16,3.43
79,03/02/13,15,-74.26626,171.45028,100,34.49,-1.34,2226.7,2334.9,30.66,-30.36,5.79,4.10
79,03/02/13,17,-74.26626,171.45022,38,34.13,-1.35,2165.2,2311.4,222.29,-31.98,45.51,4.19
79,03/02/13,19,-74.26624,171.45026,1,34.13,-1.36,2146.0,2312.1,233.97,-32.28,46.91,-0.03
80,03/02/13,1,-75.7499,168.99924,429,34.73,-1.89,2235.4,2351.9,13.91,-26.85,2.90,5.18
80,03/02/13,3,-75.7499,168.9992,350,34.70,-1.90,2230.6,2351.3,17.46,-28.09,2.70,8.18
80,03/02/13,5,-75.74991,168.99922,300,34.68,-1.90,2226.5,2349.3,17.00,-28.01,2.91,8.24
80,03/02/13,7,-75.74992,168.99906,250,34.66,-1.89,2231.6,2348.1,17.28,-27.89,2.97,9.41
80,03/02/13,9,-75.74992,168.99914,200,34.65,-1.89,2228.9,2349.4,14.02,-27.83,2.66,8.62
80,03/02/13,11,-75.74994,168.99928,150,34.64,-1.89,2231.0,2346.7,18.41,-28.77,3.37,8.17
80,03/02/13,13,-75.74992,168.9992,100,34.62,-1.82,2228.0,2343.4,18.55,-27.84,3.79,8.01
80,03/02/13,15,-75.74994,168.99924,60,34.57,-1.33,2228.9,2342.8,25.16,-28.14,5.40,30.09
80,03/02/13,17,-75.74994,168.99914,15,34.12,-1.76,2148.8,2320.8,394.10,-32.61,83.12,1.38
80,03/02/13,19,-75.74994,168.99912,3,34.08,-1.80,2135.3,2318.2,417.70,-32.53,88.81,1.41
81,03/03/13,1,-75.77704,169.1314,452,34.73,-1.89,2233.8,2352.0,17.93,-27.95,3.10,5.56
81,03/03/13,3,-75.77708,169.13132,401,34.71,-1.90,2232.9,2350.9,23.62,-28.83,3.70,6.55
81,03/03/13,5,-75.77702,169.13148,300,34.67,-1.90,2231.0,2348.4,17.99,-28.27,3.07,10.12
81,03/03/13,7,-75.77704,169.13144,250,34.66,-1.89,2231.2,2348.4,17.19,-28.16,3.04,7.55
81,03/03/13,9,-75.77706,169.13136,200,34.65,-1.89,2227.6,2346.3,17.16,-28.68,2.98,10.46
81,03/03/13,11,-75.7771,169.13128,150,34.64,-1.89,2228.4,2345.3,21.43,-28.42,3.77,7.09
81,03/03/13,13,-75.7772,169.13101,100,34.61,-1.80,2233.2,2343.6,23.65,-27.85,4.44,7.46
81,03/03/13,15,-75.7773,169.13082,60,34.52,-1.65,2226.9,2339.5,27.87,-27.71,5.30,5.87
81,03/03/13,17,-75.77732,169.13088,15,34.03,-1.73,2130.8,2313.3,446.77,-32.60,92.77,1.36
81,03/03/13,19,-75.7773,169.13092,4,34.03,-1.73,2125.9,2314.5,460.18,-32.83,95.74,1.36
82,03/03/13,1,-75.76678,169.04844,454,34.73,-1.89,2243.6,2352.4,19.46,-26.85,3.57,7.00
82,03/03/13,3,-75.76674,169.04851,400,34.71,-1.90,2239.5,2350.0,24.20,-28.73,3.98,8.05
82,03/03/13,5,-75.7668,169.04838,300,34.68,-1.90,2236.0,2350.1,17.61,-27.79,3.01,8.55
82,03/03/13,7,-75.76685,169.04824,250,34.66,-1.89,2234.4,2349.5,16.07,-27.71,2.74,10.13
82,03/03/13,9,-75.76692,169.04808,200,34.65,-1.89,2233.6,2345.0,19.48,-26.93,3.08,8.83
82,03/03/13,11,-75.76694,169.04809,150,34.64,-1.89,2232.8,2345.0,18.52,-27.82,3.45,9.17
82,03/03/13,13,-75.76689,169.0482,100,34.61,-1.74,2231.3,2343.8,27.28,-27.63,4.80,7.26
82,03/03/13,15,-75.76686,169.04828,60,34.56,-1.43,2230.2,2339.4,24.54,-27.76,4.83,6.49
82,03/03/13,17,-75.76688,169.0482,14,34.06,-1.77,2171.5,2322.7,364.48,-32.54,74.82,1.88
82,03/03/13,19,-75.76688,169.0482,2,34.06,-1.78,2132.9,2317.4,429.82,-32.65,87.32,1.50
85,03/03/13,1,-75.75336,168.75866,398,34.73,-1.89,2242.0,2357.5,20.95,-28.12,3.26,4.22
85,03/03/13,3,-75.75326,168.7589,325,34.70,-1.90,2236.2,2352.3,15.33,-28.78,2.39,6.78
85,03/03/13,5,-75.75326,168.75884,250,34.67,-1.90,2234.8,2355.8,22.70,-27.70,3.46,8.67
85,03/03/13,7,-75.75322,168.75888,200,34.66,-1.89,2231.4,2349.2,38.21,-28.53,7.16,6.98
85,03/03/13,9,-75.75316,168.759,150,34.65,-1.89,2235.7,2351.0,17.61,-27.38,3.07,10.77
85,03/03/13,11,-75.7531,168.7591,100,34.63,-1.88,2237.2,2348.5,22.53,-27.15,4.09,7.83
85,03/03/13,12,-75.75302,168.7592,70,34.60,-1.74,2231.1,2347.4,26.67,-26.82,5.27,10.37
85,03/03/13,13,-75.75296,168.75932,40,34.57,-1.55,2232.7,2342.1,36.66,-27.34,7.65,8.46
85,03/03/13,15,-75.7529,168.75942,20,34.11,-1.88,2148.2,2323.4,400.66,-33.10,84.40,1.53
85,03/03/13,17,-75.75292,168.75947,10,34.11,-1.88,2146.9,2322.6,410.26,-32.82,86.35,1.37
85,03/03/13,19,-75.75296,168.75936,2,34.11,-1.88,nd,2320.9,405.56,-32.82,86.63,1.36
86,03/03/13,1,-75.75496,168.59691,404,34.73,-1.89,2239.1,2354.1,21.44,-28.27,3.58,-0.47
86,03/03/13,3,-75.75502,168.5969,350,34.70,-1.90,2236.2,2352.4,15.65,-28.46,2.67,1.35
86,03/03/13,5,-75.7551,168.59688,299,34.68,-1.90,2234.3,2350.5,16.79,-27.79,3.05,-0.95
86,03/03/13,7,-75.75518,168.59683,250,34.66,-1.89,2230.0,2349.8,13.93,-27.64,2.76,1.84
86,03/03/13,9,-75.75522,168.59682,200,34.65,-1.89,2225.8,2347.8,15.07,-27.78,2.89,2.38
86,03/03/13,11,-75.75524,168.5968,150,34.65,-1.89,2227.5,2349.0,16.18,-27.84,3.12,-0.83
86,03/03/13,13,-75.75524,168.5968,100,34.63,-1.88,2232.9,2347.0,24.91,-27.67,5.19,-0.85
86,03/03/13,15,-75.75526,168.5968,60,34.59,-1.71,2226.6,2343.8,22.64,-26.94,4.85,0.70
86,03/03/13,17,-75.75528,168.59678,14,34.08,-1.81,2149.0,2323.6,441.07,-32.54,86.42,1.60
86,03/03/13,19,-75.75532,168.59678,1,34.07,-1.80,2141.3,2321.0,475.26,-32.34,96.22,1.55
88,03/04/13,1,-75.77786,168.56042,405,34.73,-1.89,2241.4,2354.4,22.59,-29.14,3.74,0.73
88,03/04/13,3,-75.77784,168.56062,350,34.70,-1.90,2234.9,2351.1,17.77,-29.11,3.14,3.68
88,03/04/13,5,-75.77782,168.56048,300,34.69,-1.90,2230.8,2351.9,16.84,-28.77,3.02,1.93
88,03/04/13,7,-75.7778,168.56054,250,34.66,-1.90,2231.6,2351.1,15.62,-28.41,3.01,2.50
88,03/04/13,9,-75.77782,168.56066,200,34.65,-1.89,2229.4,2349.1,14.51,-27.45,2.85,1.76
88,03/04/13,11,-75.77784,168.56066,149,34.65,-1.89,2228.2,2348.4,66.20,-26.84,11.95,3.42
88,03/04/13,13,-75.77788,168.56066,100,34.63,-1.88,2228.6,2345.0,21.20,-27.02,4.46,2.75
88,03/04/13,15,-75.7779,168.5606,60,34.59,-1.71,2224.0,2342.7,26.18,-26.86,5.60,0.63
88,03/04/13,17,-75.77792,168.56053,15,34.07,-1.78,2126.3,2320.4,460.12,-32.52,93.51,1.51
88,03/04/13,19,-75.7779,168.56046,2,34.07,-1.78,2122.0,2319.7,467.93,-31.98,95.80,1.61
89,03/04/13,1,-75.78096,168.50374,409,34.72,-1.89,2237.5,2356.1,23.28,-28.02,3.87,5.41
89,03/04/13,3,-75.78092,168.50376,350,34.70,-1.90,2233.3,2348.4,21.90,-27.12,3.18,8.70
89,03/04/13,5,-75.78088,168.50376,300,34.68,-1.90,2234.5,2351.5,17.22,-27.64,3.04,11.27
89,03/04/13,7,-75.78082,168.50376,250,34.66,-1.89,2233.2,2349.5,16.05,-27.71,2.88,6.46
89,03/04/13,9,-75.78076,168.50374,200,34.65,-1.89,2234.9,2351.4,15.54,-27.29,2.71,9.45
89,03/04/13,11,-75.78069,168.50376,150,34.64,-1.89,2229.3,2347.6,17.35,-27.96,3.05,9.55
89,03/04/13,13,-75.78062,168.50382,100,34.63,-1.87,2229.0,2347.8,21.87,-27.08,4.22,8.12
89,03/04/13,15,-75.7806,168.50382,60,34.58,-1.54,2227.1,2345.1,43.98,-28.32,10.08,5.63
89,03/04/13,17,-75.78058,168.50344,15,34.11,-1.77,2171.2,2330.9,284.17,-31.64,59.76,1.38
89,03/04/13,19,-75.78058,168.50338,1,34.08,-1.80,nd,2320.0,423.32,-32.39,89.91,1.31
92,03/04/13,1,-75.7554,168.24006,434,34.77,-1.90,2228.0,2353.9,22.38,-28.18,3.64,3.98
92,03/04/13,3,-75.75548,168.23978,400,34.75,-1.90,2233.6,2355.8,18.32,-27.44,3.07,9.38
92,03/04/13,5,-75.75546,168.23923,300,34.68,-1.89,2234.6,2348.8,16.87,-27.86,2.94,6.18
92,03/04/13,7,-75.75554,168.23906,250,34.66,-1.89,2230.5,2343.1,18.56,-27.82,3.24,6.82
92,03/04/13,9,-75.75556,168.23852,201,34.65,-1.89,2231.3,2339.8,19.95,-27.94,3.67,7.18
92,03/04/13,11,-75.75564,168.23802,150,34.63,-1.87,2226.6,2344.0,21.00,-27.95,3.78,10.04
92,03/04/13,13,-75.7557,168.23772,100,34.59,-1.55,2225.2,2343.4,22.66,-27.70,4.30,8.09
92,03/04/13,15,-75.75566,168.23724,60,34.52,-1.64,2216.4,2334.8,36.38,-27.49,6.54,6.08
92,03/04/13,17,-75.75566,168.23687,15,34.11,-1.85,2126.2,2318.1,399.82,-32.72,84.42,1.87
92,03/04/13,19,-75.75586,168.23594,2,34.11,-1.85,nd,2318.3,428.83,-32.50,90.45,1.61
93,03/04/13,1,-75.73744,168.16668,448,34.76,-1.90,2242.5,2356.6,19.72,-26.81,3.88,3.98
93,03/04/13,3,-75.73736,168.16694,400,34.73,-1.89,2246.0,2355.6,20.08,-27.61,3.45,6.32
93,03/04/13,5,-75.73724,168.16738,300,34.67,-1.89,2234.5,2349.5,19.72,-27.34,3.57,8.01
93,03/04/13,7,-75.73718,168.16754,250,34.66,-1.89,2236.1,2344.9,17.78,-26.80,3.26,11.62
93,03/04/13,9,-75.73716,168.16773,200,34.65,-1.89,2237.1,2347.2,16.91,-27.61,3.18,7.59
93,03/04/13,11,-75.73712,168.16784,150,34.64,-1.88,2233.9,2346.3,20.07,-27.72,3.89,10.83
93,03/04/13,13,-75.73708,168.16802,100,34.61,-1.73,2231.4,2348.9,19.90,-26.95,4.17,7.84
93,03/04/13,15,-75.73704,168.16814,60,34.55,-1.55,2226.1,2336.1,32.00,-27.16,6.13,12.02
93,03/04/13,17,-75.73696,168.16834,14,34.10,-1.85,2129.3,2323.4,408.95,-32.78,87.45,1.26
93,03/04/13,19,-75.73692,168.16853,1,34.10,-1.85,nd,2320.3,410.31,-32.19,87.76,1.22
94,03/05/13,1,-75.74742,168.23052,149,34.64,-1.88,2235.0,2348.7,20.36,-27.49,3.61,12.21
94,03/05/13,2,-75.74742,168.23048,100,34.60,-1.71,2233.3,2346.3,22.35,-26.80,4.26,7.88
94,03/05/13,3,-75.74743,168.23046,79,34.58,-1.41,2236.7,2343.0,17.79,-27.32,3.83,11.92
94,03/05/13,4,-75.74744,168.23042,64,34.55,-1.59,2229.2,2344.1,22.98,-27.25,4.82,10.71
94,03/05/13,5,-75.74744,168.2304,49,34.50,-1.58,2232.3,2337.4,30.82,-27.03,6.75,10.86
94,03/05/13,6,-75.74744,168.2304,41,34.49,-1.54,2228.9,2337.0,41.60,-27.19,8.73,9.63
94,03/05/13,7,-75.74744,168.2304,38,34.46,-1.49,2223.7,2336.1,62.06,-28.28,12.60,4.85
94,03/05/13,8,-75.74744,168.2304,35,34.41,-1.46,2212.6,2332.8,104.87,-29.29,22.22,4.55
94,03/05/13,9,-75.74744,168.2304,33,34.35,-1.43,2200.5,2321.5,149.57,-29.95,32.81,2.91
94,03/05/13,10,-75.74744,168.2304,30,34.26,-1.56,2208.6,2330.2,257.42,-30.85,55.35,1.71
94,03/05/13,11,-75.74744,168.2304,26,34.16,-1.71,2178.1,2326.7,346.00,-31.93,74.77,0.32
94,03/05/13,12,-75.74744,168.2304,23,34.10,-1.82,2151.5,2321.4,360.05,-32.64,78.02,0.16
94,03/05/13,13,-75.74744,168.2304,20,34.09,-1.84,2147.6,2316.2,383.23,-32.31,82.64,1.10
94,03/05/13,14,-75.74744,168.2304,17,34.09,-1.85,2144.8,2325.9,487.64,-31.95,104.47,2.73
94,03/05/13,15,-75.74744,168.2304,14,34.09,-1.85,2153.6,2321.3,429.75,-33.29,91.03,2.23
94,03/05/13,16,-75.74744,168.2304,11,34.08,-1.85,2141.2,2317.7,459.94,-33.04,98.54,5.09
94,03/05/13,17,-75.74744,168.23042,6,34.08,-1.86,2142.3,2321.1,424.87,-32.82,94.09,1.05
94,03/05/13,18,-75.74744,168.23044,2,34.08,-1.86,nd,2321.7,488.52,-33.05,103.27,1.43
94,03/05/13,19,-75.74744,168.23044,1,34.08,-1.86,nd,2320.1,481.71,-32.83,103.02,2.59
95,03/05/13,1,-75.77364,168.24968,440,34.77,-1.90,2240.4,2351.0,21.64,-27.73,3.83,4.57
95,03/05/13,3,-75.77368,168.24984,401,34.75,-1.90,2238.0,2350.9,17.91,-27.33,3.40,9.21
95,03/05/13,5,-75.7737,168.2501,300,34.67,-1.89,2239.0,2350.8,19.91,-27.24,3.92,6.89
95,03/05/13,7,-75.77378,168.25063,200,34.65,-1.89,2234.8,2346.2,21.46,-28.49,3.94,8.46
95,03/05/13,9,-75.7738,168.25085,150,34.64,-1.87,2236.2,2342.0,17.87,-28.05,3.70,7.62
95,03/05/13,11,-75.77382,168.25096,101,34.60,-1.68,2227.7,2347.6,20.73,-27.50,4.49,9.71
95,03/05/13,13,-75.77383,168.25106,60,34.55,-1.58,2233.2,2343.4,28.34,-27.58,5.46,7.46
95,03/05/13,15,-75.77384,168.25124,25,34.37,-1.53,2182.9,2329.9,274.20,-31.99,58.07,2.20
95,03/05/13,17,-75.77386,168.25114,10,34.10,-1.83,2133.8,2325.1,409.12,-32.60,86.07,1.91
95,03/05/13,19,-75.77378,168.25132,1,34.10,-1.83,2126.9,2320.9,407.18,-32.60,85.37,2.11
99,03/05/13,1,-75.19626,164.18906,1138,34.79,-1.88,2235.7,2360.8,9.26,-25.99,2.09,3.82
99,03/05/13,3,-75.1965,164.1887,1000,34.77,-1.89,2236.8,2360.7,17.19,-26.16,3.75,12.91
99,03/05/13,5,-75.19652,164.18844,800,34.75,-1.89,2224.7,2355.9,12.75,-27.22,2.45,12.89
99,03/05/13,7,-75.19631,164.1887,600,34.73,-1.89,2226.0,2354.8,14.53,-26.58,2.74,8.57
99,03/05/13,9,-75.19676,164.18784,400,34.68,-1.88,2228.5,2350.2,30.09,-25.31,6.20,7.11
99,03/05/13,11,-75.19696,164.18758,250,34.59,-1.85,2212.0,2345.6,39.90,-25.79,7.54,7.85
99,03/05/13,13,-75.19708,164.18736,150,34.23,-0.89,2158.2,2332.9,66.89,-26.16,13.29,2.65
99,03/05/13,15,-75.19716,164.18724,90,34.08,-0.99,2151.2,2323.4,130.70,-25.91,27.63,3.43
99,03/05/13,17,-75.19724,164.18712,35,33.91,-1.71,2128.8,2323.1,169.61,-24.74,37.45,2.10
99,03/05/13,19,-75.19734,164.18698,4,33.90,-1.75,2121.0,2314.0,182.35,-24.38,40.28,2.08
100,03/05/13,1,-75.19638,164.1843,500,34.71,-1.91,2233.1,2356.2,18.99,-26.66,3.35,7.84
100,03/05/13,2,-75.19654,164.18382,400,34.67,-1.88,2231.0,2348.7,28.44,-26.32,5.33,5.33
100,03/05/13,3,-75.19662,164.18352,375,34.67,-1.89,2230.0,2353.9,24.93,-26.46,4.70,7.25
100,03/05/13,4,-75.19668,164.18344,350,34.66,-1.90,2222.2,2353.2,30.49,-26.08,5.61,6.35
100,03/05/13,5,-75.19672,164.18332,325,34.65,-1.88,2231.4,2345.5,29.88,-26.32,5.68,5.93
100,03/05/13,6,-75.19682,164.18318,300,34.63,-1.90,2229.2,2349.2,27.43,-26.59,5.13,6.06
100,03/05/13,7,-75.19686,164.18308,275,34.61,-1.88,2235.2,2348.0,34.04,-26.78,6.48,5.77
100,03/05/13,8,-75.19694,164.18304,250,34.57,-1.82,2226.9,2342.7,39.43,-25.60,7.19,5.07
100,03/05/13,9,-75.197,164.18294,225,34.51,-1.70,2219.9,2343.5,44.72,-26.37,8.57,3.04
100,03/05/13,10,-75.1969,164.18316,200,34.40,-1.40,2215.3,2340.9,44.09,-26.50,8.87,1.75
100,03/05/13,11,-75.19676,164.18338,175,34.35,-1.15,2197.7,2344.2,78.42,-26.97,16.67,4.33
100,03/05/13,12,-75.19672,164.18344,150,34.27,-0.94,2183.8,2335.8,59.46,-25.90,13.39,0.82
100,03/05/13,13,-75.19664,164.18358,125,34.20,-0.88,2173.1,2326.5,68.16,-25.94,14.37,2.85
100,03/05/13,14,-75.19668,164.18352,100,34.13,-0.91,2154.3,2329.8,114.81,-26.52,24.77,4.28
100,03/05/13,15,-75.19669,164.18354,76,34.08,-1.00,2147.6,2324.5,106.94,-25.65,22.97,3.20
100,03/05/13,16,-75.19686,164.18332,49,33.95,-1.52,2113.8,2321.2,139.25,-24.69,30.18,3.23
100,03/05/13,17,-75.19702,164.18324,35,33.92,-1.75,2101.0,2313.5,164.02,-25.06,36.62,4.22
100,03/05/13,18,-75.19705,164.18314,25,33.92,-1.76,2104.0,2320.5,140.97,-25.19,30.05,3.56
100,03/05/13,19,-75.19698,164.18336,10,33.92,-1.75,2110.0,2313.2,159.85,-25.32,34.96,3.55
100,03/05/13,20,-75.19694,164.18346,4,33.92,-1.75,2111.5,2318.7,149.58,-25.59,32.80,3.76
101,03/06/13,1,-74.95672,164.21638,711,34.78,-1.90,2230.4,2358.5,5.63,-26.45,1.70,8.09
101,03/06/13,3,-74.95662,164.21642,600,34.75,-1.93,2226.1,2355.5,6.62,-26.50,1.79,7.83
101,03/06/13,5,-74.95644,164.21646,450,34.70,-2.03,2224.9,2354.4,6.72,-26.49,2.10,11.25
101,03/06/13,7,-74.95662,164.21642,300,34.69,-1.93,2224.1,2351.4,17.93,-26.98,4.07,8.73
101,03/06/13,9,-74.95662,164.2164,200,34.63,-1.84,2220.6,2348.3,28.98,-25.89,7.08,4.53
101,03/06/13,11,-74.95666,164.21636,150,34.24,-1.23,2163.9,2333.5,107.54,-26.25,22.71,6.48
101,03/06/13,13,-74.95666,164.2164,101,33.98,-1.80,2119.3,2318.4,168.13,-26.02,37.62,2.13
101,03/06/13,15,-74.95662,164.21638,51,33.98,-1.81,2120.9,2319.8,142.29,-26.20,28.40,-1.58
101,03/06/13,17,-74.95664,164.21638,25,33.98,-1.83,2118.8,2318.2,168.62,-26.08,37.72,2.00
101,03/06/13,19,-74.95666,164.2164,4,33.98,-1.83,2109.5,2317.9,181.09,-25.97,39.48,2.08
102,03/06/13,1,-74.83162,164.47834,633,34.77,-1.90,2228.2,2356.4,18.00,-28.02,3.37,8.67
102,03/06/13,3,-74.83152,164.47798,500,34.72,-1.97,2218.0,2354.9,13.87,-27.07,2.91,10.06
102,03/06/13,5,-74.83146,164.47774,400,34.70,-1.98,2217.5,2356.5,14.48,-27.15,3.47,9.76
102,03/06/13,7,-74.8314,164.47748,300,34.69,-1.90,2224.3,2356.8,21.85,-26.57,5.02,9.64
102,03/06/13,9,-74.83132,164.47724,200,34.64,-1.86,2226.1,2348.8,32.95,-27.00,7.09,7.18
102,03/06/13,11,-74.83128,164.4771,150,34.38,-1.55,2206.3,2344.2,78.13,-26.12,16.27,5.52
102,03/06/13,13,-74.83124,164.47696,100,33.93,-1.80,2122.1,2315.4,152.06,-27.25,34.28,3.48
102,03/06/13,15,-74.83116,164.47678,25.1,33.88,-1.85,2118.2,2314.4,128.90,-26.24,27.87,2.29
102,03/06/13,17,-74.83116,164.47672,25,33.87,-1.85,2111.2,2313.3,144.54,-26.44,32.01,3.17
102,03/06/13,19,-74.83114,164.47666,1,33.87,-1.85,2078.0,2312.7,155.52,-25.71,34.21,3.42
103,03/06/13,1,-74.26992,168.92986,662,34.79,-1.89,2240.2,2354.5,10.97,-26.58,2.57,6.60
103,03/06/13,3,-74.2697,168.93038,599,34.78,-1.90,2231.9,2359.2,8.90,-26.85,1.79,15.14
103,03/06/13,5,-74.26934,168.93119,500,34.78,-1.90,2239.0,2359.2,11.27,-27.28,2.20,13.33
103,03/06/13,7,-74.26906,168.93183,425,34.77,-1.90,2233.0,2354.7,23.37,-27.71,4.70,8.33
103,03/06/13,9,-74.26878,168.93247,350,34.76,-1.90,2231.9,2359.6,16.44,-28.73,3.49,7.09
103,03/06/13,11,-74.26844,168.93326,250,34.73,-1.90,2223.0,2353.6,21.99,-27.96,4.49,8.85
103,03/06/13,13,-74.26811,168.93401,150,34.69,-1.88,2223.0,2339.6,22.21,-28.32,4.71,12.10
103,03/06/13,15,-74.26786,168.93458,75,34.57,-1.52,2221.9,2324.3,93.43,-28.31,20.49,4.16
103,03/06/13,17,-74.26766,168.93502,30,34.02,-1.83,2129.7,2316.9,184.58,-28.01,40.94,2.82
103,03/06/13,19,-74.2675,168.93536,3,33.79,-1.84,2089.4,2303.1,193.11,-28.29,41.99,3.77
104,03/06/13,1,-74.1916,169.54328,585,34.78,-1.90,2237.5,2355.9,11.89,-27.38,2.53,6.59
104,03/06/13,3,-74.1914,169.54394,500,34.77,-1.90,2234.4,2355.6,10.84,-27.24,2.10,12.27
104,03/06/13,5,-74.19118,169.54464,400,34.76,-1.90,2234.8,2354.0,13.80,-27.74,2.80,8.29
104,03/06/13,7,-74.19099,169.54532,324,34.74,-1.89,2235.9,2351.1,17.82,-27.54,3.50,9.93
104,03/06/13,9,-74.1908,169.54602,251,34.73,-1.89,2232.9,2348.9,18.60,-28.06,3.78,9.57
104,03/06/13,11,-74.19058,169.54693,140,34.66,-1.87,nd,2349.5,29.42,-28.74,6.08,6.97
104,03/06/13,13,-74.19042,169.5476,75,34.58,-1.67,2215.5,2349.5,51.52,-27.54,10.78,5.76
104,03/06/13,15,-74.19026,169.5481,35,33.90,-1.64,2146.3,2314.9,150.56,-26.92,33.77,4.50
104,03/06/13,17,-74.19022,169.54825,25,33.82,-1.70,nd,2304.4,175.48,-26.75,38.87,4.06
104,03/06/13,19,-74.19014,169.54856,1,33.39,-1.81,2066.8,2282.2,181.89,-27.74,39.33,3.59
106,03/07/13,1,-74.16714,170.41736,622,34.78,-1.90,2239.3,2357.2,10.84,-27.35,1.98,15.37
106,03/07/13,3,-74.16712,170.41722,501,34.77,-1.90,2236.4,2354.7,12.95,-27.02,2.29,12.89
106,03/07/13,5,-74.16712,170.41724,400,34.76,-1.90,2233.6,2355.7,13.13,-27.51,2.59,14.65
106,03/07/13,7,-74.1671,170.41716,300,34.73,-1.90,2240.9,2353.1,12.45,-27.86,2.61,13.92
106,03/07/13,9,-74.1671,170.41714,200,34.68,-1.89,2234.8,2348.1,14.08,-28.27,2.83,9.63
106,03/07/13,11,-74.1671,170.41714,150,34.66,-1.86,nd,2347.7,23.40,-28.57,4.87,7.68
106,03/07/13,13,-74.1671,170.41712,100,34.64,-1.85,2223.1,2343.5,27.97,-28.87,6.03,6.48
106,03/07/13,15,-74.1671,170.41714,50,34.21,-1.69,2183.8,2325.4,168.17,-30.24,36.85,2.64
106,03/07/13,17,-74.16718,170.41702,24,34.16,-1.82,2158.3,2314.1,213.95,-30.58,45.34,3.39
106,03/07/13,19,-74.16726,170.417,1,34.06,-1.83,2137.8,2319.9,209.74,-30.30,44.96,2.37
107,03/07/13,1,-75.74994,168.99726,429,34.73,-1.89,2239.9,2354.7,14.61,-27.75,2.99,8.10
107,03/07/13,3,-75.74988,168.9972,400,34.73,-1.90,2232.8,2355.3,24.32,-29.36,2.98,9.19
107,03/07/13,5,-75.74988,168.99722,300,34.69,-1.90,2229.9,2353.4,16.61,-29.50,3.16,11.39
107,03/07/13,7,-75.74988,168.99716,250,34.68,-1.90,2239.1,2351.6,18.25,-29.22,3.52,9.05
107,03/07/13,9,-75.74984,168.99706,200,34.66,-1.91,2233.9,2349.6,17.81,-30.02,3.78,8.29
107,03/07/13,11,-75.74986,168.9972,150,34.63,-1.90,2221.4,2347.4,15.75,-29.34,3.18,7.39
107,03/07/13,13,-75.74994,168.99738,80,34.58,-1.66,2223.6,2343.9,35.42,-28.93,7.17,7.84
107,03/07/13,15,-75.75002,168.99756,40,34.40,-1.51,2207.4,2339.7,168.49,-30.49,35.14,4.12
107,03/07/13,17,-75.7501,168.9977,15,34.19,-1.84,2148.9,2327.6,265.54,-32.41,55.51,1.35
107,03/07/13,19,-75.75012,168.99778,3,34.19,-1.84,2139.5,2322.8,279.78,-32.79,58.27,1.76
108,03/07/13,1,-75.75222,168.99466,425,34.73,-1.89,2247.9,2352.6,20.86,-28.13,4.16,8.13
108,03/07/13,3,-75.75216,168.99444,350,34.72,-1.90,2247.7,2350.3,35.33,-30.66,5.77,6.59
108,03/07/13,5,-75.75216,168.99445,300,34.69,-1.90,2247.3,2353.8,17.88,-29.51,3.15,12.52
108,03/07/13,7,-75.75216,168.99442,250,34.68,-1.91,2246.5,2352.5,18.98,-29.61,3.58,11.55
108,03/07/13,9,-75.75216,168.99438,200,34.65,-1.91,2244.6,2348.1,26.40,-30.89,4.87,9.74
108,03/07/13,11,-75.75217,168.99446,150,34.63,-1.90,2234.3,2344.0,21.06,-29.03,4.02,10.15
108,03/07/13,13,-75.75222,168.99465,80,34.57,-1.69,2224.5,2343.4,37.19,-28.86,7.48,6.94
108,03/07/13,15,-75.75226,168.99478,40,34.26,-1.71,2182.7,2324.9,262.66,-32.51,55.14,2.15
108,03/07/13,17,-75.75228,168.9949,14,34.19,-1.84,2161.1,2324.7,318.18,-32.83,66.06,3.42
108,03/07/13,19,-75.75228,168.99492,2,34.19,-1.84,2160.2,2322.1,301.64,-32.45,61.72,2.08
109,03/08/13,1,-75.76596,168.92394,433,34.73,-1.89,2236.1,2350.3,17.42,-27.99,3.19,9.01
109,03/08/13,3,-75.76596,168.92406,350,34.71,-1.90,2234.2,2349.9,21.44,-29.20,3.74,8.15
109,03/08/13,5,-75.76596,168.92408,300,34.70,-1.90,2234.9,2347.6,20.31,-29.31,3.11,10.68
109,03/08/13,7,-75.76596,168.92408,250,34.67,-1.90,2232.9,2346.7,16.66,-29.13,2.92,11.30
109,03/08/13,9,-75.76596,168.92414,200,34.66,-1.91,2230.9,2344.9,20.87,-28.51,3.67,9.97
109,03/08/13,11,-75.76598,168.9242,150,34.63,-1.94,2226.7,2344.9,19.18,-28.63,3.53,8.88
109,03/08/13,13,-75.76598,168.9243,80,34.57,-1.67,2222.8,2343.4,29.51,-28.31,5.76,8.51
109,03/08/13,15,-75.76598,168.92453,38,34.22,-1.83,2171.5,2327.9,277.94,-32.29,56.94,1.30
109,03/08/13,17,-75.76598,168.92464,15,34.20,-1.85,2149.4,2322.3,290.20,-32.36,59.85,2.02
109,03/08/13,19,-75.76598,168.92475,1,34.20,-1.84,2143.8,2320.6,312.67,-32.64,63.36,1.71
110,03/08/13,1,-75.76432,168.92626,435,34.73,-1.89,2234.6,2352.6,23.23,-28.70,4.12,8.37
110,03/08/13,3,-75.76424,168.9264,350,34.71,-1.90,2235.6,2350.0,28.95,-29.04,5.11,9.84
110,03/08/13,5,-75.7642,168.92646,300,34.69,-1.90,2233.7,2349.9,24.20,-29.55,4.35,7.80
110,03/08/13,7,-75.76416,168.92652,250,34.67,-1.90,2232.5,2354.8,14.75,-29.29,2.55,11.92
110,03/08/13,9,-75.76412,168.92658,200,34.65,-1.92,2231.9,2346.8,17.25,-29.41,2.98,8.86
110,03/08/13,11,-75.76412,168.9266,150,34.63,-1.90,nd,2341.5,21.80,-29.11,4.45,8.88
110,03/08/13,13,-75.7641,168.92666,80,34.59,-1.70,2228.5,2341.3,30.52,-28.54,6.44,7.44
110,03/08/13,15,-75.76406,168.92668,40,34.45,-1.49,2215.9,2333.2,68.95,-29.01,14.26,4.19
110,03/08/13,17,-75.76404,168.92672,15,34.21,-1.83,2153.0,2324.8,307.57,-32.48,61.49,1.59
110,03/08/13,19,-75.764,168.92676,1,34.21,-1.83,2152.1,2319.4,309.85,-32.44,61.84,0.86
113,03/08/13,1,-75.73718,168.82502,415,34.73,-1.89,2239.6,2353.1,18.24,-27.84,3.72,6.66
113,03/08/13,3,-75.73704,168.82463,350,34.72,-1.90,2235.9,2353.9,26.69,-29.62,4.57,9.74
113,03/08/13,5,-75.73689,168.82418,300,34.69,-1.90,2236.1,2352.5,23.53,-30.04,4.18,9.90
113,03/08/13,7,-75.73676,168.82392,250,34.67,-1.90,2234.1,2348.7,16.02,-28.38,3.25,11.34
113,03/08/13,9,-75.73662,168.82368,200,34.65,-1.90,2232.5,2346.9,16.40,-28.87,2.99,9.59
113,03/08/13,11,-75.7365,168.82339,150,34.64,-1.91,2227.2,2345.8,23.92,-29.09,4.38,9.77
113,03/08/13,13,-75.73634,168.82287,80,34.56,-1.45,2223.3,2344.3,25.25,-27.83,5.19,14.36
113,03/08/13,15,-75.73622,168.82258,40,34.30,-1.62,2202.6,2333.1,151.39,-31.23,31.39,1.66
113,03/08/13,17,-75.73612,168.82238,15,34.21,-1.84,2150.9,2325.1,301.20,-32.38,63.43,1.66
113,03/08/13,19,-75.73604,168.82222,2,34.20,-1.84,2152.7,2327.2,312.77,-32.35,64.53,1.22
114,03/08/13,1,-75.72126,168.79946,334,34.73,-1.90,2237.1,2355.3,36.95,-30.29,5.14,6.04
114,03/08/13,3,-75.72116,168.7992,325,34.73,-1.90,2236.9,2354.6,40.75,-29.99,5.62,9.03
114,03/08/13,5,-75.72108,168.79908,299,34.71,-1.90,2237.0,nd,29.58,-30.01,4.91,9.71
114,03/08/13,7,-75.721,168.79912,251,34.67,-1.90,2230.5,2349.7,41.82,-31.62,6.05,8.77
114,03/08/13,9,-75.72084,168.79882,200,34.65,-1.92,2230.2,2346.7,20.28,-29.59,3.59,8.55
114,03/08/13,11,-75.72063,168.79824,150,34.63,-1.91,2218.8,2345.7,32.31,-29.54,6.23,8.43
114,03/08/13,13,-75.72048,168.79768,80,34.57,-1.64,2219.4,2337.4,25.25,-27.63,5.12,10.58
114,03/08/13,15,-75.7204,168.79754,40,34.33,-1.62,2173.6,2330.1,238.94,-32.11,49.39,3.04
114,03/08/13,17,-75.72024,168.79714,15,34.20,-1.83,2147.0,2330.8,302.19,-32.33,63.18,1.83
114,03/08/13,19,-75.72008,168.7967,1,34.20,-1.83,2153.0,2324.8,310.27,-32.27,63.81,1.38
115,03/09/13,1,-75.70572,168.74166,400,34.73,-1.90,2238.5,2352.9,25.42,-29.02,2.91,9.25
115,03/09/13,3,-75.70568,168.74138,350,34.73,-1.90,2239.0,2352.4,30.27,-30.17,3.62,6.40
115,03/09/13,5,-75.70564,168.74108,300,34.71,-1.90,2236.7,2350.8,23.67,-29.79,3.09,8.94
115,03/09/13,7,-75.70558,168.74076,250,34.69,-1.90,2234.0,2349.7,21.12,-30.44,2.82,6.32
115,03/09/13,9,-75.70556,168.74046,200,34.66,-1.91,2231.1,2348.8,20.20,-29.20,2.87,6.79
115,03/09/13,11,-75.70552,168.74018,150,34.64,-1.91,2227.1,2346.3,20.75,-28.89,3.09,7.79
115,03/09/13,13,-75.70548,168.73982,80,34.57,-1.58,2220.7,2339.9,20.97,-28.16,3.40,4.20
115,03/09/13,15,-75.70544,168.7396,40,34.44,-1.48,2211.6,2336.1,65.58,-29.18,11.51,3.26
115,03/09/13,17,-75.70542,168.73938,15,34.21,-1.81,2153.5,2325.5,258.21,-33.37,49.89,1.77
115,03/09/13,19,-75.70539,168.7393,1,34.21,-1.82,2151.7,2322.8,281.58,-32.85,55.43,2.57
118,03/09/13,1,-76.50168,167.9988,750,34.76,-1.89,2236.1,2355.8,15.09,-26.50,3.22,5.20
118,03/09/13,3,-76.50174,167.9988,700,34.75,-1.89,2235.3,2353.4,23.58,-27.17,4.20,3.07
118,03/09/13,5,-76.50184,167.99886,600,34.73,-1.89,2234.7,2352.1,17.41,-27.09,3.04,12.51
118,03/09/13,7,-76.50196,167.9989,500,34.72,-1.89,2231.9,2350.0,19.40,-28.33,3.16,12.24
118,03/09/13,9,-76.50206,167.99894,400,34.71,-1.89,2231.3,2348.3,19.71,-28.75,3.56,8.95
118,03/09/13,11,-76.50218,167.999,300,34.68,-1.88,2224.1,2346.8,19.62,-28.47,3.53,11.35
118,03/09/13,13,-76.50236,167.99908,150,34.63,-1.89,2225.6,2344.7,20.61,-28.14,4.09,10.02
118,03/09/13,15,-76.50244,167.9991,75,34.53,-1.67,2219.5,2338.8,32.55,-29.05,6.26,6.84
118,03/09/13,17,-76.50252,167.99912,25,34.25,-1.70,2189.2,2332.7,150.01,-30.99,33.03,3.39
118,03/09/13,19,-76.50258,167.99914,2,34.22,-1.76,2141.9,2326.6,323.61,-32.37,68.40,1.95
119,03/09/13,1,-76.50142,170.0037,706,34.74,-1.89,2233.4,2354.7,15.10,-27.45,3.14,9.84
119,03/09/13,3,-76.50144,170.0052,600,34.73,-1.89,2233.9,2356.1,22.46,-28.80,3.77,10.87
119,03/09/13,5,-76.5015,170.0066,500,34.71,-1.90,2234.0,2352.4,20.72,-29.64,3.91,9.73
119,03/09/13,7,-76.50154,170.0081,400,34.68,-1.89,2229.8,2347.9,19.34,-29.49,3.59,10.14
119,03/09/13,9,-76.50158,170.00954,300,34.64,-1.91,2234.0,2347.9,18.19,-29.12,3.49,12.21
119,03/09/13,11,-76.50162,170.01093,200,34.57,-1.85,2225.6,2345.4,27.03,-29.92,5.44,7.64
119,03/09/13,13,-76.50166,170.01237,100,34.45,-1.55,2223.1,2329.2,66.97,-29.89,12.16,5.86
119,03/09/13,15,-76.50168,170.0133,50,34.29,-1.70,2172.5,2327.0,123.84,-30.79,26.95,2.32
119,03/09/13,17,-76.50168,170.01384,26,34.29,-1.73,2161.9,2331.0,158.10,-31.38,34.54,2.95
119,03/09/13,19,-76.50168,170.0146,3,34.29,-1.74,2157.6,2328.7,175.93,-31.08,36.38,1.27
120,03/10/13,1,-76.50254,172.02804,647,34.73,-1.89,2232.3,2354.5,13.81,-27.62,2.53,7.60
120,03/10/13,3,-76.50266,172.02915,600,34.73,-1.89,2235.2,2353.7,23.53,-29.25,3.37,7.82
120,03/10/13,5,-76.50286,172.03112,500,34.71,-1.90,2235.5,2351.5,20.40,-29.65,2.91,10.77
120,03/10/13,7,-76.50306,172.03308,401,34.67,-1.90,2233.5,2348.7,22.66,-29.78,3.36,7.54
120,03/10/13,9,-76.50326,172.03506,300,34.63,-1.91,2229.6,2348.7,18.83,-29.52,2.88,8.06
120,03/10/13,11,-76.50346,172.03704,200,34.55,-1.73,2221.8,2343.8,22.98,-29.82,3.99,7.24
120,03/10/13,13,-76.50366,172.03904,101,34.45,-1.50,2220.8,2339.6,53.71,-30.59,10.87,4.70
120,03/10/13,15,-76.50382,172.0404,51,34.27,-1.52,2159.9,2327.9,166.72,-31.29,32.39,1.34
120,03/10/13,17,-76.50392,172.04129,25,34.26,-1.66,2162.3,2329.6,161.56,-31.44,32.31,1.67
120,03/10/13,19,-76.504,172.04212,1,34.26,-1.66,2156.6,2327.9,193.71,-31.73,38.37,0.96
121,03/10/13,1,-76.50042,174.00164,563,34.72,-1.89,2235.3,2352.7,14.13,-28.84,2.62,5.95
121,03/10/13,3,-76.50053,174.00192,500,34.71,-1.90,2230.0,2353.5,22.50,-29.90,3.19,10.75
121,03/10/13,5,-76.5007,174.00208,400,34.67,-1.93,2232.0,2349.2,30.30,-29.92,4.32,9.00
121,03/10/13,7,-76.50088,174.00222,300,34.60,-1.88,2228.7,2342.3,21.75,-30.47,3.26,9.41
121,03/10/13,9,-76.501,174.00234,250,34.55,-1.76,2226.2,2341.3,24.78,-29.55,4.05,8.15
121,03/10/13,11,-76.50113,174.00244,200,34.51,-1.66,2225.9,2337.9,24.60,-30.26,4.10,7.36
121,03/10/13,13,-76.50124,174.00248,150,34.46,-1.56,2226.2,2332.2,26.64,-30.26,4.95,6.71
121,03/10/13,15,-76.50132,174.0024,100,34.33,-1.67,2183.1,2330.2,100.06,-29.77,19.86,2.81
121,03/10/13,17,-76.50134,174.00284,50,34.32,-1.70,2179.8,2331.6,118.51,-29.93,23.42,2.88
121,03/10/13,19,-76.50136,174.00334,1,34.30,-1.74,2163.5,2328.2,127.88,-30.23,23.96,3.96
122,03/10/13,1,-76.49868,176.00346,405,34.62,-1.91,2230.9,2347.8,23.85,-29.34,4.09,7.52
122,03/10/13,3,-76.49856,176.00364,300,34.52,-1.71,2221.3,2341.3,23.63,-29.98,4.05,5.27
122,03/10/13,5,-76.4985,176.00374,251,34.49,-1.31,2224.8,2337.1,24.25,-29.58,4.04,6.69
122,03/10/13,7,-76.49843,176.00382,200,34.43,-1.49,2217.9,2332.0,28.62,-29.99,5.15,6.32
122,03/10/13,9,-76.49836,176.00395,150,34.40,-1.66,2210.8,2333.5,20.35,-29.88,3.87,6.92
122,03/10/13,11,-76.4983,176.00402,100,34.38,-1.49,2213.2,2334.7,46.79,-29.30,6.90,3.18
122,03/10/13,13,-76.49826,176.00408,75,34.29,-1.63,2178.1,2328.8,110.57,-30.28,21.20,2.85
122,03/10/13,15,-76.49822,176.00416,50,34.28,-1.69,2174.1,2328.9,115.77,-29.85,22.17,3.65
122,03/10/13,17,-76.49818,176.00422,25,34.28,-1.69,2176.7,2327.0,109.48,-30.08,20.93,2.32
122,03/10/13,19,-76.49812,176.0043,2,34.28,-1.69,2169.9,2329.5,114.40,-29.95,21.37,2.77
123,03/10/13,1,-76.50094,178.02362,327,34.52,-1.77,2228.1,2337.1,20.22,-30.01,3.00,5.57
123,03/10/13,3,-76.50082,178.0235,250,34.49,-1.54,2226.8,2339.9,21.68,-29.81,3.49,2.53
123,03/10/13,5,-76.50074,178.0234,200,34.45,-1.50,2215.4,2332.4,23.02,-29.85,4.04,1.86
123,03/10/13,7,-76.50066,178.02334,150,34.41,-1.61,2220.0,2331.6,86.50,-30.28,18.16,5.45
123,03/10/13,9,-76.5006,178.0233,125,34.38,-1.54,2198.7,2327.9,73.65,-29.42,13.35,1.12
123,03/10/13,11,-76.50054,178.02326,100,34.36,-1.44,2171.1,2336.0,70.31,-29.39,12.67,-1.49
123,03/10/13,13,-76.50048,178.0232,75,34.34,-1.65,2172.3,2332.9,202.08,-30.09,40.55,1.97
123,03/10/13,15,-76.50043,178.02316,50,34.33,-1.75,2170.1,2332.4,126.23,-29.74,21.70,-0.05
123,03/10/13,17,-76.50038,178.02312,25,34.33,-1.75,2171.0,2328.4,127.34,-29.73,21.91,0.85
123,03/10/13,19,-76.5003,178.02308,2,34.33,-1.75,2162.1,2329.8,135.77,-29.79,24.38,0.48
124,03/11/13,1,-76.49864,-179.98844,323,34.58,-1.91,2227.6,2342.6,17.07,-29.50,2.58,2.20
124,03/11/13,3,-76.4986,-179.98816,300,34.58,-1.91,2233.7,2335.6,22.66,-29.63,3.25,3.87
124,03/11/13,5,-76.49854,-179.98779,250,34.53,-1.90,2226.5,2339.2,18.20,-29.67,3.09,1.28
124,03/11/13,7,-76.49848,-179.9874,200,34.46,-1.64,2215.7,2332.9,24.20,-29.60,3.80,4.62
124,03/11/13,9,-76.49842,-179.98705,175,34.44,-1.48,2215.4,2336.5,28.89,-29.64,4.65,1.36
124,03/11/13,11,-76.49838,-179.98666,125,34.39,-1.47,2215.5,2333.3,44.79,-29.73,8.04,1.84
124,03/11/13,13,-76.49832,-179.98633,100,34.32,-1.36,2201.8,2330.6,54.44,-29.17,8.56,2.54
124,03/11/13,15,-76.49828,-179.98605,75,34.22,-1.71,2159.9,2327.4,199.74,-30.75,36.22,0.41
124,03/11/13,17,-76.49822,-179.98568,40,34.11,-1.82,2153.7,2318.4,206.12,-31.43,35.88,1.07
124,03/11/13,19,-76.49814,-179.98515,1,34.11,-1.81,2151.2,2315.5,206.17,-31.57,36.10,1.50
125,03/11/13,1,-76.49604,-177.98716,579,34.71,-1.90,2236.4,2354.4,15.74,-29.74,2.39,1.86
125,03/11/13,3,-76.49582,-177.98626,500,34.68,-1.94,2234.6,2351.7,19.74,-30.04,2.50,5.04
125,03/11/13,5,-76.4956,-177.98522,400,34.60,-2.00,2230.2,2344.4,19.81,-29.76,3.08,6.01
125,03/11/13,7,-76.49534,-177.98414,300,34.44,-1.48,2221.8,2335.0,13.91,-29.64,2.40,3.89
125,03/11/13,9,-76.49508,-177.98299,200,34.37,-1.57,2218.0,2326.8,26.99,-29.50,4.69,2.98
125,03/11/13,11,-76.49494,-177.98236,150,34.30,-1.40,2209.4,2324.0,27.13,-29.13,4.59,1.88
125,03/11/13,13,-76.49478,-177.98176,100,34.17,-1.41,2199.0,2320.8,55.57,-30.05,9.47,1.89
125,03/11/13,15,-76.49464,-177.9811,50,34.07,-1.79,2157.7,2314.9,186.28,-31.63,34.06,0.99
125,03/11/13,17,-76.4945,-177.98053,25,34.05,-1.82,2158.8,2313.4,174.28,-31.54,31.21,1.15
125,03/11/13,19,-76.4944,-177.98004,1,34.05,-1.82,2157.4,2313.2,173.18,-31.60,30.71,0.92
127,03/11/13,1,-76.49852,-175.98051,534,34.71,-1.90,2241.9,2355.4,16.22,-29.73,2.55,2.72
127,03/11/13,3,-76.49824,-175.98022,470,34.64,-2.00,2234.1,2345.9,17.86,-30.55,2.47,7.28
127,03/11/13,5,-76.49786,-175.97982,350,34.44,-1.14,2218.2,2335.7,15.92,-29.35,2.39,6.14
127,03/11/13,7,-76.49766,-175.97964,300,34.38,-1.57,2218.5,2334.9,18.92,-29.71,2.76,5.79
127,03/11/13,9,-76.49732,-175.97931,200,34.32,-1.64,2213.0,2326.3,20.85,-29.14,3.17,3.90
127,03/11/13,11,-76.49714,-175.97912,150,34.27,-1.59,2213.3,2319.4,25.14,-29.42,4.13,3.69
127,03/11/13,13,-76.49694,-175.97892,100,34.19,-1.61,2203.7,2318.2,35.79,-29.51,5.64,0.92
127,03/11/13,15,-76.49672,-175.97866,50,34.05,-1.77,2179.5,2316.1,99.57,-30.01,18.01,1.04
127,03/11/13,17,-76.49658,-175.97852,25,34.05,-1.78,2146.1,2315.9,182.38,-30.83,32.81,-0.36
127,03/11/13,19,-76.49646,-175.97836,3,34.05,-1.78,2147.3,2313.6,186.15,-30.56,33.70,0.99
128,03/11/13,1,-76.49766,-173.9936,485,34.69,-1.91,2234.0,2352.6,18.76,-29.83,2.85,5.94
128,03/11/13,3,-76.4974,-173.99336,400,34.47,-1.33,2225.1,2333.9,14.46,-30.04,2.08,4.15
128,03/11/13,5,-76.49708,-173.9931,300,34.38,-1.43,2218.0,2332.1,19.99,-28.63,3.27,6.02
128,03/11/13,7,-76.49698,-173.993,280,34.36,-1.69,2213.4,2328.9,19.72,-29.32,3.13,1.67
128,03/11/13,9,-76.4968,-173.99286,230,34.33,-1.62,2211.8,2328.4,18.65,-29.65,3.07,2.39
128,03/11/13,11,-76.49662,-173.9927,180,34.29,-1.61,2210.9,2322.7,23.34,-29.49,4.18,3.65
128,03/11/13,13,-76.4964,-173.9925,100,34.18,-1.54,2204.4,2319.0,34.93,-29.66,5.85,7.40
128,03/11/13,15,-76.4962,-173.99234,50,34.02,-1.79,2187.4,2314.3,99.01,-31.31,17.75,1.22
128,03/11/13,17,-76.49604,-173.99222,25,34.02,-1.80,2163.0,2311.2,149.00,-31.46,27.20,0.73
128,03/11/13,19,-76.49592,-173.99212,2,34.02,-1.80,2157.2,2314.6,154.77,-31.50,27.69,0.55
130,03/12/13,1,-76.49536,-172.49128,463,34.57,-1.64,2232.7,2344.3,39.71,-27.90,9.46,5.00
130,03/12/13,3,-76.4951,-172.49097,400,34.44,-0.76,2226.1,2332.6,14.37,-27.54,1.84,3.55
130,03/12/13,5,-76.49472,-172.49057,301,34.33,-1.43,2214.5,2327.4,13.26,-28.28,2.20,4.21
130,03/12/13,7,-76.4945,-172.49032,250,34.26,-1.49,2213.0,2321.1,14.36,-28.52,2.51,2.36
130,03/12/13,9,-76.49428,-172.49008,200,34.20,-1.55,2204.1,2312.6,10.76,-28.04,1.92,1.96
130,03/12/13,11,-76.49406,-172.48986,150,34.14,-1.63,2200.8,2312.6,10.31,-27.42,1.85,0.62
130,03/12/13,13,-76.49386,-172.48966,100,34.10,-1.71,2194.4,2311.4,13.93,-28.54,2.30,3.23
130,03/12/13,15,-76.49364,-172.48944,50,33.95,-1.83,2166.6,2300.9,87.81,-31.18,16.52,-0.27
130,03/12/13,17,-76.49346,-172.48927,25,33.95,-1.83,2166.6,2303.3,103.17,-30.55,18.66,-1.20
130,03/12/13,19,-76.49329,-172.4891,1,33.95,-1.83,2168.6,2300.8,104.45,-30.94,19.22,-0.72
131,03/13/13,1,-78.64296,-164.00502,345,34.21,-2.08,2206.7,2321.1,14.56,-28.15,1.96,3.38
131,03/13/13,3,-78.64296,-164.00502,316,34.21,-1.92,2204.7,2321.7,19.77,-28.81,3.13,4.20
131,03/13/13,5,-78.64296,-164.00498,290,34.19,-1.92,2205.0,2317.5,21.03,-28.93,3.21,1.49
131,03/13/13,7,-78.64296,-164.00498,250,34.16,-1.82,2201.1,2315.7,18.95,-28.72,3.05,3.40
131,03/13/13,9,-78.64296,-164.00496,200,34.11,-1.83,2194.2,2311.1,22.78,-29.16,4.10,4.65
131,03/13/13,11,-78.64296,-164.00496,150,34.07,-1.87,2188.5,2307.7,22.48,-29.40,4.55,2.56
131,03/13/13,13,-78.64296,-164.00496,100,34.03,-1.85,2186.7,2307.0,30.50,-29.08,5.01,3.57
131,03/13/13,15,-78.64296,-164.00496,50,34.01,-1.84,2179.5,2309.1,44.84,-29.15,7.73,3.13
131,03/13/13,17,-78.64296,-164.00496,25,33.98,-1.77,2182.3,2305.1,46.02,-29.87,9.38,3.05
131,03/13/13,19,-78.64296,-164.00496,1,33.94,-1.78,2182.1,2301.7,26.29,-28.39,4.90,2.10
133,03/16/13,1,-76.91516,-157.84642,265,34.06,-1.79,2190.5,2311.4,8.86,-26.64,1.32,7.36
133,03/16/13,3,-76.91514,-157.84668,251,34.06,-1.79,2187.3,2307.4,10.82,-26.02,1.61,4.97
133,03/16/13,5,-76.9151,-157.84712,200,34.05,-1.74,2191.8,2306.6,6.60,-26.31,1.10,3.42
133,03/16/13,7,-76.91506,-157.84748,150,34.03,-1.61,2193.6,2302.9,14.92,-26.76,1.68,8.23
133,03/16/13,9,-76.91504,-157.84788,100,34.00,-1.66,2193.0,2302.4,9.70,-26.99,1.69,2.64
133,03/16/13,11,-76.91502,-157.84812,75,33.98,-1.60,2191.3,2303.0,11.73,-26.85,1.89,1.43
133,03/16/13,13,-76.915,-157.84842,50,33.95,-1.52,2180.5,2298.1,18.64,-28.36,3.86,3.17
133,03/16/13,15,-76.91498,-157.8487,24,33.59,-1.48,2169.1,2285.4,19.28,-26.76,3.61,3.49
133,03/16/13,17,-76.91496,-157.84889,7,33.40,-1.70,2143.4,2269.0,24.36,-26.51,4.63,4.24
133,03/16/13,19,-76.91496,-157.849,1,33.41,-1.69,2143.5,2269.9,24.59,-26.34,3.91,0.37
134,03/16/13,1,-76.29162,-158.41736,1690,34.71,0.75,2246.4,2363.2,5.57,-25.88,nd,nd
134,03/16/13,3,-76.29142,-158.41686,1400,34.71,0.85,2242.8,2360.4,5.60,-25.78,nd,nd
134,03/16/13,5,-76.29122,-158.4164,1101,34.72,1.00,2243.2,2360.9,8.76,-25.99,1.18,9.20
134,03/16/13,7,-76.291,-158.4159,800,34.73,1.27,2244.3,2356.5,8.61,-26.50,1.07,7.57
134,03/16/13,9,-76.2908,-158.41548,550,34.69,1.52,2238.4,2349.8,7.21,-26.34,0.95,7.99
134,03/16/13,11,-76.29064,-158.41504,300,34.12,-1.55,2199.6,2313.8,11.62,-26.38,1.79,1.54
134,03/16/13,13,-76.29056,-158.41484,200,34.09,-1.80,2198.1,2313.3,8.56,-25.97,1.38,5.51
134,03/16/13,15,-76.29048,-158.41466,100,34.06,-1.82,2192.6,2307.3,11.51,-26.60,1.91,-7.45
134,03/16/13,17,-76.2904,-158.41446,22,33.83,-1.85,2173.6,2289.6,19.84,-25.70,3.37,-2.97
134,03/16/13,19,-76.29036,-158.4144,1,33.83,-1.84,2172.4,2293.3,20.30,-26.54,3.22,-0.18
135,03/18/13,1,-76.52716,-165.7725,466,34.36,-1.83,2216.5,2326.1,15.13,-27.39,2.45,4.94
135,03/18/13,3,-76.52722,-165.77202,451,34.35,-1.85,2211.1,2325.1,22.21,-27.47,3.08,6.34
135,03/18/13,5,-76.5273,-165.77132,400,34.31,-1.79,2206.0,2324.5,14.64,-27.45,1.51,1.86
135,03/18/13,7,-76.52746,-165.7706,300,34.25,-1.77,2200.5,2320.5,15.49,-26.61,2.00,4.17
135,03/18/13,9,-76.5276,-165.76984,200,34.20,-1.68,2201.7,2319.5,13.96,-27.30,2.11,4.71
135,03/18/13,11,-76.52774,-165.7692,119,34.15,-1.70,2196.8,nd,19.51,-28.47,3.14,4.96
135,03/18/13,13,-76.5278,-165.76889,100,34.13,-1.70,2196.5,2311.8,23.77,-28.44,3.83,4.95
135,03/18/13,15,-76.52786,-165.7686,75,34.11,-1.69,2189.5,2312.8,27.29,-29.18,4.30,4.87
135,03/18/13,17,-76.52794,-165.76818,24,33.78,-1.82,2173.8,2291.5,36.56,-29.20,6.79,2.03
135,03/18/13,19,-76.528,-165.76789,1,33.75,-1.83,2148.2,2291.4,51.59,-28.81,9.44,-0.34
