STATION,DATE,BOTTLE,LATITUDE,LONGITUDE,DEPTH,SALINITY_CTD,TEMP_CTD,DOC,DOC_FLAG,TDN,TDN_FLAG,PHOSPHATE,PHOSPHATE_FLAG,SILICATE,SILICATE_FLAG,NITRATE,NITRATE_FLAG
2,20130212,1,-77.16650,168.33310,896.952,34.75,-1.88,44.02,2,33.31,2,2.20,2,87.48,2,30.49,2
2,20130212,3,-77.16650,168.33310,801.258,34.73,-1.88,45.33,2,34.68,2,2.10,2,81.78,2,30.11,2
2,20130212,4,-77.16650,168.33309,801.293,34.73,-1.88,45.53,2,32.20,2,-999,5,-999,5,-999,5
2,20130212,6,-77.16650,168.33308,701.163,34.72,-1.88,45.36,2,32.30,2,2.10,2,81.78,2,30.63,2
2,20130212,7,-77.16648,168.33306,600.292,34.71,-1.88,45.44,2,32.05,2,2.10,2,82.18,2,30.38,2
2,20130212,9,-77.16648,168.33309,449.223,34.66,-1.87,46.89,2,33.64,2,2.10,2,80.98,2,30.24,2
2,20130212,11,-77.16648,168.33307,299.959,34.54,-1.81,47.25,2,33.29,2,2.20,2,82.48,2,29.83,2
2,20130212,13,-77.16648,168.33308,198.296,34.42,-1.61,-999,5,-999,5,2.20,2,81.08,2,28.83,2
2,20130212,15,-77.16650,168.33306,99.368,34.24,-0.42,48.33,2,23.44,2,1.70,2,71.29,2,22.05,2
2,20130212,17,-77.16648,168.33308,50.233,34.05,-1.00,50.39,2,20.54,2,1.30,2,67.39,2,18.31,2
2,20130212,20,-77.16648,168.33306,5.076,33.92,-1.12,52.39,2,20.76,2,1.30,2,66.89,2,16.36,2
3,20130213,2,-76.41746,167.94026,716.753,34.76,-1.89,46.28,2,32.30,2,2.20,2,85.17,2,30.21,2
3,20130213,4,-76.41746,167.94029,600.282,34.73,-1.89,46.22,2,34.89,2,2.20,2,78.35,2,30.48,2
3,20130213,6,-76.41744,167.94032,500.577,34.72,-1.89,46.15,2,33.08,2,2.20,2,84.39,2,30.44,2
3,20130213,8,-76.41746,167.94026,400.242,34.72,-1.89,47.12,2,32.85,2,2.10,2,77.86,2,30.43,2
3,20130213,10,-76.41746,167.94030,299.847,34.70,-1.89,47.23,2,33.39,2,2.10,2,74.75,2,30.38,2
3,20130213,12,-76.41746,167.94028,200.940,34.67,-1.89,48.25,2,32.72,2,2.10,2,78.45,2,30.38,2
3,20130213,14,-76.41746,167.94027,100.283,34.63,-1.86,48.34,2,32.09,2,2.20,2,76.11,2,30.56,2
3,20130213,16,-76.41746,167.94030,39.051,34.51,-1.59,50.62,2,29.06,2,1.90,2,70.65,2,26.01,2
3,20130213,18,-76.41744,167.94032,19.916,34.27,-0.95,53.36,2,21.56,2,1.20,2,57.01,2,19.25,2
3,20130213,20,-76.41746,167.94028,1.723,34.27,-0.95,56.27,2,22.73,2,1.20,2,64.61,2,19.06,2
4,20130213,2,-74.99922,167.11804,587.544,34.79,-1.90,46.31,2,17.78,2,2.20,2,73.38,7,29.09,2
4,20130213,4,-74.99922,167.11800,499.801,34.77,-1.90,46.64,2,32.54,2,2.15,2,70.26,7,28.80,2
4,20130213,6,-74.99922,167.11804,400.701,34.73,-1.90,46.64,2,33.73,2,2.20,2,71.56,7,29.43,2
4,20130213,8,-74.99922,167.11804,300.562,34.70,-1.89,47.66,2,33.40,2,2.18,2,-999,5,-999,5
4,20130213,10,-74.99922,167.11806,200.658,34.67,-1.89,47.21,2,33.06,2,2.20,2,71.65,7,29.68,2
4,20130213,12,-74.99922,167.11806,99.727,34.64,-1.88,48.14,2,31.67,2,2.22,2,71.47,7,29.80,2
4,20130213,14,-74.99922,167.11805,50.327,34.60,-1.58,49.55,2,30.21,2,-999,5,72.34,7,29.75,2
4,20130213,16,-74.99922,167.11806,24.959,34.37,-1.45,51.24,2,28.94,2,2.07,2,63.86,7,27.18,2
4,20130213,18,-74.99920,167.11806,15.313,33.70,-0.98,53.21,2,18.19,2,1.19,2,41.27,7,16.60,2
4,20130213,20,-74.99920,167.11806,4.367,33.55,-1.46,58.49,2,16.01,2,0.95,2,37.98,7,14.72,2
5,20130214,2,-74.98524,165.83509,1091.696,34.79,-1.88,43.67,2,33.21,2,2.20,2,80.69,2,29.24,2
5,20130214,4,-74.98456,165.84070,900.435,34.78,-1.89,44.79,2,32.66,2,2.20,2,75.19,2,28.75,2
5,20130214,6,-74.98364,165.84635,701.409,34.77,-1.90,45.32,2,31.83,2,2.10,2,77.12,2,28.85,2
5,20130214,8,-74.98260,165.85164,501.907,34.74,-1.89,46.48,2,33.78,2,2.10,2,78.96,2,29.13,2
5,20130214,10,-74.98144,165.85729,302.785,34.72,-1.89,47.48,2,31.96,2,2.10,2,79.63,2,29.46,2
5,20130214,12,-74.98076,165.86029,201.833,34.69,-1.83,48.85,2,31.28,2,2.10,2,76.35,2,28.63,2
5,20130214,14,-74.98007,165.86331,100.290,34.63,-1.83,49.68,2,32.74,2,2.20,2,76.16,2,28.91,2
5,20130214,16,-74.97956,165.86586,59.463,34.30,-1.61,51.24,2,28.26,2,1.70,2,64.57,2,22.86,2
5,20130214,18,-74.97904,165.86840,14.243,33.63,-1.78,53.94,2,18.24,2,1.10,2,63.95,2,16.64,2
5,20130214,20,-74.97872,165.86966,1.727,33.62,-1.78,56.36,2,17.39,2,0.90,2,80.90,2,14.35,2
6,20130214,2,-74.99334,165.96161,1038.256,34.79,-1.88,43.36,2,32.55,2,2.00,7,83.66,7,32.58,7
6,20130214,4,-74.99324,165.96275,999.061,34.79,-1.88,44.37,2,31.75,2,1.90,7,85.08,7,29.15,2
6,20130214,6,-74.99314,165.96422,899.889,34.78,-1.89,45.38,2,31.20,2,1.90,7,84.92,7,29.04,2
6,20130214,8,-74.99296,165.96544,799.872,34.78,-1.89,45.45,2,30.88,2,2.00,7,82.82,7,30.56,2
6,20130214,10,-74.99279,165.96680,699.949,34.77,-1.90,46.11,2,29.38,2,1.90,7,77.77,7,30.69,2
6,20130214,12,-74.99234,165.97292,139.176,34.66,-1.89,49.57,2,33.04,2,1.90,7,87.39,7,30.17,2
6,20130214,14,-74.99222,165.97446,74.836,34.61,-1.80,50.13,2,33.87,2,-999,5,86.35,7,28.31,2
6,20130214,16,-74.99218,165.97496,59.806,34.52,-1.54,51.86,2,31.04,2,-999,5,87.12,7,27.21,2
6,20130214,18,-74.99208,165.97584,30.382,34.18,-1.67,53.86,2,27.84,2,1.80,7,80.97,7,24.94,2
6,20130214,20,-74.99196,165.97677,1.169,33.72,-1.76,58.95,2,18.03,2,1.10,7,56.28,7,15.42,2
7,20130214,2,-75.69604,165.86341,613.385,34.77,-1.90,44.95,2,31.67,2,2.10,2,84.25,2,29.75,2
7,20130214,4,-75.69596,165.86394,500.345,34.73,-1.89,46.47,2,31.78,2,2.10,2,82.52,2,30.22,2
7,20130214,6,-75.69598,165.86424,400.026,34.72,-1.89,46.48,2,33.23,2,2.10,2,82.89,2,30.25,2
7,20130214,8,-75.69586,165.86442,300.403,34.70,-1.89,47.32,2,33.23,2,2.10,2,82.47,2,30.27,2
7,20130214,10,-75.69582,165.86446,200.039,34.68,-1.88,48.15,2,34.92,2,2.20,7,85.19,2,29.97,2
7,20130214,12,-75.69580,165.86441,140.362,34.65,-1.82,48.65,2,32.00,2,1.90,2,83.36,2,29.15,2
7,20130214,14,-75.69562,165.86452,80.513,34.62,-1.86,49.36,2,32.20,2,2.00,2,81.79,2,29.76,2
7,20130214,16,-75.69542,165.86474,30.308,34.54,-1.76,49.50,2,31.98,2,2.00,2,81.79,2,28.79,2
7,20130214,18,-75.69532,165.86498,15.450,34.43,-1.55,50.80,2,29.94,2,1.90,2,75.48,2,25.41,2
7,20130214,20,-75.69522,165.86532,5.360,33.81,-1.42,53.60,2,24.30,2,1.30,2,64.57,2,17.31,2
9,20130215,1,-76.93340,169.25036,830.691,34.74,-1.89,44.72,2,31.57,2,2.20,2,83.65,7,30.89,2
9,20130215,3,-76.93340,169.25050,700.274,34.73,-1.89,45.55,2,34.15,2,2.20,2,75.38,7,30.54,2
9,20130215,5,-76.93340,169.25050,600.315,34.72,-1.89,46.07,2,33.52,2,2.20,2,75.87,7,30.48,2
9,20130215,7,-76.93340,169.25048,500.295,34.71,-1.89,46.23,2,34.33,2,2.10,2,76.89,7,30.46,2
9,20130215,8,-76.93340,169.25050,400.308,34.69,-1.88,46.87,2,33.85,2,-999,5,-999,5,-999,5
9,20130215,9,-76.93340,169.25050,400.144,34.69,-1.88,-999,5,-999,5,2.10,2,77.63,7,30.27,2
9,20130215,10,-76.93340,169.25050,299.927,34.66,-1.88,47.58,2,33.09,2,-999,5,-999,5,-999,5
9,20130215,11,-76.93340,169.25050,300.024,34.66,-1.88,-999,5,-999,5,2.20,2,77.64,7,30.46,2
9,20130215,12,-76.93340,169.25048,200.056,34.60,-1.89,48.64,2,27.86,2,-999,5,-999,5,-999,5
9,20130215,13,-76.93340,169.25050,200.003,34.61,-1.89,-999,5,-999,5,2.20,2,78.92,7,30.70,2
9,20130215,14,-76.93340,169.25050,100.090,34.35,-1.16,49.42,2,19.60,2,-999,5,-999,5,-999,5
9,20130215,15,-76.93340,169.25050,100.108,34.34,-1.13,-999,5,-999,5,1.90,2,66.83,7,24.28,2
9,20130215,16,-76.93340,169.25050,49.882,34.33,-1.12,50.38,2,24.33,2,-999,5,-999,5,-999,5
9,20130215,17,-76.93340,169.25050,49.892,34.33,-1.12,-999,5,-999,5,1.70,2,59.96,7,22.17,2
9,20130215,18,-76.93340,169.25050,25.131,34.33,-1.13,52.24,2,24.91,2,1.60,2,60.17,7,22.12,2
9,20130215,20,-76.93340,169.25048,1.916,34.33,-1.11,53.54,2,24.67,2,1.60,2,61.37,7,21.83,2
10,20130216,2,-76.50014,172.00050,647.595,34.73,-1.89,45.23,2,29.04,2,2.12,2,85.36,2,31.25,2
10,20130216,4,-76.50014,172.00048,600.325,34.72,-1.89,45.28,2,32.05,2,2.13,2,81.93,2,31.41,2
10,20130216,6,-76.50014,172.00053,500.402,34.71,-1.90,45.42,2,31.08,2,2.15,2,76.74,2,31.34,2
10,20130216,8,-76.50014,172.00047,400.048,34.68,-1.91,45.78,2,34.66,2,2.06,2,78.43,2,31.49,2
10,20130216,10,-76.50014,172.00044,300.070,34.64,-1.93,46.37,2,32.02,2,2.24,2,77.78,2,31.33,2
10,20130216,12,-76.50014,172.00048,199.920,34.57,-1.82,45.64,2,33.49,2,2.17,2,75.19,2,30.82,2
10,20130216,13,-76.50016,172.00048,99.845,34.42,-1.46,-999,5,-999,5,2.22,2,76.66,2,28.63,2
10,20130216,14,-76.50014,172.00054,79.969,34.32,-0.98,49.49,2,32.71,2,1.64,2,63.51,2,22.61,2
10,20130216,16,-76.50014,172.00048,50.069,34.31,-0.97,51.99,2,28.66,2,1.56,2,64.18,2,22.06,2
10,20130216,18,-76.50014,172.00050,25.261,34.31,-0.95,53.51,2,27.12,2,1.79,2,66.02,2,21.76,2
10,20130216,20,-76.50014,172.00052,3.510,34.30,-0.93,56.59,2,26.71,2,1.57,2,65.07,2,21.79,2
12,20130216,1,-76.03371,178.00310,463.231,34.64,-1.92,44.46,2,34.14,2,2.18,2,89.03,2,31.44,2
12,20130216,3,-76.03378,178.00342,429.455,34.63,-1.91,46.69,2,34.52,2,2.08,2,85.01,2,31.21,2
12,20130216,5,-76.03380,178.00363,399.684,34.60,-1.86,46.75,2,36.41,2,2.08,2,83.91,2,30.69,2
12,20130216,7,-76.03396,178.00463,300.458,34.51,-1.73,47.77,2,35.27,2,2.05,2,85.51,2,30.65,2
12,20130216,9,-76.03403,178.00447,200.221,34.44,-1.46,48.05,2,35.17,2,2.15,2,79.91,2,30.07,2
12,20130216,11,-76.03402,178.00448,149.416,34.41,-1.61,48.54,2,35.94,2,2.18,2,83.01,2,27.36,2
12,20130216,13,-76.03396,178.00370,89.249,34.34,-1.41,48.67,2,31.35,2,2.04,2,77.43,2,23.37,2
12,20130216,14,-76.03394,178.00367,89.242,34.34,-1.39,49.33,2,26.92,2,-999,5,-999,5,-999,5
12,20130216,15,-76.03376,178.00309,50.252,34.28,-1.10,51.55,2,26.35,2,1.68,2,71.29,2,23.27,2
12,20130216,17,-76.03372,178.00268,24.635,34.28,-1.09,52.67,2,28.40,2,1.65,2,69.61,2,23.22,2
12,20130216,19,-76.03358,178.00205,5.555,34.28,-1.09,52.78,2,27.16,2,1.60,2,71.03,2,23.03,2
14,20130217,2,-75.88088,176.92218,423.355,34.66,-1.89,46.74,2,32.95,2,2.14,2,87.37,2,31.68,2
14,20130217,4,-75.88086,176.92208,400.235,34.62,-1.81,46.89,2,32.83,2,2.17,2,88.07,2,31.56,2
14,20130217,6,-75.88086,176.92212,300.222,34.50,-1.37,47.13,2,33.20,2,2.19,2,83.66,2,31.05,2
14,20130217,8,-75.88082,176.92182,250.371,34.47,-1.18,47.62,2,34.26,2,2.18,2,82.64,2,31.32,2
14,20130217,10,-75.88082,176.92182,198.992,34.42,-1.52,48.21,2,33.89,2,2.07,2,81.20,2,30.99,2
14,20130217,12,-75.88082,176.92148,101.048,34.36,-1.50,48.54,2,31.02,2,2.08,2,76.49,2,29.50,2
14,20130217,14,-75.88082,176.92142,74.626,34.26,-1.21,50.11,2,32.46,2,2.05,2,75.84,2,28.42,2
14,20130217,16,-75.88082,176.92144,51.090,34.24,-1.07,51.69,2,27.41,2,1.64,2,68.46,2,22.28,2
14,20130217,18,-75.88082,176.92138,20.118,34.24,-1.06,52.33,2,24.08,2,1.67,2,68.52,2,22.91,2
14,20130217,20,-75.88082,176.92129,4.066,34.24,-1.06,53.15,2,25.40,2,1.70,2,67.58,2,22.90,2
16,20130217,2,-75.74826,175.87558,458.479,34.72,-1.89,46.23,2,34.21,2,2.20,2,84.02,2,31.19,2
16,20130217,4,-75.74796,175.87413,399.300,34.62,-1.80,46.24,2,33.22,2,2.27,2,85.13,2,31.76,2
16,20130217,6,-75.74790,175.87296,351.022,34.57,-1.45,46.87,2,32.03,2,2.25,2,85.00,2,31.86,2
16,20130217,8,-75.74786,175.87240,299.464,34.51,-1.22,47.56,2,32.81,2,2.20,2,82.66,2,31.51,2
16,20130217,10,-75.74786,175.87186,200.516,34.41,-1.61,48.14,2,34.41,2,2.18,2,82.22,2,30.83,2
16,20130217,12,-75.74778,175.87196,98.657,34.23,-0.98,48.82,2,26.24,2,1.75,2,68.66,2,23.55,2
16,20130217,14,-75.74781,175.87142,75.026,34.22,-0.94,49.41,2,25.89,2,1.66,2,66.07,2,22.46,2
16,20130217,16,-75.74779,175.87162,50.786,34.22,-0.94,50.50,2,25.47,2,1.64,2,68.49,2,22.30,2
16,20130217,18,-75.74774,175.87140,20.407,34.22,-0.95,51.74,2,25.27,2,1.66,2,68.13,2,22.55,2
16,20130217,20,-75.74768,175.87142,4.162,34.22,-0.95,52.72,2,27.20,2,1.66,2,66.12,2,22.39,2
17,20130217,2,-75.75000,169.00002,427.236,34.72,-1.89,46.35,2,33.86,2,2.13,2,85.21,2,32.52,2
17,20130217,4,-75.75000,169.00002,400.178,34.72,-1.89,46.74,2,30.98,2,2.11,2,82.76,2,31.97,2
17,20130217,6,-75.75000,169.00004,299.781,34.67,-1.90,47.40,2,32.59,2,2.11,2,79.95,2,31.14,2
17,20130217,8,-75.75000,169.00000,199.924,34.65,-1.89,47.96,2,33.10,2,2.06,2,78.04,2,30.61,2
17,20130217,10,-75.75000,169.00002,150.390,34.64,-1.89,48.37,2,35.35,2,2.10,2,77.78,2,30.74,2
17,20130217,12,-75.75000,169.00004,100.014,34.60,-1.76,48.65,2,33.43,2,2.11,2,79.37,2,32.46,2
17,20130217,14,-75.75000,169.00002,50.106,34.51,-1.58,50.87,2,33.86,2,2.13,2,80.55,2,30.65,2
17,20130217,16,-75.75000,169.00002,30.254,34.37,-1.35,52.15,2,32.64,2,2.05,2,73.13,2,22.98,2
17,20130217,18,-75.75000,169.00003,14.947,34.04,-0.51,54.35,2,19.79,2,1.41,2,53.89,2,16.32,2
17,20130217,20,-75.75000,169.00002,3.445,33.79,-1.04,54.49,2,13.72,2,0.81,2,33.62,2,11.65,2
18,20130218,2,-75.64610,166.89206,484.436,34.73,-1.89,46.62,2,31.68,2,2.12,2,84.83,2,30.53,2
18,20130218,4,-75.64604,166.89341,400.327,34.72,-1.89,47.13,2,32.57,2,2.10,2,81.74,2,30.20,2
18,20130218,6,-75.64586,166.89470,300.622,34.69,-1.89,47.69,2,33.46,7,2.09,2,84.78,2,30.63,2
18,20130218,8,-75.64588,166.89580,200.097,34.66,-1.89,48.14,2,31.17,2,2.14,2,79.93,2,30.11,2
18,20130218,10,-75.64592,166.89693,99.929,34.63,-1.87,49.24,2,31.51,2,2.19,2,80.45,2,30.45,2
18,20130218,11,-75.64586,166.89767,54.946,34.58,-1.67,51.33,2,31.14,2,2.14,2,80.68,2,29.06,2
18,20130218,12,-75.64586,166.89770,54.877,34.58,-1.67,51.48,2,33.57,2,2.15,2,80.96,2,28.05,2
18,20130218,14,-75.64582,166.89836,19.922,34.52,-1.62,53.07,2,34.46,2,2.22,2,79.88,2,30.30,2
18,20130218,16,-75.64584,166.89864,14.823,33.91,-1.75,53.15,2,30.47,2,2.03,2,73.12,2,27.33,2
18,20130218,18,-75.64586,166.89895,10.282,33.85,-1.78,53.66,2,23.64,2,1.54,2,55.19,2,21.19,2
18,20130218,20,-75.64592,166.89934,1.673,33.85,-1.78,53.71,2,18.96,2,1.10,2,41.95,2,17.20,2
19,20130218,2,-75.43869,167.37450,406.693,34.76,-1.90,46.38,2,33.34,2,2.13,2,84.90,2,30.38,2
19,20130218,4,-75.43918,167.37488,300.256,34.70,-1.89,47.29,2,37.21,7,2.10,2,82.15,2,31.04,2
19,20130218,6,-75.43938,167.37544,199.550,34.66,-1.89,47.63,2,33.62,2,2.06,2,80.85,2,31.08,2
19,20130218,8,-75.43946,167.37597,149.785,34.65,-1.89,48.56,2,30.04,7,2.11,2,79.84,2,30.88,2
19,20130218,10,-75.43946,167.37650,100.008,34.63,-1.85,49.45,2,34.13,2,2.13,2,80.50,2,30.52,2
19,20130218,12,-75.43940,167.37726,50.088,34.57,-1.49,50.47,2,31.90,2,2.19,2,83.09,2,31.34,2
19,20130218,14,-75.43936,167.37806,24.381,34.46,-1.41,51.67,2,33.45,2,2.18,2,79.21,2,30.48,2
19,20130218,16,-75.43934,167.37864,15.004,33.78,-1.82,52.48,2,24.94,2,1.43,2,52.82,2,19.96,2
19,20130218,18,-75.43930,167.37906,9.981,33.77,-1.82,52.54,2,15.79,2,1.03,2,42.61,2,15.13,2
19,20130218,20,-75.43929,167.37960,1.084,33.77,-1.82,52.75,2,16.38,2,1.08,2,39.96,2,14.96,2
20,20130218,2,-75.15764,167.91968,356.680,34.75,-1.90,46.54,2,31.17,2,2.31,2,81.98,2,-999,5
20,20130218,4,-75.15764,167.92052,299.915,34.70,-1.90,47.46,2,34.08,2,2.21,2,85.02,2,-999,5
20,20130218,6,-75.15764,167.92173,200.407,34.66,-1.89,48.53,2,30.69,2,2.16,2,82.46,2,-999,5
20,20130218,8,-75.15766,167.92254,149.436,34.64,-1.89,49.25,2,31.99,2,2.13,2,79.89,2,-999,5
20,20130218,10,-75.15766,167.92338,100.171,34.60,-1.69,50.88,2,30.68,2,2.21,2,84.68,2,-999,5
20,20130218,12,-75.15768,167.92435,50.266,34.49,-1.42,53.00,2,31.91,2,2.19,2,80.12,2,-999,5
20,20130218,14,-75.15768,167.92501,30.197,33.90,-1.70,55.44,2,21.01,2,1.24,2,47.20,2,-999,5
20,20130218,16,-75.15768,167.92530,20.137,33.89,-1.68,56.31,2,20.69,2,1.22,2,47.57,2,-999,5
20,20130218,18,-75.15768,167.92542,9.779,33.88,-1.65,56.47,2,19.30,2,1.18,2,47.46,2,-999,5
20,20130218,20,-75.15768,167.92542,0.917,33.88,-1.64,56.63,2,18.49,2,1.20,2,48.52,2,-999,5
23,20130218,2,-75.45806,168.99664,359.812,34.76,-1.90,46.87,2,33.78,2,2.17,2,80.96,2,31.59,2
23,20130218,4,-75.45804,168.99679,299.417,34.69,-1.90,47.39,2,31.62,7,2.23,2,81.07,2,31.05,2
23,20130218,6,-75.45801,168.99705,200.715,34.65,-1.89,47.68,2,34.10,2,2.20,2,78.42,2,30.79,2
23,20130218,8,-75.45800,168.99700,149.933,34.64,-1.89,47.86,2,34.86,2,2.23,2,78.22,2,30.85,2
23,20130218,10,-75.45804,168.99710,100.585,34.61,-1.74,48.29,2,35.38,2,2.19,2,78.72,2,30.09,2
23,20130218,12,-75.45798,168.99747,80.163,34.56,-1.54,50.33,2,35.42,2,2.22,2,80.70,2,30.03,2
23,20130218,14,-75.45794,168.99754,50.444,34.50,-1.59,51.69,2,34.68,2,2.22,2,78.45,2,29.78,2
23,20130218,16,-75.45794,168.99755,24.861,34.30,-1.31,52.86,2,28.51,2,1.82,2,64.29,2,24.92,2
23,20130218,18,-75.45794,168.99752,9.988,33.87,-0.85,53.77,2,16.13,2,0.88,2,38.91,2,13.10,2
23,20130218,20,-75.45796,168.99751,4.987,33.86,-0.60,55.05,2,16.54,2,0.85,2,38.63,2,12.71,2
24,20130218,2,-75.75004,168.99540,426.917,34.72,-1.89,46.71,2,32.60,2,2.20,2,84.36,2,30.56,2
24,20130218,4,-75.75004,168.99542,399.819,34.71,-1.90,46.69,2,33.44,2,2.22,2,86.72,2,30.27,2
24,20130218,6,-75.75006,168.99542,300.300,34.67,-1.90,47.56,2,34.93,2,2.18,2,81.25,2,30.45,2
24,20130218,8,-75.75012,168.99468,200.773,34.65,-1.89,48.35,2,33.28,2,2.17,2,78.74,2,30.43,2
24,20130218,10,-75.75006,168.99514,100.579,34.60,-1.74,48.97,2,33.48,2,2.20,2,92.26,2,30.09,2
24,20130218,12,-75.75006,168.99534,49.831,34.49,-1.54,50.24,2,33.14,2,2.11,2,79.20,2,29.55,2
24,20130218,14,-75.75006,168.99527,29.689,34.27,-1.13,51.38,2,28.48,2,2.04,2,72.26,2,26.46,2
24,20130218,16,-75.75007,168.99514,20.015,33.94,-1.00,52.33,2,21.24,2,1.34,2,47.32,2,17.75,2
24,20130218,18,-75.75011,168.99493,10.025,33.70,-1.05,54.15,2,14.79,2,0.76,2,25.50,2,9.74,2
24,20130218,20,-75.75012,168.99480,5.288,33.70,-1.05,54.51,2,10.79,2,0.68,2,22.91,2,8.33,2
25,20130219,2,-75.59516,167.92012,423.774,34.76,-1.90,46.52,2,32.86,2,2.21,2,88.09,7,29.52,2
25,20130219,4,-75.59526,167.91952,399.497,34.75,-1.90,47.15,2,33.29,2,2.19,2,90.88,2,29.50,2
25,20130219,6,-75.59532,167.91914,298.877,34.69,-1.90,47.69,2,35.52,2,2.17,2,89.40,2,30.21,2
25,20130219,8,-75.59538,167.91880,200.113,34.65,-1.89,48.31,2,33.51,2,2.15,2,81.73,2,29.25,2
25,20130219,10,-75.59536,167.91890,100.251,34.62,-1.83,49.17,2,33.60,2,2.14,2,80.19,2,29.42,2
25,20130219,12,-75.59540,167.91872,50.866,34.55,-1.61,50.39,2,34.71,2,2.21,2,83.50,2,29.92,2
25,20130219,14,-75.59542,167.91857,30.394,34.29,-1.44,52.44,2,27.18,2,1.67,2,62.04,2,23.32,2
25,20130219,16,-75.59546,167.91830,20.766,33.94,-1.52,55.35,2,16.67,2,1.01,2,37.74,2,14.84,2
25,20130219,18,-75.59548,167.91814,9.951,33.62,-1.57,56.06,2,13.58,2,0.77,2,34.96,2,10.54,2
25,20130219,20,-75.59552,167.91796,3.483,33.56,-1.56,57.01,2,11.02,2,0.65,2,22.89,2,8.60,2
26,20130219,2,-75.42486,166.76159,443.055,34.77,-1.90,46.54,2,34.12,2,2.00,2,86.61,2,29.60,2
26,20130219,4,-75.42484,166.76054,389.117,34.73,-1.90,47.25,2,32.39,2,2.04,2,84.75,2,29.61,2
26,20130219,6,-75.42482,166.75960,300.279,34.70,-1.90,47.96,2,34.21,2,2.03,2,83.96,2,30.04,2
26,20130219,8,-75.42482,166.75867,200.198,34.66,-1.89,48.77,2,33.25,2,2.00,2,85.54,2,30.08,2
26,20130219,10,-75.42480,166.75772,99.990,34.63,-1.85,49.48,2,32.82,2,2.13,2,82.75,2,29.89,2
26,20130219,12,-75.42480,166.75710,49.616,34.58,-1.50,50.68,2,33.65,2,2.10,2,85.41,2,29.94,2
26,20130219,14,-75.42480,166.75671,30.236,34.53,-1.60,51.39,2,33.29,2,2.09,2,85.41,2,29.64,2
26,20130219,16,-75.42478,166.75647,20.497,34.50,-1.58,52.53,2,34.69,2,2.16,2,82.47,2,29.40,2
26,20130219,18,-75.42478,166.75625,9.882,33.90,-1.79,52.85,2,24.82,2,1.44,2,55.67,2,20.40,2
26,20130219,20,-75.42478,166.75593,1.198,33.88,-1.79,53.75,2,20.17,2,1.17,2,44.51,2,17.07,2
27,20130219,2,-75.15042,164.93272,1079.062,34.79,-1.88,44.36,2,32.80,2,2.01,2,87.05,2,31.00,2
27,20130219,4,-75.14983,164.93256,900.006,34.78,-1.89,45.51,2,34.04,2,2.01,2,82.06,2,24.10,7
27,20130219,6,-75.14920,164.93248,700.623,34.76,-1.89,45.51,2,32.44,2,1.97,7,80.82,2,29.56,2
27,20130219,8,-75.14824,164.93230,397.623,34.73,-1.90,46.87,2,30.57,2,2.03,2,78.67,2,27.31,2
27,20130219,10,-75.14774,164.93218,250.152,34.71,-1.95,48.34,2,32.27,2,2.02,2,74.57,2,30.49,2
27,20130219,12,-75.14724,164.93208,100.192,34.67,-1.86,49.47,2,21.56,2,1.98,2,77.90,2,29.75,2
27,20130219,14,-75.14702,164.93204,50.074,34.48,-1.52,50.32,2,31.79,7,1.92,2,72.51,2,26.56,2
27,20130219,16,-75.14686,164.93202,30.116,33.76,-1.81,50.89,2,23.12,2,1.12,2,53.03,2,16.83,2
27,20130219,18,-75.14670,164.93198,15.099,33.73,-1.83,51.75,2,21.22,2,0.95,2,48.64,2,14.80,2
27,20130219,20,-75.14652,164.93196,3.451,33.70,-1.81,51.95,2,16.24,2,0.89,2,45.90,2,13.09,2
28,20130220,2,-74.94582,164.22400,652.473,34.76,-1.90,45.38,2,32.26,2,2.08,2,80.94,2,29.07,2
28,20130220,4,-74.94584,164.22390,550.007,34.74,-1.91,46.17,2,31.20,2,2.04,2,80.37,2,29.86,2
28,20130220,6,-74.94570,164.22408,450.352,34.73,-1.93,46.48,2,31.07,2,2.11,2,80.17,2,30.22,2
28,20130220,8,-74.94560,164.22412,349.598,34.71,-2.04,47.25,2,33.54,2,2.08,2,80.28,2,30.39,2
28,20130220,10,-74.94560,164.22408,199.858,34.67,-1.88,48.16,2,30.52,2,2.11,2,81.93,2,29.34,2
28,20130220,12,-74.94560,164.22404,99.919,34.59,-1.82,49.39,2,32.32,2,2.11,2,79.72,2,30.22,2
28,20130220,14,-74.94558,164.22406,59.922,34.19,-1.04,52.36,2,23.10,2,1.62,2,67.74,2,23.95,2
28,20130220,16,-74.94558,164.22408,39.431,33.82,-1.55,54.15,2,21.16,2,1.27,2,58.21,2,19.17,2
28,20130220,18,-74.94562,164.22404,19.962,33.74,-1.70,55.01,2,17.96,2,1.07,2,52.19,2,14.29,2
28,20130220,20,-74.94560,164.22404,2.505,33.74,-1.69,53.96,2,17.16,2,1.07,2,51.98,2,14.50,2
29,20130220,2,-74.83228,164.47722,627.394,34.77,-1.90,45.37,2,32.20,2,2.10,2,79.71,2,28.45,2
29,20130220,4,-74.83234,164.47728,600.046,34.76,-1.91,45.65,2,33.45,2,2.07,2,79.82,2,28.70,2
29,20130220,6,-74.83254,164.47750,500.294,34.72,-1.97,46.23,2,32.79,2,2.06,2,80.03,2,29.25,2
29,20130220,8,-74.83272,164.47760,400.212,34.71,-1.93,46.74,2,31.37,2,2.01,2,79.31,2,29.26,2
29,20130220,10,-74.83262,164.47752,300.416,34.69,-1.92,47.45,2,31.34,2,2.04,2,79.05,2,28.56,2
29,20130220,12,-74.83264,164.47754,200.545,34.67,-1.87,48.91,2,34.22,2,2.06,2,80.03,2,28.45,2
29,20130220,14,-74.83260,164.47750,100.255,34.10,-1.59,50.24,2,25.27,2,1.58,2,65.61,2,20.81,2
29,20130220,16,-74.83258,164.47746,50.118,33.67,-1.75,52.61,2,18.54,2,1.05,2,53.46,2,14.49,2
29,20130220,18,-74.83254,164.47744,24.350,33.57,-1.79,53.92,2,17.55,2,0.94,2,52.39,2,12.30,2
29,20130220,20,-74.83242,164.47734,4.928,33.55,-1.82,53.31,2,17.46,2,0.94,2,50.47,2,12.74,2
30,20130221,2,-75.19858,164.23318,1185.961,34.79,-1.87,43.56,2,34.18,2,2.07,2,88.93,2,30.52,2
30,20130221,4,-75.19880,164.23268,993.339,34.78,-1.89,44.78,2,32.81,2,2.04,2,82.67,2,30.00,2
30,20130221,6,-75.19840,164.23372,801.161,34.77,-1.89,45.38,2,33.30,2,2.07,2,82.94,2,30.37,2
30,20130221,8,-75.19860,164.23320,600.479,34.74,-1.89,46.21,2,33.83,2,2.07,2,83.34,2,29.54,2
30,20130221,10,-75.19884,164.23264,400.225,34.72,-1.92,46.89,2,33.73,2,2.05,2,82.15,2,29.29,2
30,20130221,12,-75.19890,164.23254,200.010,34.66,-1.87,48.69,2,33.29,2,2.07,2,83.69,2,29.89,2
30,20130221,14,-75.19870,164.23314,100.058,34.40,-1.35,50.23,2,30.83,2,1.59,2,76.93,2,24.84,2
30,20130221,16,-75.19870,164.23314,50.046,33.81,-1.43,52.87,2,20.34,2,1.14,2,57.98,2,14.32,2
30,20130221,18,-75.19874,164.23308,24.781,33.81,-1.43,53.44,2,20.05,2,1.17,2,56.75,2,14.50,2
30,20130221,20,-75.19868,164.23321,3.266,33.80,-1.43,54.12,2,19.28,2,1.18,2,57.02,2,11.63,2
31,20130221,1,-75.19966,164.23275,1188.034,34.79,-1.87,43.17,2,33.34,2,-999,5,-999,5,-999,5
31,20130221,2,-75.19966,164.23276,1188.142,34.79,-1.87,43.52,2,33.22,2,-999,5,-999,5,-999,5
31,20130221,3,-75.19978,164.23248,1150.258,34.79,-1.87,43.43,2,31.99,2,-999,5,-999,5,-999,5
31,20130221,4,-75.19992,164.23212,1099.636,34.79,-1.88,43.71,2,31.77,2,-999,5,-999,5,-999,5
31,20130221,5,-75.20004,164.23182,1049.930,34.78,-1.88,44.05,2,32.38,2,-999,5,-999,5,-999,5
31,20130221,6,-75.20014,164.23156,1000.012,34.78,-1.89,44.24,2,30.83,2,-999,5,-999,5,-999,5
31,20130221,7,-75.20016,164.23148,950.448,34.78,-1.89,44.61,2,30.82,2,-999,5,-999,5,-999,5
31,20130221,8,-75.20012,164.23154,900.961,34.78,-1.89,44.67,2,32.22,2,-999,5,-999,5,-999,5
31,20130221,9,-75.20018,164.23143,850.418,34.77,-1.89,44.78,2,31.63,2,-999,5,-999,5,-999,5
31,20130221,10,-75.20036,164.23102,800.113,34.77,-1.89,45.12,2,29.34,2,-999,5,-999,5,-999,5
31,20130221,11,-75.20038,164.23100,800.314,34.77,-1.89,45.36,2,29.82,2,-999,5,-999,5,-999,5
31,20130221,12,-75.20064,164.23012,699.898,34.76,-1.89,45.64,2,31.59,2,-999,5,-999,5,-999,5
31,20130221,13,-75.20064,164.23014,649.910,34.75,-1.89,45.89,2,32.13,2,-999,5,-999,5,-999,5
31,20130221,14,-75.20052,164.23056,599.799,34.74,-1.89,46.42,2,32.32,2,-999,5,-999,5,-999,5
31,20130221,15,-75.20034,164.23124,500.071,34.73,-1.90,46.75,2,29.72,2,-999,5,-999,5,-999,5
31,20130221,16,-75.20006,164.23208,400.642,34.72,-1.89,47.21,2,34.15,2,-999,5,-999,5,-999,5
31,20130221,17,-75.20010,164.23200,299.858,34.69,-1.90,47.68,2,33.11,2,-999,5,-999,5,-999,5
31,20130221,18,-75.20012,164.23198,200.039,34.66,-1.86,48.21,2,33.08,2,-999,5,-999,5,-999,5
31,20130221,19,-75.20028,164.23160,100.033,34.23,-1.15,50.18,2,27.92,2,-999,5,-999,5,-999,5
31,20130221,20,-75.20040,164.23126,49.640,33.82,-1.40,53.23,2,18.91,2,-999,5,-999,5,-999,5
33,20130221,2,-75.20000,164.23220,199.852,34.68,-1.89,48.36,2,33.09,2,2.10,2,79.86,2,29.62,2
33,20130221,4,-75.19992,164.23256,160.031,34.66,-1.89,48.27,2,31.14,2,2.11,2,80.26,2,29.95,2
33,20130221,6,-75.19986,164.23282,129.981,34.66,-1.88,48.58,2,32.97,2,2.12,2,79.92,2,29.97,2
33,20130221,8,-75.19982,164.23298,100.625,34.54,-1.76,48.87,2,31.06,2,2.02,2,77.80,2,27.75,2
33,20130221,10,-75.19982,164.23296,79.844,33.96,-1.24,49.32,2,20.92,2,1.63,2,60.25,2,16.26,2
33,20130221,12,-75.19996,164.23250,59.835,33.94,-1.30,49.67,2,21.36,2,1.32,2,60.43,2,15.58,2
33,20130221,14,-75.20002,164.23224,40.294,33.90,-1.37,50.75,2,32.96,7,1.35,2,58.85,2,15.45,2
33,20130221,16,-75.20000,164.23224,30.418,33.89,-1.41,51.69,2,19.30,2,1.35,2,58.45,2,15.10,2
33,20130221,18,-75.19994,164.23246,20.058,33.88,-1.42,52.64,2,19.40,2,1.28,2,58.56,2,15.19,2
33,20130221,20,-75.19989,164.23270,4.461,33.88,-1.42,53.47,2,20.39,2,1.23,2,58.41,2,14.96,2
34,20130222,2,-75.18844,163.98966,993.891,34.79,-1.88,44.38,2,34.00,2,2.08,2,81.76,2,29.44,2
34,20130222,4,-75.18842,163.98968,899.705,34.78,-1.89,44.57,2,33.17,2,2.08,2,80.83,2,29.12,2
34,20130222,6,-75.18837,163.98940,800.641,34.77,-1.89,44.73,2,31.03,2,2.12,2,80.18,2,28.96,2
34,20130222,8,-75.18814,163.98633,600.163,34.76,-1.89,45.29,2,32.23,2,2.06,2,78.95,2,29.27,2
34,20130222,10,-75.18768,163.98274,400.411,34.73,-1.90,46.58,2,33.72,2,2.16,2,79.50,2,29.84,2
34,20130222,12,-75.18734,163.97967,200.577,34.69,-1.89,48.14,2,33.60,2,2.12,2,80.64,2,29.61,2
34,20130222,14,-75.18714,163.97790,99.858,34.58,-1.78,49.63,2,33.25,2,2.06,2,76.73,2,28.47,2
34,20130222,16,-75.18704,163.97686,50.484,33.92,-1.30,50.44,2,22.35,2,1.27,2,58.97,2,15.66,2
34,20130222,18,-75.18696,163.97629,24.939,33.87,-1.38,52.44,2,22.55,2,1.25,2,57.19,2,14.73,2
34,20130222,20,-75.18688,163.97567,2.685,33.78,-1.59,53.01,2,19.71,2,1.17,2,56.06,2,14.41,2
37,20130222,2,-75.11560,163.91202,952.144,34.79,-1.89,44.67,2,35.37,2,2.08,2,79.18,2,29.75,2
37,20130222,4,-75.11541,163.91216,900.116,34.78,-1.89,44.72,2,33.88,2,2.11,2,81.30,2,29.31,2
37,20130222,6,-75.11528,163.91220,800.213,34.78,-1.89,44.68,2,34.44,2,2.09,2,81.37,2,28.52,2
37,20130222,8,-75.11502,163.91240,600.181,34.76,-1.90,45.43,2,34.14,2,2.08,2,82.84,2,29.22,2
37,20130222,10,-75.11476,163.91258,400.248,34.73,-1.89,46.59,2,35.62,2,2.14,2,81.68,2,29.66,2
37,20130222,12,-75.11446,163.91282,200.281,34.70,-1.93,48.67,2,35.32,2,2.10,2,82.09,2,29.40,2
37,20130222,14,-75.11423,163.91266,99.951,34.67,-1.88,50.32,2,35.29,2,2.09,2,82.28,2,29.43,2
37,20130222,16,-75.11408,163.91254,49.996,33.99,-1.29,51.64,2,23.62,2,1.45,2,66.12,2,19.71,2
37,20130222,18,-75.11392,163.91240,23.996,33.91,-1.31,52.23,2,22.91,2,1.35,2,61.52,2,15.95,2
37,20130222,20,-75.11378,163.91234,2.752,33.72,-1.81,53.42,2,19.05,2,1.09,2,56.16,2,14.30,2
40,20130223,2,-75.19614,164.20856,1157.922,34.79,-1.87,44.32,2,31.98,2,2.13,2,83.26,2,31.14,2
40,20130223,4,-75.19616,164.20856,1000.527,34.78,-1.89,44.44,2,32.57,2,2.11,2,81.13,2,29.57,2
40,20130223,6,-75.19616,164.20856,800.115,34.77,-1.89,44.03,2,32.05,2,2.08,2,80.36,2,29.33,2
40,20130223,8,-75.19616,164.20858,598.502,34.74,-1.89,44.92,2,34.76,2,2.06,2,77.97,2,29.42,2
40,20130223,9,-75.19614,164.20854,400.484,34.72,-1.94,46.29,2,33.73,2,2.09,2,79.05,2,29.23,2
40,20130223,10,-75.19614,164.20854,200.235,34.68,-1.89,48.33,2,33.16,2,2.14,2,79.14,2,29.60,2
40,20130223,12,-75.19614,164.20854,150.316,34.66,-1.88,48.79,2,32.96,2,2.14,2,76.99,2,29.45,2
40,20130223,14,-75.19614,164.20852,100.705,34.55,-1.76,49.23,2,31.84,2,2.10,2,75.95,2,28.83,2
40,20130223,16,-75.19616,164.20856,50.018,33.92,-1.55,50.39,2,22.71,2,1.37,2,58.51,2,19.32,2
40,20130223,18,-75.19614,164.20854,24.654,33.74,-1.75,51.28,2,19.63,2,1.13,2,53.70,2,14.89,2
40,20130223,20,-75.19614,164.20856,3.130,33.64,-1.70,52.29,2,17.60,2,1.09,2,52.41,2,13.13,2
44,20130223,1,-75.19620,164.20812,1158.714,34.79,-1.87,-999,5,-999,5,-999,5,85.37,2,-999,5
44,20130223,2,-75.19620,164.20814,1158.714,34.79,-1.87,44.21,2,33.81,2,2.13,2,-999,5,26.73,7
44,20130223,4,-75.19616,164.20814,1000.407,34.78,-1.89,44.32,2,32.40,2,2.06,2,82.61,2,27.41,7
44,20130223,6,-75.19620,164.20812,800.718,34.77,-1.89,44.67,2,32.28,2,2.05,2,81.84,2,27.07,7
44,20130223,8,-75.19618,164.20814,600.586,34.74,-1.89,45.47,2,32.82,2,2.07,2,83.04,2,27.58,7
44,20130223,9,-75.19620,164.20812,400.090,34.72,-1.89,46.53,2,31.46,2,2.11,2,82.71,2,27.53,7
44,20130223,10,-75.19620,164.20812,200.105,34.66,-1.89,48.32,2,35.18,2,2.10,2,82.91,2,27.74,7
44,20130223,12,-75.19618,164.20814,149.712,34.64,-1.87,48.69,2,32.26,2,2.10,2,82.25,2,27.24,7
44,20130223,14,-75.19620,164.20812,99.832,34.61,-1.82,49.24,2,32.97,2,2.13,2,81.11,2,26.62,2
44,20130223,16,-75.19620,164.20788,50.304,34.02,-1.69,51.61,2,25.38,2,1.42,2,62.54,2,17.41,2
44,20130223,18,-75.19620,164.20780,24.999,33.83,-1.81,51.87,2,20.28,2,1.23,2,57.59,2,15.06,2
44,20130223,20,-75.19620,164.20768,3.370,33.77,-1.86,52.69,2,19.94,2,1.11,2,56.61,2,13.61,2
48,20130224,2,-75.19776,164.24540,1192.228,34.79,-1.87,44.28,2,32.32,2,2.06,2,80.93,2,28.22,2
48,20130224,4,-75.19792,164.24476,1000.697,34.78,-1.89,44.57,2,30.71,2,2.07,2,79.20,2,28.12,2
48,20130224,6,-75.19790,164.24448,800.194,34.77,-1.89,45.29,2,35.07,2,2.05,2,78.58,2,27.25,2
48,20130224,8,-75.19764,164.24584,600.125,34.74,-1.89,45.98,2,32.98,2,2.09,2,74.31,2,27.82,2
48,20130224,9,-75.19772,164.24549,399.703,34.72,-1.89,46.47,2,31.59,2,2.12,2,80.11,2,28.34,2
48,20130224,10,-75.19834,164.24275,199.319,34.66,-1.87,48.36,2,33.60,2,2.11,2,78.56,2,28.06,2
48,20130224,12,-75.19854,164.24161,150.438,34.63,-1.89,48.79,2,34.23,2,2.13,2,79.32,2,29.46,2
48,20130224,14,-75.19856,164.24070,100.422,34.56,-1.71,49.27,2,32.40,2,2.05,2,75.14,2,26.91,2
48,20130224,16,-75.19852,164.24080,50.284,34.05,-1.84,51.28,2,24.78,2,1.37,2,48.71,2,18.54,2
48,20130224,18,-75.19848,164.24132,25.002,34.01,-1.85,53.24,2,22.66,2,1.30,2,58.99,2,17.65,2
48,20130224,20,-75.19842,164.24164,2.610,33.83,-1.71,57.29,2,19.11,2,1.19,2,54.69,2,15.10,2
50,20130224,2,-75.59322,167.99848,421.958,34.75,-1.90,46.21,2,31.22,2,2.14,2,86.37,2,28.84,2
50,20130224,4,-75.59276,167.99950,350.152,34.73,-1.90,46.89,2,32.15,7,2.11,2,85.19,2,28.53,2
50,20130224,6,-75.59242,168.00022,300.413,34.70,-1.90,47.38,2,31.92,2,2.12,2,83.00,2,28.98,2
50,20130224,8,-75.59205,168.00100,250.478,34.68,-1.89,47.82,2,31.66,7,2.15,2,79.70,2,29.53,2
50,20130224,10,-75.59169,168.00182,200.447,34.66,-1.89,48.21,2,32.21,2,2.13,2,81.39,2,28.59,2
50,20130224,12,-75.59137,168.00260,150.252,34.65,-1.89,48.88,2,34.78,7,2.19,2,80.85,2,29.00,2
50,20130224,14,-75.59112,168.00334,100.076,34.63,-1.84,49.26,2,32.44,2,2.19,2,79.80,2,28.78,2
50,20130224,16,-75.59090,168.00396,65.155,34.57,-1.61,50.69,2,33.86,2,2.15,2,81.64,2,29.57,2
50,20130224,18,-75.59066,168.00461,30.059,34.04,-1.81,53.24,2,20.06,2,1.37,2,48.92,2,18.54,2
50,20130224,20,-75.59034,168.00541,1.295,33.99,-1.81,58.15,2,19.20,2,1.14,2,39.87,2,15.95,2
51,20130225,2,-75.41196,169.01192,355.155,34.75,-1.90,46.65,2,35.36,2,2.14,2,83.54,2,30.54,2
51,20130225,4,-75.41197,169.01191,300.176,34.69,-1.89,47.69,2,33.84,2,2.11,2,81.52,2,29.92,2
51,20130225,6,-75.41198,169.01192,250.039,34.67,-1.89,48.05,2,32.82,2,2.13,2,81.26,2,30.56,2
51,20130225,8,-75.41196,169.01192,200.126,34.66,-1.89,48.23,2,32.73,2,2.12,2,80.13,2,28.02,2
51,20130225,10,-75.41198,169.01192,150.172,34.64,-1.89,48.67,2,34.95,2,2.08,2,81.01,2,28.93,2
51,20130225,12,-75.41198,169.01192,100.451,34.62,-1.82,49.11,2,33.45,2,2.15,2,80.99,2,30.60,2
51,20130225,14,-75.41198,169.01188,79.388,34.60,-1.65,49.67,2,33.61,2,2.15,2,81.13,2,-999,5
51,20130225,16,-75.41198,169.01188,40.120,34.48,-1.54,51.36,2,36.54,2,2.19,2,76.56,2,29.39,2
51,20130225,18,-75.41196,169.01192,14.650,34.08,-1.20,52.86,2,23.35,2,1.52,2,56.98,2,20.02,2
51,20130225,20,-75.41196,169.01192,1.208,33.89,-1.55,53.41,2,18.15,2,1.11,2,43.00,2,13.96,2
52,20130225,2,-75.08490,169.34964,336.044,34.71,-1.89,46.87,2,34.03,2,2.17,2,86.19,2,31.10,2
52,20130225,4,-75.08488,169.34956,300.349,34.68,-1.89,47.45,2,36.10,7,2.13,2,83.60,2,28.93,2
52,20130225,6,-75.08490,169.34956,200.352,34.65,-1.89,48.29,2,33.62,2,2.17,2,80.58,2,29.59,2
52,20130225,8,-75.08484,169.34906,150.437,34.63,-1.87,48.76,2,34.26,2,2.13,2,79.34,2,29.44,2
52,20130225,10,-75.08482,169.34884,100.305,34.60,-1.58,49.35,2,37.29,7,2.20,2,84.79,2,30.84,2
52,20130225,12,-75.08480,169.34862,50.052,34.45,-1.34,50.23,2,35.88,2,2.16,2,79.62,2,29.96,2
52,20130225,14,-75.08478,169.34851,30.015,34.18,-1.13,50.64,2,24.25,2,1.47,2,57.45,2,20.63,2
52,20130225,16,-75.08478,169.34842,19.640,34.14,-1.23,51.83,2,24.90,2,1.37,2,53.98,2,19.35,2
52,20130225,18,-75.08476,169.34832,9.810,33.92,-1.58,53.12,2,20.04,2,1.15,2,42.53,2,15.85,2
52,20130225,20,-75.08476,169.34822,1.532,33.89,-1.64,53.15,2,13.58,2,1.01,2,39.71,2,17.27,2
53,20130225,2,-74.80018,169.38366,312.033,34.67,-1.89,47.66,2,32.90,2,2.22,2,83.42,2,30.07,2
53,20130225,4,-74.80018,169.38364,249.349,34.66,-1.89,48.35,2,33.32,2,2.23,2,82.66,2,28.71,2
53,20130225,6,-74.80018,169.38358,200.061,34.65,-1.89,48.88,2,33.30,2,2.21,2,80.69,2,28.71,2
53,20130225,8,-74.80018,169.38356,149.942,34.62,-1.83,49.22,2,32.39,2,2.25,2,81.77,2,29.08,2
53,20130225,10,-74.80018,169.38358,100.149,34.58,-1.29,49.79,2,33.62,2,2.27,2,86.83,2,29.41,2
53,20130225,12,-74.80018,169.38362,49.564,34.41,-1.33,50.38,2,32.27,2,2.20,2,77.76,2,29.04,2
53,20130225,14,-74.80018,169.38362,30.318,34.02,-1.53,50.88,2,19.95,2,1.31,2,47.16,2,23.35,2
53,20130225,16,-74.80018,169.38362,19.866,34.01,-1.54,51.02,2,18.68,2,1.14,2,44.24,2,17.06,2
53,20130225,18,-74.80018,169.38360,9.728,34.01,-1.55,51.78,2,18.43,2,1.14,2,42.76,2,16.41,2
53,20130225,20,-74.80018,169.38356,1.479,34.01,-1.55,52.33,2,19.56,2,1.12,2,43.38,2,16.15,2
55,20130225,2,-74.17598,169.55324,579.316,34.78,-1.90,45.69,2,30.53,2,2.17,2,82.44,2,29.45,2
55,20130225,4,-74.17596,169.55314,500.400,34.77,-1.90,46.27,2,31.72,2,2.14,2,81.38,2,28.73,2
55,20130225,6,-74.17594,169.55300,400.444,34.76,-1.91,46.89,2,31.78,2,2.06,2,82.81,2,28.80,2
55,20130225,8,-74.17586,169.55262,300.275,34.71,-1.90,47.58,2,29.29,2,2.16,2,79.80,2,28.96,2
55,20130225,10,-74.17582,169.55234,200.260,34.67,-1.87,47.95,2,33.54,2,2.19,2,80.03,2,28.81,2
55,20130225,12,-74.17582,169.55226,150.233,34.65,-1.89,48.36,2,31.07,2,2.15,2,78.10,2,28.85,2
55,20130225,14,-74.17578,169.55218,90.024,34.58,-1.73,49.47,2,30.63,2,2.12,2,79.64,2,28.81,2
55,20130225,16,-74.17578,169.55210,40.360,34.00,-1.68,51.61,2,21.81,2,1.38,2,54.38,2,16.94,2
55,20130225,18,-74.17574,169.55202,20.207,33.68,-1.75,52.47,2,13.29,2,0.72,2,37.74,2,9.63,2
55,20130225,20,-74.17574,169.55180,2.549,33.50,-1.79,53.22,2,11.94,2,0.69,2,34.91,2,9.70,2
56,20130226,2,-73.91658,170.43494,618.741,34.78,-1.90,45.35,2,34.05,2,2.12,2,82.93,2,28.36,2
56,20130226,4,-73.91634,170.43592,500.387,34.77,-1.90,46.14,2,31.72,2,2.14,2,82.67,2,27.80,2
56,20130226,6,-73.91628,170.43616,400.273,34.75,-1.91,46.89,2,31.13,2,2.15,2,82.69,2,28.37,2
56,20130226,8,-73.91610,170.43650,300.136,34.69,-1.90,47.38,2,27.27,2,2.10,2,83.03,2,28.81,2
56,20130226,10,-73.91588,170.43714,200.103,34.65,-1.88,47.89,2,25.97,7,2.07,2,80.18,2,27.99,2
56,20130226,12,-73.91590,170.43755,149.523,34.63,-1.84,48.22,2,32.57,2,2.14,2,80.46,2,28.62,2
56,20130226,14,-73.91584,170.43806,100.102,34.60,-1.80,49.11,2,32.08,2,2.14,2,80.30,2,28.93,2
56,20130226,16,-73.91592,170.43863,50.168,34.47,-1.66,50.33,2,33.73,2,2.12,2,80.23,2,28.11,2
56,20130226,18,-73.91594,170.43927,20.205,33.96,-1.76,51.36,2,22.45,2,1.32,2,55.39,2,17.82,2
56,20130226,20,-73.91588,170.43978,1.235,33.95,-1.80,52.41,2,17.99,2,1.11,2,50.52,2,15.52,2
57,20130226,2,-74.16492,170.41546,631.294,34.79,-1.89,44.87,2,35.16,2,2.16,2,81.96,2,29.50,2
57,20130226,4,-74.16490,170.41536,500.290,34.77,-1.90,46.32,2,36.11,2,2.14,2,82.75,2,29.54,2
57,20130226,6,-74.16490,170.41536,400.027,34.74,-1.90,46.87,2,35.48,2,2.12,2,82.26,2,29.17,2
57,20130226,8,-74.16492,170.41545,300.152,34.69,-1.90,47.71,2,33.69,2,2.11,2,81.57,2,-999,2
57,20130226,10,-74.16492,170.41540,249.942,34.66,-1.86,47.99,2,35.21,2,2.16,2,80.91,2,29.23,2
57,20130226,12,-74.16490,170.41532,200.094,34.65,-1.88,48.25,2,33.62,2,2.12,2,79.14,2,29.73,2
57,20130226,14,-74.16491,170.41541,149.701,34.64,-1.85,48.78,2,34.90,2,2.19,2,80.42,2,23.56,2
57,20130226,16,-74.16496,170.41564,99.987,34.62,-1.83,49.37,2,35.27,2,2.20,2,79.65,2,30.59,2
57,20130226,18,-74.16500,170.41578,27.680,34.14,-1.70,51.66,2,31.71,2,1.86,2,68.45,2,18.29,2
57,20130226,20,-74.16504,170.41600,1.329,34.09,-1.75,53.24,2,22.23,2,1.24,2,53.78,2,17.60,2
58,20130226,2,-74.15972,169.81778,579.685,34.79,-1.90,45.73,2,33.41,2,2.07,2,76.89,2,29.65,2
58,20130226,4,-74.15972,169.81794,500.462,34.78,-1.90,45.95,2,33.56,2,2.04,2,78.24,2,28.29,2
58,20130226,6,-74.15974,169.81798,400.230,34.76,-1.90,47.22,2,33.56,2,2.03,2,77.83,2,30.35,2
58,20130226,8,-74.15974,169.81800,300.332,34.73,-1.90,47.87,2,34.88,2,2.05,2,79.80,2,28.21,2
58,20130226,10,-74.15974,169.81796,200.030,34.68,-1.87,49.14,2,34.11,2,2.08,2,78.72,2,27.87,2
58,20130226,12,-74.15976,169.81810,150.146,34.65,-1.86,49.56,2,34.83,2,2.07,2,77.06,2,28.33,2
58,20130226,14,-74.15976,169.81821,100.256,34.64,-1.85,49.78,2,34.84,2,2.08,2,76.82,2,28.35,2
58,20130226,16,-74.15978,169.81832,50.018,34.49,-1.56,50.68,2,28.51,2,2.00,2,72.95,2,26.24,2
58,20130226,18,-74.15978,169.81838,24.708,34.11,-1.76,51.47,2,22.85,2,1.39,2,53.78,2,18.41,2
58,20130226,20,-74.15980,169.81842,2.722,33.69,-1.61,52.49,2,19.33,2,0.99,2,47.77,2,13.50,2
63,20130227,1,-74.16124,169.50264,573.603,34.79,-1.90,45.78,2,29.63,2,2.05,2,87.13,2,27.58,2
63,20130227,2,-74.16108,169.50274,500.633,34.78,-1.90,46.14,2,33.40,2,2.04,2,80.65,2,28.24,2
63,20130227,3,-74.16074,169.50292,450.241,34.77,-1.91,46.52,2,30.95,2,2.03,2,79.74,2,27.93,2
63,20130227,4,-74.16060,169.50300,400.263,34.76,-1.91,47.01,2,33.22,2,2.07,2,78.93,2,26.03,2
63,20130227,5,-74.16046,169.50306,349.931,34.74,-1.90,47.56,2,34.42,2,2.07,2,79.40,2,29.05,2
63,20130227,6,-74.16030,169.50316,302.387,34.72,-1.90,47.96,2,31.90,2,2.07,2,80.59,2,27.86,2
63,20130227,7,-74.16018,169.50322,275.982,34.71,-1.89,48.22,2,33.68,2,2.09,2,79.67,2,28.04,2
63,20130227,8,-74.16006,169.50328,249.626,34.70,-1.89,48.56,2,37.35,2,2.07,2,79.72,2,27.03,2
63,20130227,9,-74.15992,169.50338,224.296,34.69,-1.86,48.74,2,36.08,2,2.11,2,78.70,2,29.46,2
63,20130227,10,-74.15982,169.50344,199.915,34.68,-1.86,48.96,2,38.77,7,2.07,2,77.79,2,28.26,2
63,20130227,11,-74.15974,169.50347,188.292,34.67,-1.88,49.01,2,34.06,2,2.05,2,78.68,2,26.77,2
63,20130227,12,-74.15970,169.50350,179.186,34.67,-1.89,49.11,2,32.55,2,2.07,2,78.26,2,27.63,2
63,20130227,13,-74.15966,169.50350,170.194,34.66,-1.89,49.23,2,34.43,2,2.01,2,77.71,2,27.81,2
63,20130227,14,-74.15964,169.50352,164.357,34.66,-1.88,49.38,2,33.68,2,2.08,2,78.10,2,29.15,2
63,20130227,15,-74.15942,169.50364,99.859,34.62,-1.78,49.58,2,32.73,2,2.07,2,76.75,2,28.41,2
63,20130227,16,-74.15928,169.50370,79.513,34.59,-1.59,49.88,2,32.32,2,2.15,2,76.35,2,27.06,2
63,20130227,17,-74.15918,169.50376,65.051,34.49,-1.42,50.22,2,32.57,2,2.03,2,74.57,2,24.53,2
63,20130227,18,-74.15910,169.50380,49.570,34.24,-1.02,50.68,2,30.40,2,1.97,2,74.81,2,23.35,2
63,20130227,19,-74.15898,169.50382,20.106,33.49,-1.72,50.96,2,16.93,2,1.09,2,48.27,2,14.62,2
63,20130227,20,-74.15890,169.50388,1.360,33.46,-1.74,53.03,2,15.93,2,0.84,2,41.23,2,12.14,2
66,20130227,2,-74.05378,169.68574,553.391,34.79,-1.90,46.21,2,34.67,2,2.16,2,81.36,2,29.24,2
66,20130227,4,-74.05352,169.68620,500.560,34.78,-1.90,46.35,2,30.33,2,2.20,2,80.67,2,28.75,2
66,20130227,6,-74.05314,169.68688,400.170,34.75,-1.90,46.78,2,32.66,2,2.18,2,80.00,2,28.85,2
66,20130227,8,-74.05278,169.68757,300.040,34.69,-1.86,47.58,2,32.95,2,2.15,2,79.09,2,29.13,2
66,20130227,10,-74.05240,169.68826,200.319,34.64,-1.88,48.25,2,34.01,2,2.14,2,77.07,2,29.46,2
66,20130227,12,-74.05216,169.68870,150.235,34.63,-1.87,48.98,2,35.90,2,2.26,7,77.37,2,28.63,2
66,20130227,14,-74.05194,169.68908,100.280,34.60,-1.73,49.67,2,31.95,2,2.24,2,78.17,2,28.91,2
66,20130227,16,-74.05176,169.68946,70.042,34.45,-1.61,50.41,2,29.50,2,2.18,2,76.61,2,22.86,2
66,20130227,18,-74.05156,169.68978,30.173,33.92,-1.73,51.53,2,19.54,2,1.29,2,51.52,2,16.64,2
66,20130227,20,-74.05138,169.69015,1.979,33.57,-1.79,51.91,2,16.37,2,0.88,2,37.57,2,10.22,2
67,20130227,2,-74.01637,169.77331,524.159,34.78,-1.90,46.36,2,32.90,2,2.14,2,83.50,2,29.58,2
67,20130227,4,-74.01614,169.77396,500.065,34.78,-1.90,46.21,2,31.09,2,2.15,2,82.65,2,29.71,2
67,20130227,6,-74.01568,169.77525,400.274,34.75,-1.91,47.15,2,31.33,2,2.12,2,81.29,2,29.11,2
67,20130227,8,-74.01520,169.77662,300.406,34.69,-1.90,47.96,2,34.10,2,2.17,2,81.03,2,29.26,2
67,20130227,10,-74.01469,169.77804,200.292,34.64,-1.89,48.53,2,31.24,2,2.19,2,77.13,2,29.20,2
67,20130227,12,-74.01440,169.77886,150.685,34.63,-1.86,49.13,2,32.36,2,2.18,2,79.81,2,29.41,2
67,20130227,14,-74.01410,169.77970,100.115,34.58,-1.75,49.78,2,35.12,2,2.22,2,80.40,2,30.00,2
67,20130227,16,-74.01382,169.78051,60.300,34.02,-1.75,50.47,2,30.02,2,2.03,2,51.06,2,24.86,2
67,20130227,18,-74.01346,169.78148,19.208,33.81,-1.74,51.27,2,20.05,2,1.30,2,52.37,2,16.64,2
67,20130227,20,-74.01330,169.78196,0.634,33.52,-1.78,53.38,2,15.58,2,0.86,2,38.50,2,11.09,2
68,20130228,2,-73.95442,169.94625,503.924,34.78,-1.90,46.56,2,33.84,2,2.13,2,81.36,2,29.07,2
68,20130228,4,-73.95402,169.94754,450.361,34.77,-1.90,46.14,2,35.47,2,2.16,2,81.61,2,29.86,2
68,20130228,6,-73.95366,169.94877,400.309,34.75,-1.91,46.87,2,35.61,2,2.19,2,81.93,2,30.22,2
68,20130228,8,-73.95298,169.95099,301.297,34.70,-1.85,47.46,2,34.76,2,2.12,2,79.63,2,30.39,2
68,20130228,10,-73.95232,169.95315,201.005,34.65,-1.89,48.22,2,31.76,2,2.13,2,79.04,2,28.28,2
68,20130228,12,-73.95193,169.95446,150.876,34.63,-1.86,48.75,2,34.55,2,2.18,2,78.91,2,30.22,2
68,20130228,14,-73.95141,169.95620,100.134,34.57,-1.77,49.36,2,35.10,2,2.18,2,79.15,2,23.95,2
68,20130228,16,-73.95098,169.95762,59.880,34.12,-1.69,50.11,2,29.19,2,1.81,2,66.99,2,19.17,2
68,20130228,18,-73.95059,169.95891,19.905,33.93,-1.72,51.65,2,23.79,2,1.28,2,51.57,2,14.29,2
68,20130228,20,-73.95034,169.95975,0.929,33.81,-1.74,52.23,2,20.94,2,1.14,2,49.18,2,14.50,2
70,20130228,2,-73.91472,170.16577,471.134,34.78,-1.90,45.13,2,29.22,2,2.13,2,81.86,2,28.80,2
70,20130228,4,-73.91460,170.16753,400.380,34.74,-1.90,46.94,2,30.85,2,2.15,2,82.35,2,28.96,2
70,20130228,6,-73.91446,170.17012,300.198,34.69,-1.87,47.80,2,31.88,2,2.11,2,79.69,2,29.19,2
70,20130228,8,-73.91434,170.17191,250.186,34.66,-1.87,48.25,2,32.14,2,2.09,2,79.89,2,29.03,2
70,20130228,10,-73.91424,170.17364,200.166,34.64,-1.89,48.32,2,33.29,2,2.19,2,77.44,2,29.44,2
70,20130228,12,-73.91414,170.17525,150.113,34.63,-1.87,48.78,2,32.79,2,2.12,2,79.50,2,28.90,2
70,20130228,14,-73.91405,170.17690,99.918,34.59,-1.71,49.75,2,33.01,2,2.18,2,80.89,2,29.75,2
70,20130228,16,-73.91394,170.17905,39.677,34.18,-1.60,51.23,2,28.30,2,1.71,2,64.78,2,22.69,2
70,20130228,18,-73.91386,170.18014,19.821,34.04,-1.80,52.24,2,22.50,2,1.36,2,54.22,2,19.04,2
70,20130228,20,-73.91380,170.18111,1.217,34.03,-1.80,52.68,2,18.09,2,1.28,2,53.58,2,18.60,2
73,20130228,2,-73.86439,170.36242,538.369,34.78,-1.90,46.22,2,33.66,2,2.03,2,82.00,2,30.57,2
73,20130228,4,-73.86428,170.36268,500.269,34.78,-1.90,46.58,2,32.37,2,2.13,2,81.74,2,29.14,2
73,20130228,6,-73.86402,170.36332,400.107,34.75,-1.90,46.77,2,33.38,2,1.99,2,81.58,2,29.42,2
73,20130228,8,-73.86382,170.36392,299.897,34.69,-1.90,46.88,2,33.97,2,2.01,2,81.83,2,30.03,2
73,20130228,10,-73.86360,170.36449,177.948,34.64,-1.88,47.75,2,32.00,2,2.06,2,77.37,2,29.45,2
73,20130228,12,-73.86350,170.36518,99.964,34.61,-1.77,48.95,2,32.90,2,2.15,2,80.02,2,30.68,2
73,20130228,14,-73.86336,170.36540,70.062,34.58,-1.31,49.36,2,34.93,2,2.20,2,84.78,2,30.31,2
73,20130228,16,-73.86326,170.36562,40.087,34.35,-1.35,50.64,2,33.10,2,2.20,2,73.88,2,27.74,2
73,20130228,18,-73.86316,170.36584,19.744,34.15,-1.75,51.54,2,25.61,2,1.51,2,59.12,2,21.74,2
73,20130228,20,-73.86308,170.36604,1.690,34.14,-1.80,52.66,2,24.59,2,1.41,2,57.02,2,20.92,2
74,20130301,2,-74.17666,169.85726,592.133,34.79,-1.90,45.86,2,30.70,2,2.10,2,80.99,2,29.03,2
74,20130301,4,-74.17652,169.85728,500.631,34.77,-1.90,46.58,2,31.51,2,2.13,2,79.27,2,29.89,2
74,20130301,6,-74.17650,169.85690,400.187,34.76,-1.90,46.83,2,31.85,2,2.14,2,80.24,2,30.33,2
74,20130301,8,-74.17642,169.85656,299.588,34.73,-1.90,47.56,2,30.15,2,2.14,2,80.16,2,30.63,2
74,20130301,10,-74.17636,169.85662,249.664,34.71,-1.89,48.21,2,33.06,2,2.19,2,79.67,2,30.87,2
74,20130301,12,-74.17634,169.85640,199.986,34.68,-1.89,48.79,2,33.78,2,2.12,2,81.83,2,29.15,2
74,20130301,14,-74.17630,169.85636,149.825,34.66,-1.81,49.14,2,34.17,2,2.10,2,80.11,2,28.18,2
74,20130301,16,-74.17624,169.85630,100.005,34.63,-1.80,49.77,2,32.96,2,1.83,2,80.11,2,28.15,2
74,20130301,18,-74.17624,169.85587,20.045,33.86,-1.68,51.68,2,22.12,2,1.32,2,51.80,2,15.97,2
74,20130301,20,-74.17614,169.85592,1.179,33.67,-1.80,52.94,2,18.65,2,1.18,2,47.66,2,15.50,2
75,20130301,2,-74.16810,169.61004,572.177,34.79,-1.90,46.33,2,34.09,2,2.15,2,81.42,2,31.34,2
75,20130301,4,-74.16800,169.61010,500.123,34.77,-1.90,46.78,2,33.06,2,2.11,2,78.41,2,29.76,2
75,20130301,6,-74.16786,169.61012,399.755,34.76,-1.90,47.25,2,31.53,2,2.14,2,82.05,2,31.68,2
75,20130301,8,-74.16768,169.61024,299.732,34.71,-1.88,47.96,2,31.38,2,2.19,2,79.44,2,31.49,2
75,20130301,10,-74.16758,169.61038,249.864,34.69,-1.86,48.15,2,33.23,2,2.26,2,79.77,2,-999,2
75,20130301,12,-74.16748,169.61054,199.613,34.66,-1.89,48.26,2,32.38,2,2.21,2,83.14,2,31.54,2
75,20130301,14,-74.16742,169.61070,149.483,34.64,-1.88,48.79,2,30.11,2,2.16,2,76.72,2,29.99,2
75,20130301,16,-74.16734,169.61088,99.944,34.61,-1.80,49.45,2,31.52,2,2.18,2,78.65,2,29.96,2
75,20130301,18,-74.16722,169.61086,34.875,33.90,-1.51,51.22,2,31.39,2,1.87,2,67.66,2,24.66,2
75,20130301,20,-74.16712,169.61088,1.520,33.45,-1.74,53.62,2,17.33,2,0.97,2,41.35,2,14.24,2
76,20130301,2,-74.63304,174.49454,445.878,34.70,-1.89,46.25,2,32.09,2,2.23,2,87.65,2,30.80,2
76,20130301,4,-74.63306,174.49468,399.930,34.66,-1.86,46.87,2,32.42,2,2.15,2,82.23,2,30.05,2
76,20130301,6,-74.63308,174.49474,350.189,34.59,-1.56,47.33,2,30.79,2,2.20,2,84.87,2,30.74,2
76,20130301,8,-74.63304,174.49449,299.791,34.55,-1.50,47.69,2,30.43,2,2.16,2,83.09,2,30.74,2
76,20130301,10,-74.63298,174.49426,264.919,34.56,-0.87,48.14,2,30.38,2,2.24,2,85.50,2,31.12,2
76,20130301,12,-74.63294,174.49400,200.057,34.51,-0.95,48.77,2,34.03,2,2.23,2,83.91,2,30.76,2
76,20130301,14,-74.63292,174.49400,140.099,34.43,-1.04,49.22,2,33.14,2,2.30,2,82.52,2,31.39,2
76,20130301,16,-74.63290,174.49386,100.004,34.33,-1.17,49.86,2,33.93,2,2.27,2,78.66,2,31.43,2
76,20130301,18,-74.63286,174.49384,30.271,34.04,-1.28,50.14,2,30.08,2,1.92,2,65.64,2,26.47,2
76,20130301,20,-74.63288,174.49396,2.465,33.93,-1.65,52.32,2,27.71,2,1.88,2,65.88,2,23.35,2
77,20130301,2,-74.53308,173.53292,523.023,34.71,-1.89,45.89,2,33.04,2,2.24,2,87.35,2,30.37,2
77,20130301,4,-74.53312,173.53315,449.928,34.68,-1.90,46.53,2,33.22,2,2.24,2,81.75,2,30.06,2
77,20130301,6,-74.53312,173.53316,400.420,34.65,-1.89,46.82,2,32.66,2,2.26,2,80.76,2,30.92,2
77,20130301,8,-74.53308,173.53288,300.023,34.62,-1.86,47.69,2,35.08,2,2.20,2,81.66,2,30.59,2
77,20130301,10,-74.53302,173.53254,249.397,34.55,-1.60,48.14,2,32.67,2,2.24,2,82.42,2,30.96,2
77,20130301,12,-74.53302,173.53250,199.894,34.53,-1.51,48.79,2,32.43,2,2.26,2,81.16,2,30.95,2
77,20130301,14,-74.53302,173.53260,149.222,34.51,-1.34,49.25,2,33.57,2,2.27,2,81.16,2,30.16,2
77,20130301,16,-74.53308,173.53285,59.538,34.19,-1.01,51.32,2,28.84,2,1.89,2,65.80,2,25.69,2
77,20130301,18,-74.53310,173.53302,30.071,34.12,-1.22,52.21,2,28.65,2,1.72,2,60.95,2,24.29,2
77,20130301,20,-74.53316,173.53326,2.147,34.12,-1.21,53.36,2,27.13,2,1.75,2,60.43,2,25.33,2
78,30130302,2,-74.38304,172.46408,506.904,34.71,-1.89,46.13,2,35.44,2,2.28,2,83.06,2,31.09,2
78,30130302,4,-74.38302,172.46392,449.756,34.69,-1.89,46.78,2,34.00,2,2.23,2,80.31,2,30.85,2
78,30130302,6,-74.38298,172.46392,400.021,34.67,-1.90,47.22,2,33.10,2,2.21,2,79.58,2,30.57,2
78,30130302,8,-74.38298,172.46404,300.113,34.64,-1.89,47.86,2,34.69,2,2.21,2,79.20,2,30.80,2
78,30130302,10,-74.38302,172.46412,249.942,34.60,-1.86,48.21,2,32.06,2,2.25,2,80.15,2,30.94,2
78,30130302,12,-74.38307,172.46422,200.024,34.55,-1.55,48.74,2,32.77,2,2.30,2,82.67,2,31.53,2
78,30130302,14,-74.38310,172.46437,150.024,34.50,-1.43,49.23,2,32.70,2,2.28,2,81.16,2,30.86,2
78,30130302,16,-74.38312,172.46444,100.326,34.43,-1.54,50.36,2,26.97,2,2.28,2,78.14,2,29.72,2
78,30130302,18,-74.38316,172.46460,29.953,34.16,-1.17,52.33,2,24.79,2,1.75,2,61.29,2,22.82,2
78,30130302,20,-74.38320,172.46470,1.505,34.15,-1.23,52.96,2,26.18,2,1.74,2,61.29,2,23.48,2
79,30130302,2,-74.26618,171.44942,432.484,34.71,-1.89,46.32,2,33.28,2,2.24,2,84.88,2,29.84,2
79,30130302,4,-74.26618,171.44938,400.203,34.68,-1.90,46.87,2,33.68,2,2.21,2,82.41,2,30.09,2
79,30130302,6,-74.26616,171.44952,349.605,34.66,-1.89,47.16,2,33.61,2,2.18,2,81.19,2,29.41,2
79,30130302,8,-74.26620,171.44968,299.885,34.65,-1.89,47.96,2,33.42,2,2.22,2,80.27,2,28.99,2
79,30130302,10,-74.26620,171.44982,250.570,34.63,-1.89,48.08,2,33.87,2,2.25,2,80.87,2,29.96,2
79,30130302,12,-74.26624,171.45000,199.770,34.59,-1.80,48.98,2,34.84,2,2.26,2,82.07,2,30.56,2
79,30130302,14,-74.26622,171.45012,149.512,34.54,-1.46,49.36,2,34.89,2,2.22,2,81.73,2,30.02,2
79,30130302,16,-74.26626,171.45028,100.139,34.49,-1.34,50.23,2,35.22,2,2.26,2,81.26,2,29.32,2
79,30130302,18,-74.26626,171.45020,37.747,34.13,-1.35,52.14,2,26.28,2,1.73,2,57.06,2,22.78,2
79,30130302,20,-74.26624,171.45026,1.012,34.13,-1.36,53.64,2,27.81,2,1.69,2,56.90,2,23.11,2
80,30130302,2,-75.74990,168.99924,428.498,34.73,-1.89,46.38,2,33.18,2,2.18,2,84.81,2,27.49,2
80,30130302,4,-75.74990,168.99920,350.102,34.70,-1.90,46.97,2,34.58,2,2.27,2,79.99,2,25.55,7
80,30130302,6,-75.74992,168.99922,300.127,34.68,-1.90,47.86,2,34.52,2,2.24,2,79.51,2,26.94,2
80,30130302,8,-75.74992,168.99905,249.894,34.66,-1.89,48.21,2,34.22,2,2.20,2,79.04,2,24.26,7
80,30130302,10,-75.74992,168.99914,200.095,34.65,-1.89,48.74,2,33.71,2,2.22,2,79.04,2,27.23,2
80,30130302,12,-75.74994,168.99928,150.390,34.64,-1.89,49.12,2,33.79,2,2.21,2,80.59,2,27.27,2
80,30130302,14,-75.74992,168.99920,100.000,34.62,-1.82,49.78,2,32.38,2,2.21,2,78.28,2,24.80,2
80,30130302,16,-75.74994,168.99922,59.946,34.58,-1.34,51.01,2,34.42,2,2.30,7,82.50,2,26.19,2
80,30130302,18,-75.74994,168.99912,14.785,34.10,-1.79,52.48,2,20.81,2,2.26,2,47.63,2,18.86,2
80,30130302,20,-75.74994,168.99912,3.368,34.08,-1.81,54.12,2,22.44,2,1.35,2,47.13,2,18.32,2
81,20130303,2,-75.77704,169.13140,451.891,34.73,-1.89,46.35,2,34.55,2,2.19,2,84.23,2,30.34,2
81,20130303,4,-75.77708,169.13132,400.575,34.71,-1.90,46.52,2,34.23,2,2.22,2,82.82,2,30.02,2
81,20130303,6,-75.77702,169.13148,300.131,34.67,-1.90,47.56,2,35.10,2,2.21,2,80.22,2,30.08,2
81,20130303,8,-75.77704,169.13144,250.355,34.66,-1.89,48.23,2,35.42,2,2.15,2,80.57,2,-999,2
81,20130303,10,-75.77706,169.13137,200.070,34.65,-1.89,48.75,2,34.76,2,2.15,2,79.31,2,29.09,2
81,20130303,12,-75.77710,169.13128,149.818,34.64,-1.89,49.12,2,35.34,2,2.17,2,80.19,2,31.85,7
81,20130303,14,-75.77720,169.13100,99.845,34.61,-1.80,49.97,2,36.66,2,2.21,2,79.84,2,30.13,2
81,20130303,16,-75.77730,169.13084,59.799,34.52,-1.64,50.78,2,36.09,2,2.25,2,80.84,2,30.18,2
81,20130303,18,-75.77732,169.13088,14.834,34.03,-1.73,52.36,2,23.33,2,1.20,2,44.42,2,15.99,2
81,20130303,20,-75.77730,169.13092,3.563,34.03,-1.73,53.32,2,13.43,2,1.14,2,43.16,2,16.07,2
82,20130303,2,-75.76678,169.04844,454.333,34.73,-1.89,46.04,2,34.23,2,2.35,7,85.44,2,30.97,2
82,20130303,4,-75.76674,169.04850,399.985,34.71,-1.90,46.56,2,35.25,2,2.37,7,82.87,2,31.00,2
82,20130303,6,-75.76680,169.04838,299.729,34.68,-1.90,47.38,2,34.49,2,2.36,7,82.01,2,30.85,2
82,20130303,8,-75.76686,169.04824,249.846,34.66,-1.89,47.86,2,33.51,2,2.35,7,80.88,2,30.32,2
82,20130303,10,-75.76692,169.04808,199.993,34.65,-1.89,48.36,2,32.15,2,2.32,7,80.63,2,29.94,2
82,20130303,12,-75.76694,169.04809,150.208,34.64,-1.89,48.87,2,33.73,2,2.45,7,80.98,2,30.21,2
82,20130303,14,-75.76688,169.04820,99.601,34.61,-1.74,49.65,2,34.43,2,2.41,7,82.33,2,30.34,2
82,20130303,16,-75.76686,169.04828,60.055,34.56,-1.45,51.47,2,33.53,2,2.39,7,82.35,2,30.86,2
82,20130303,18,-75.76688,169.04820,14.350,34.07,-1.77,51.90,2,23.11,2,1.56,2,52.49,2,19.64,2
82,20130303,20,-75.76688,169.04820,1.476,34.06,-1.78,52.87,2,21.29,2,1.35,2,47.19,2,17.54,2
85,20130303,2,-75.75334,168.75866,398.318,34.73,-1.89,46.35,2,32.76,2,1.88,7,84.75,2,29.82,2
85,20130303,3,-75.75326,168.75890,325.357,34.70,-1.90,-999,5,34.12,5,-999,2,-999,2,-999,2
85,20130303,4,-75.75326,168.75890,325.403,34.70,-1.90,46.84,2,32.03,2,1.87,7,83.23,2,29.61,2
85,20130303,6,-75.75326,168.75884,250.224,34.67,-1.90,48.21,2,30.21,2,2.09,7,82.43,2,29.99,2
85,20130303,8,-75.75322,168.75890,199.757,34.66,-1.89,48.76,2,30.53,2,1.95,7,80.94,2,29.98,2
85,20130303,10,-75.75316,168.75902,150.341,34.65,-1.89,49.28,2,31.38,2,2.20,2,82.12,2,30.44,2
85,20130303,11,-75.75310,168.75910,100.302,34.63,-1.88,50.44,2,-999,5,2.03,2,81.31,2,30.32,2
85,20130303,12,-75.75302,168.75920,70.146,34.60,-1.74,52.46,2,33.11,2,2.05,2,83.41,2,30.05,2
85,20130303,13,-75.75296,168.75932,39.993,34.57,-1.55,-999,5,-999,5,2.02,2,82.75,2,30.50,2
85,20130303,14,-75.75290,168.75942,19.748,34.15,-1.84,47.60,2,35.00,7,1.55,2,48.32,2,18.54,2
85,20130303,16,-75.75290,168.75944,19.784,34.11,-1.88,-999,5,21.42,5,-999,5,-999,2,-999,2
85,20130303,18,-75.75294,168.75946,10.440,34.11,-1.88,53.63,2,21.42,2,1.49,2,48.01,2,18.35,2
85,20130303,20,-75.75296,168.75936,1.740,34.11,-1.88,53.47,2,19.12,2,1.51,2,46.68,2,18.10,2
86,20130303,2,-75.75496,168.59692,403.853,34.73,-1.89,48.10,2,34.94,2,2.37,7,87.99,2,29.48,2
86,20130303,4,-75.75504,168.59690,349.973,34.70,-1.90,46.69,2,32.02,2,1.91,7,83.73,2,29.59,2
86,20130303,6,-75.75510,168.59688,299.252,34.68,-1.90,47.77,2,32.76,2,2.08,7,83.15,2,29.39,2
86,20130303,8,-75.75518,168.59682,249.790,34.66,-1.89,48.21,2,33.36,2,2.03,7,82.03,2,28.52,7
86,20130303,10,-75.75522,168.59681,199.740,34.65,-1.89,48.76,2,32.36,2,2.09,2,82.55,2,29.44,2
86,20130303,12,-75.75524,168.59680,149.803,34.65,-1.89,49.33,2,34.35,2,2.24,2,82.85,2,30.44,2
86,20130303,14,-75.75524,168.59680,100.186,34.63,-1.88,49.86,2,35.68,2,2.05,7,82.05,2,30.57,2
86,20130303,16,-75.75526,168.59680,60.372,34.59,-1.71,51.21,2,32.87,2,2.13,2,83.05,2,30.36,2
86,20130303,18,-75.75528,168.59678,14.305,34.08,-1.81,-999,5,23.07,5,1.59,2,51.42,2,19.41,2
86,20130303,20,-75.75532,168.59678,1.070,34.07,-1.80,53.44,2,20.77,2,1.57,2,47.49,2,17.83,2
88,20130304,2,-75.77786,168.56042,404.599,34.73,-1.89,46.17,2,32.88,2,2.20,2,87.26,2,30.90,2
88,20130304,4,-75.77784,168.56062,350.484,34.70,-1.90,46.40,2,33.84,2,2.12,2,82.57,2,30.84,2
88,20130304,6,-75.77782,168.56048,299.942,34.68,-1.90,47.17,2,32.71,2,2.14,2,82.87,2,29.98,2
88,20130304,8,-75.77780,168.56055,250.025,34.66,-1.90,47.68,2,32.73,2,2.11,2,81.61,2,29.60,2
88,20130304,10,-75.77782,168.56066,199.923,34.65,-1.89,48.32,2,33.50,2,2.11,2,80.91,2,29.41,2
88,20130304,12,-75.77784,168.56066,149.489,34.64,-1.89,48.68,2,33.68,2,2.20,2,80.96,2,30.11,2
88,20130304,14,-75.77788,168.56065,100.253,34.63,-1.88,49.21,2,35.31,2,2.11,2,79.90,2,30.67,2
88,20130304,16,-75.77790,168.56060,60.059,34.59,-1.68,51.53,2,34.38,2,2.18,2,83.11,2,31.02,2
88,20130304,18,-75.77792,168.56052,14.540,34.07,-1.78,53.35,2,21.76,2,1.65,2,45.33,2,17.49,2
88,20130304,20,-75.77790,168.56046,0.891,34.07,-1.78,54.49,2,21.01,2,1.36,2,44.19,2,17.33,2
89,20130304,2,-75.78096,168.50374,409.002,34.72,-1.89,-999,5,-999,5,2.16,2,87.93,2,29.02,2
89,20130304,4,-75.78092,168.50376,349.919,34.70,-1.90,-999,5,-999,5,2.24,2,84.98,2,29.12,2
89,20130304,6,-75.78086,168.50376,299.868,34.68,-1.90,-999,5,-999,5,2.11,2,81.99,2,29.68,2
89,20130304,8,-75.78082,168.50376,249.901,34.66,-1.89,-999,5,-999,5,2.14,2,81.99,2,29.23,2
89,20130304,10,-75.78076,168.50374,199.906,34.65,-1.89,-999,5,-999,5,2.13,2,82.18,2,29.49,2
89,20130304,12,-75.78068,168.50376,149.927,34.64,-1.89,-999,5,-999,5,2.15,2,82.40,2,29.68,2
89,20130304,14,-75.78062,168.50382,100.100,34.62,-1.87,-999,5,-999,5,2.15,2,81.31,2,29.78,2
89,20130304,16,-75.78060,168.50382,59.726,34.58,-1.55,-999,5,-999,5,2.24,2,82.88,2,28.51,2
89,20130304,18,-75.78058,168.50344,14.871,34.10,-1.78,-999,5,-999,5,1.67,2,62.74,2,23.20,2
89,20130304,20,-75.78058,168.50338,0.965,34.08,-1.80,-999,5,-999,5,1.25,2,46.19,2,17.23,2
92,20130304,2,-75.75540,168.24006,434.565,34.77,-1.90,-999,5,-999,5,2.16,2,86.17,2,28.79,2
92,20130304,4,-75.75548,168.23977,400.008,34.76,-1.90,-999,5,-999,5,2.14,2,85.77,2,28.21,2
92,20130304,6,-75.75546,168.23922,300.509,34.68,-1.89,-999,5,-999,5,2.06,2,82.73,2,29.92,2
92,20130304,8,-75.75554,168.23902,249.751,34.66,-1.89,-999,5,-999,5,2.17,2,81.43,2,29.52,2
92,20130304,10,-75.75556,168.23850,200.638,34.65,-1.89,-999,5,-999,5,2.16,2,80.49,2,29.61,2
92,20130304,12,-75.75564,168.23800,149.843,34.63,-1.87,-999,5,-999,5,2.19,2,80.83,2,29.69,2
92,20130304,14,-75.75570,168.23770,100.004,34.60,-1.57,-999,5,-999,5,2.18,2,85.56,2,29.94,2
92,20130304,16,-75.75566,168.23724,60.425,34.52,-1.64,-999,5,-999,5,2.21,2,81.28,2,29.69,2
92,20130304,18,-75.75566,168.23683,15.106,34.11,-1.85,-999,5,-999,5,1.25,2,46.35,2,17.81,2
92,20130304,20,-75.75586,168.23590,2.083,34.11,-1.85,-999,5,-999,5,1.29,2,45.99,2,17.71,2
93,20130304,2,-75.73744,168.16669,448.628,34.76,-1.90,45.75,2,32.25,2,2.32,2,88.25,2,29.08,2
93,20130304,4,-75.73736,168.16694,400.173,34.73,-1.89,46.13,2,33.25,2,2.38,2,87.51,2,29.24,2
93,20130304,6,-75.73724,168.16738,299.987,34.67,-1.89,47.32,2,32.40,2,2.34,2,82.37,2,28.54,2
93,20130304,8,-75.73718,168.16754,249.690,34.66,-1.89,48.11,2,32.43,2,2.33,2,82.35,2,29.05,2
93,20130304,10,-75.73716,168.16774,199.765,34.65,-1.89,48.62,2,33.34,2,2.30,2,81.50,2,29.23,2
93,20130304,12,-75.73712,168.16784,149.422,34.64,-1.88,49.99,2,32.81,2,2.29,2,81.35,2,30.09,2
93,20130304,14,-75.73708,168.16802,99.891,34.61,-1.73,50.02,2,33.09,2,2.29,2,81.40,2,29.28,2
93,20130304,16,-75.73704,168.16814,59.930,34.55,-1.55,50.42,2,32.80,2,2.27,2,81.90,2,31.50,7
93,20130304,18,-75.73696,168.16835,13.902,34.10,-1.85,52.77,2,20.37,2,1.31,2,45.42,2,17.31,2
93,20130304,20,-75.73692,168.16854,1.245,34.10,-1.85,53.32,2,21.96,2,1.33,2,46.21,2,16.75,2
95,20130305,2,-75.77364,168.24969,440.394,34.77,-1.90,45.57,2,33.98,2,2.18,2,86.22,2,27.92,2
95,20130305,4,-75.77368,168.24984,400.725,34.75,-1.90,46.22,2,33.98,2,2.23,2,84.24,2,28.97,2
95,20130305,6,-75.77370,168.25010,299.748,34.67,-1.89,47.21,2,34.73,2,2.26,2,82.09,2,28.97,2
95,20130305,8,-75.77378,168.25064,200.135,34.65,-1.89,48.29,2,34.50,2,2.22,2,80.44,2,28.97,2
95,20130305,10,-75.77380,168.25085,150.536,34.63,-1.87,48.76,2,33.88,2,2.24,2,80.07,2,28.97,2
95,20130305,12,-75.77382,168.25100,100.622,34.60,-1.58,49.54,2,37.15,2,2.27,2,81.39,2,28.97,2
95,20130305,14,-75.77383,168.25106,59.586,34.54,-1.60,50.45,2,35.81,2,2.27,2,80.44,2,30.87,2
95,20130305,16,-75.77384,168.25125,24.942,34.24,-1.69,51.33,2,29.23,2,1.73,2,60.61,2,23.07,2
95,20130305,18,-75.77386,168.25114,10.183,34.11,-1.83,51.58,2,22.59,2,1.28,2,44.97,2,18.35,2
95,20130305,20,-75.77378,168.25133,1.356,34.10,-1.83,52.88,2,23.81,2,1.25,2,45.40,2,18.03,2
99,20130305,2,-75.19626,164.18906,1138.377,34.79,-1.88,41.65,2,33.98,2,2.13,2,80.64,2,28.64,2
99,20130305,4,-75.19651,164.18863,1000.145,34.77,-1.89,41.35,2,33.39,2,2.18,2,78.61,2,28.51,2
99,20130305,6,-75.19651,164.18846,800.331,34.75,-1.89,41.98,2,33.72,2,2.18,2,78.14,2,29.58,2
99,20130305,8,-75.19632,164.18868,599.893,34.73,-1.89,45.24,2,33.08,2,2.20,2,79.56,2,29.48,2
99,20130305,10,-75.19677,164.18784,400.317,34.68,-1.88,46.10,2,34.01,2,2.21,2,78.53,2,28.45,2
99,20130305,12,-75.19696,164.18758,250.172,34.59,-1.85,48.59,2,34.25,2,2.27,2,80.17,2,32.47,2
99,20130305,14,-75.19708,164.18734,150.241,34.23,-0.89,49.36,2,26.87,2,1.80,2,70.71,2,-999,2
99,20130305,16,-75.19717,164.18722,90.134,34.09,-0.99,49.89,2,23.55,2,1.64,2,61.52,2,15.14,2
99,20130305,18,-75.19724,164.18711,35.033,33.90,-1.73,50.67,2,20.74,2,1.23,2,53.82,2,15.42,2
99,20130305,20,-75.19734,164.18698,4.194,33.90,-1.75,52.22,2,19.07,2,1.13,2,53.15,2,14.53,2
100,20130305,1,-75.19638,164.18430,500.242,34.71,-1.91,45.22,2,32.06,2,2.18,2,80.41,2,29.95,2
100,20130305,2,-75.19654,164.18382,400.328,34.67,-1.88,46.36,2,33.23,2,2.20,2,80.12,2,30.11,2
100,20130305,3,-75.19662,164.18352,375.475,34.67,-1.89,46.76,2,29.88,2,2.21,2,79.99,2,30.35,2
100,20130305,4,-75.19668,164.18344,350.053,34.66,-1.90,47.33,2,33.52,2,2.25,2,79.63,2,30.18,2
100,20130305,5,-75.19672,164.18332,325.363,34.65,-1.88,47.55,2,33.96,2,2.29,2,78.94,2,30.22,2
100,20130305,6,-75.19682,164.18318,299.944,34.63,-1.90,47.64,2,30.22,2,2.26,2,80.29,2,29.83,2
100,20130305,7,-75.19686,164.18308,274.972,34.61,-1.88,47.89,2,33.78,2,2.29,2,78.89,2,29.73,2
100,20130305,8,-75.19694,164.18304,249.991,34.57,-1.82,48.32,2,31.80,2,2.22,2,79.20,2,29.16,2
100,20130305,9,-75.19700,164.18294,225.044,34.51,-1.70,48.52,2,32.93,2,2.25,2,79.68,2,27.79,2
100,20130305,10,-75.19690,164.18316,200.370,34.40,-1.40,48.97,2,31.87,2,2.19,2,78.18,2,25.84,2
100,20130305,11,-75.19676,164.18338,174.944,34.35,-1.15,49.12,2,26.91,2,2.08,2,74.96,2,23.10,2
100,20130305,12,-75.19672,164.18344,149.855,34.27,-0.94,49.55,2,26.64,2,1.96,2,71.67,2,20.84,2
100,20130305,13,-75.19664,164.18358,124.952,34.20,-0.88,49.66,2,26.09,2,1.81,2,70.08,2,19.75,2
100,20130305,14,-75.19668,164.18352,100.061,34.13,-0.91,49.87,2,23.73,2,1.69,2,65.44,2,16.31,2
100,20130305,15,-75.19669,164.18354,75.725,34.08,-1.00,50.24,2,22.52,2,1.64,2,61.68,2,16.90,2
100,20130305,16,-75.19686,164.18332,49.208,33.95,-1.52,50.77,2,20.76,2,1.31,2,56.83,2,14.86,2
100,20130305,17,-75.19702,164.18324,34.887,33.92,-1.75,51.24,2,19.16,2,1.24,2,53.83,2,14.41,2
100,20130305,18,-75.19705,164.18314,24.589,33.92,-1.76,51.42,2,19.17,2,1.17,2,54.54,2,14.93,2
100,20130305,19,-75.19698,164.18336,9.976,33.92,-1.75,52.41,2,18.83,2,1.19,2,54.34,2,14.27,2
100,20130305,20,-75.19694,164.18346,4.048,33.92,-1.75,53.15,2,16.94,2,1.23,2,54.41,2,14.44,2
101,20130306,2,-74.95672,164.21638,711.457,34.78,-1.90,44.35,2,35.87,2,2.18,2,79.98,2,29.37,2
101,20130306,4,-74.95662,164.21642,600.360,34.75,-1.93,45.21,2,33.14,2,2.18,2,78.61,2,29.04,2
101,20130306,6,-74.95644,164.21646,450.366,34.70,-2.03,46.14,2,35.42,2,2.18,2,79.50,2,29.10,2
101,20130306,8,-74.95662,164.21642,300.214,34.69,-1.93,47.35,2,33.56,2,2.30,2,79.33,2,29.27,2
101,20130306,10,-74.95662,164.21640,200.357,34.63,-1.84,48.23,2,36.73,2,2.25,2,78.92,2,28.73,2
101,20130306,12,-74.95666,164.21636,149.777,34.23,-1.23,48.74,2,35.73,2,1.82,2,69.66,2,21.06,2
101,20130306,14,-74.95664,164.21638,99.542,33.98,-1.80,49.21,2,23.12,2,1.33,2,55.66,2,15.74,2
101,20130306,16,-74.95662,164.21640,49.958,33.98,-1.81,51.31,2,23.13,2,1.30,2,55.94,2,15.67,2
101,20130306,18,-74.95664,164.21638,24.631,33.98,-1.83,52.33,2,21.43,2,1.25,2,55.42,2,15.56,2
101,20130306,20,-74.95666,164.21640,3.891,33.98,-1.83,52.69,2,26.31,2,1.24,2,56.01,2,15.56,2
102,20130306,2,-74.83161,164.47833,633.043,34.77,-1.90,45.36,2,34.51,2,2.19,2,81.32,2,28.81,2
102,20130306,4,-74.83152,164.47798,500.218,34.72,-1.97,46.25,2,33.14,2,2.19,2,81.51,2,28.92,2
102,20130306,6,-74.83146,164.47774,400.204,34.70,-1.98,46.87,2,32.59,2,2.17,2,80.69,2,28.73,2
102,20130306,8,-74.83140,164.47748,299.888,34.69,-1.90,47.54,2,34.84,2,2.24,2,76.99,2,28.98,2
102,20130306,10,-74.83132,164.47724,199.985,34.64,-1.86,48.37,2,36.70,2,2.35,2,77.43,2,29.07,2
102,20130306,12,-74.83128,164.47710,150.057,34.37,-1.55,48.78,2,33.20,2,2.17,2,75.38,2,24.77,2
102,20130306,14,-74.83124,164.47696,99.734,33.93,-1.80,49.41,2,24.05,2,1.28,2,54.10,2,15.13,2
102,20130306,16,-74.83116,164.47677,24.680,33.87,-1.85,51.78,2,22.12,2,1.20,2,54.23,2,14.31,2
102,20130306,18,-74.83116,164.47672,24.722,33.87,-1.85,52.24,2,21.29,2,1.08,2,54.32,2,14.20,2
102,20130306,20,-74.83114,164.47666,0.400,33.86,-1.85,53.47,2,19.80,2,1.17,2,52.89,2,14.08,2
103,20130306,2,-74.26992,168.92988,662.147,34.79,-1.89,44.89,2,31.59,2,2.12,2,84.44,2,29.39,2
103,20130306,4,-74.26966,168.93043,598.818,34.78,-1.90,45.06,2,32.64,2,2.22,2,82.46,2,29.36,2
103,20130306,6,-74.26932,168.93122,500.183,34.78,-1.90,45.26,2,31.84,2,2.08,2,81.69,2,29.18,2
103,20130306,8,-74.26904,168.93186,425.245,34.77,-1.90,45.82,2,31.31,2,2.06,2,81.00,2,28.94,2
103,20130306,10,-74.26876,168.93252,350.129,34.76,-1.90,46.68,2,32.72,2,2.06,2,82.10,2,29.62,2
103,20130306,12,-74.26842,168.93329,250.219,34.73,-1.90,47.97,2,32.06,2,2.11,2,81.99,2,29.01,2
103,20130306,14,-74.26810,168.93405,150.128,34.69,-1.89,48.08,2,31.48,2,2.09,2,81.85,2,29.56,2
103,20130306,16,-74.26784,168.93460,75.281,34.55,-1.48,50.04,2,32.57,2,2.11,2,79.69,2,28.18,2
103,20130306,18,-74.26764,168.93506,29.912,34.03,-1.83,53.18,2,22.91,2,1.40,2,55.17,2,18.88,2
103,20130306,20,-74.26749,168.93540,2.659,33.79,-1.84,54.70,2,20.68,2,1.04,2,46.19,2,14.29,2
104,20130306,2,-74.19160,169.54328,585.332,34.78,-1.90,45.12,2,33.52,2,2.16,2,82.01,2,28.82,2
104,20130306,4,-74.19140,169.54394,500.136,34.77,-1.90,45.69,2,32.31,2,2.14,2,80.92,2,29.09,2
104,20130306,6,-74.19118,169.54468,399.932,34.76,-1.90,46.48,2,33.10,2,2.49,7,80.40,2,29.22,2
104,20130306,8,-74.19098,169.54533,324.270,34.74,-1.89,46.79,2,33.07,2,2.14,2,80.49,2,28.83,2
104,20130306,10,-74.19080,169.54603,250.846,34.73,-1.89,47.74,2,32.94,2,2.15,2,80.11,2,29.52,2
104,20130306,12,-74.19056,169.54696,139.800,34.66,-1.87,48.52,2,34.60,2,2.17,2,79.67,2,29.07,2
104,20130306,14,-74.19040,169.54762,74.966,34.59,-1.67,49.88,2,33.27,2,2.14,2,79.50,2,28.62,2
104,20130306,16,-74.19026,169.54812,34.518,33.90,-1.64,51.23,2,24.83,2,1.35,2,53.78,2,17.84,2
104,20130306,18,-74.19022,169.54826,25.071,33.82,-1.70,52.31,2,21.44,2,1.12,2,47.98,2,15.34,2
104,20130306,20,-74.19013,169.54856,0.894,33.39,-1.81,53.69,2,17.85,2,0.83,2,39.06,2,11.73,2
106,20130307,2,-74.16714,170.41736,622.300,34.78,-1.90,45.31,2,33.04,2,2.13,2,79.35,2,28.15,2
106,20130307,4,-74.16712,170.41722,500.452,34.77,-1.90,46.14,2,37.40,2,2.13,2,79.30,2,28.19,2
106,20130307,6,-74.16712,170.41724,400.235,34.76,-1.90,46.89,2,36.43,2,2.19,2,79.41,2,28.08,2
106,20130307,8,-74.16710,170.41716,300.155,34.73,-1.90,47.68,2,34.65,2,2.14,2,80.15,2,27.52,2
106,20130307,10,-74.16710,170.41712,200.171,34.68,-1.90,48.56,2,34.62,2,2.14,2,78.74,2,29.05,2
106,20130307,12,-74.16710,170.41713,150.038,34.66,-1.85,49.11,2,34.70,2,2.17,2,77.92,2,28.74,2
106,20130307,14,-74.16710,170.41712,100.204,34.63,-1.85,49.47,2,32.23,2,1.97,2,77.50,2,28.95,2
106,20130307,16,-74.16710,170.41714,50.009,34.21,-1.70,50.97,2,29.93,2,1.80,2,64.59,2,23.76,2
106,20130307,18,-74.16718,170.41700,24.461,34.16,-1.82,53.96,2,27.49,2,1.58,2,56.95,2,21.25,2
106,20130307,20,-74.16726,170.41700,1.260,34.06,-1.83,54.32,2,24.98,2,1.40,2,55.27,2,19.90,2
107,20130307,2,-75.74992,168.99726,428.557,34.73,-1.89,46.28,2,34.02,2,2.30,2,86.25,2,30.55,2
107,20130307,4,-75.74988,168.99720,399.622,34.72,-1.90,46.48,2,35.18,2,2.30,2,85.82,2,30.67,2
107,20130307,6,-75.74988,168.99722,300.135,34.69,-1.90,46.87,2,35.76,2,2.28,2,82.43,2,30.76,2
107,20130307,8,-75.74988,168.99714,250.234,34.68,-1.91,47.31,2,33.32,2,2.33,2,82.15,2,30.78,2
107,20130307,10,-75.74984,168.99708,199.946,34.66,-1.91,47.62,2,33.59,2,2.19,2,83.03,2,30.61,2
107,20130307,12,-75.74986,168.99720,150.252,34.63,-1.90,47.95,2,33.81,2,2.20,2,81.86,2,29.88,2
107,20130307,14,-75.74995,168.99740,80.354,34.57,-1.65,48.76,2,34.19,2,2.28,2,83.07,2,30.38,2
107,20130307,16,-75.75004,168.99758,40.233,34.36,-1.55,49.47,2,34.77,2,2.11,2,76.83,2,28.43,2
107,20130307,18,-75.75010,168.99772,15.431,34.19,-1.84,50.10,2,22.86,2,1.48,2,55.11,2,22.31,2
107,20130307,20,-75.75012,168.99778,2.764,34.19,-1.84,52.48,2,25.57,2,1.47,2,55.01,2,21.88,2
108,20130307,2,-75.75222,168.99466,424.568,34.73,-1.89,46.35,2,31.99,2,2.26,2,87.65,2,30.99,2
108,20130307,4,-75.75216,168.99444,349.675,34.72,-1.90,46.95,2,33.05,2,2.15,2,85.73,2,30.95,2
108,20130307,6,-75.75216,168.99446,300.243,34.69,-1.90,47.68,2,36.74,2,2.12,2,83.87,2,30.49,2
108,20130307,8,-75.75216,168.99442,249.753,34.68,-1.91,47.98,2,36.24,2,2.18,2,83.49,2,30.28,2
108,20130307,10,-75.75216,168.99438,200.166,34.65,-1.91,48.54,2,34.55,2,2.20,2,83.74,2,30.57,2
108,20130307,12,-75.75218,168.99446,149.926,34.63,-1.90,48.87,2,33.83,2,2.18,2,83.67,2,30.86,2
108,20130307,14,-75.75222,168.99466,80.395,34.57,-1.68,49.88,2,36.07,2,2.23,2,82.07,2,30.14,2
108,20130307,16,-75.75226,168.99482,39.972,34.19,-1.84,51.91,2,27.56,2,1.76,2,61.72,2,23.19,2
108,20130307,18,-75.75228,168.99490,14.436,34.19,-1.84,52.14,2,23.04,2,1.46,2,54.39,2,20.59,2
108,20130307,20,-75.75228,168.99492,2.253,34.19,-1.84,52.37,2,24.82,2,1.42,2,55.18,2,20.60,2
109,20130308,2,-75.76596,168.92394,432.483,34.73,-1.89,46.32,2,32.62,2,-999,5,-999,5,-999,5
109,20130308,4,-75.76596,168.92406,350.091,34.71,-1.90,46.97,2,33.02,2,-999,5,-999,5,-999,5
109,20130308,6,-75.76596,168.92408,300.457,34.70,-1.90,47.85,2,32.73,2,-999,5,-999,5,-999,5
109,20130308,8,-75.76596,168.92408,250.233,34.67,-1.90,48.28,2,33.13,2,-999,5,-999,5,-999,5
109,20130308,10,-75.76596,168.92414,200.401,34.65,-1.91,48.77,2,33.04,2,-999,5,-999,5,-999,5
109,20130308,12,-75.76598,168.92420,150.064,34.63,-1.94,49.23,2,33.29,2,-999,5,-999,5,-999,5
109,20130308,14,-75.76598,168.92430,79.888,34.58,-1.68,51.24,2,35.91,2,-999,5,-999,5,-999,5
109,20130308,16,-75.76598,168.92454,37.112,34.21,-1.83,52.54,2,28.61,2,-999,5,-999,5,-999,5
109,20130308,18,-75.76598,168.92464,14.811,34.20,-1.85,52.82,2,23.21,2,-999,5,-999,5,-999,5
109,20130308,20,-75.76598,168.92476,1.090,34.20,-1.84,52.47,2,22.83,2,-999,5,-999,5,-999,5
110,20130308,2,-75.76596,168.92394,432.483,34.73,-1.89,46.69,2,31.31,2,2.12,2,83.56,2,28.03,7
110,20130308,4,-75.76596,168.92406,350.091,34.71,-1.90,46.86,2,33.96,2,2.20,2,85.41,2,26.74,7
110,20130308,6,-75.76596,168.92408,300.457,34.70,-1.90,47.68,2,32.10,2,2.10,2,82.22,2,28.24,7
110,20130308,8,-75.76596,168.92408,250.233,34.67,-1.90,48.23,2,33.02,2,2.08,2,80.27,2,27.76,7
110,20130308,10,-75.76596,168.92414,200.401,34.65,-1.91,48.79,2,31.97,2,2.11,2,81.22,2,30.32,2
110,20130308,12,-75.76598,168.92420,150.064,34.63,-1.94,49.23,2,32.58,2,2.13,2,82.10,2,29.08,2
110,20130308,14,-75.76598,168.92430,79.888,34.58,-1.68,51.46,2,33.21,2,2.11,2,88.75,2,31.14,7
110,20130308,16,-75.76598,168.92454,37.112,34.21,-1.83,52.47,2,33.69,2,2.22,2,79.98,2,28.52,2
110,20130308,18,-75.76598,168.92464,14.811,34.20,-1.85,53.08,2,22.16,2,1.48,2,54.40,2,20.93,2
110,20130308,20,-75.76598,168.92476,1.090,34.20,-1.84,53.88,2,21.53,2,1.52,2,54.98,2,23.71,2
113,20130308,2,-75.73718,168.82500,415.147,34.73,-1.89,46.45,2,33.81,2,2.21,2,83.09,2,28.96,7
113,20130308,4,-75.73702,168.82460,349.846,34.72,-1.90,46.87,2,34.09,2,2.26,2,81.47,2,29.32,2
113,20130308,6,-75.73688,168.82418,300.090,34.69,-1.90,47.56,2,33.49,2,2.33,2,80.79,2,29.46,2
113,20130308,8,-75.73674,168.82392,250.274,34.67,-1.90,48.21,2,33.99,2,2.24,2,79.92,2,29.23,2
113,20130308,10,-75.73662,168.82366,200.279,34.65,-1.90,48.77,2,32.39,2,2.20,2,80.21,2,29.66,2
113,20130308,12,-75.73648,168.82337,150.046,34.64,-1.91,50.00,2,34.17,2,2.27,2,81.67,2,29.66,2
113,20130308,14,-75.73634,168.82284,80.143,34.56,-1.44,51.36,2,34.41,2,2.27,2,82.35,2,29.74,2
113,20130308,16,-75.73622,168.82253,39.970,34.30,-1.63,52.21,2,30.63,2,2.17,2,72.98,2,27.40,2
113,20130308,18,-75.73611,168.82238,14.977,34.21,-1.84,52.91,2,23.61,2,1.44,2,52.08,2,20.11,2
113,20130308,20,-75.73603,168.82222,2.159,34.20,-1.84,54.36,2,22.41,2,1.42,2,51.62,2,19.44,2
114,20130308,2,-75.72124,168.79944,334.214,34.73,-1.90,47.25,2,33.48,2,-999,5,-999,5,-999,5
114,20130308,4,-75.72116,168.79920,324.914,34.73,-1.90,47.65,2,35.91,2,-999,5,-999,5,-999,5
114,20130308,6,-75.72108,168.79908,298.936,34.71,-1.90,48.11,2,34.80,2,-999,5,-999,5,-999,5
114,20130308,8,-75.72100,168.79912,250.814,34.67,-1.90,48.54,2,34.42,2,-999,5,-999,5,-999,5
114,20130308,10,-75.72083,168.79882,200.126,34.65,-1.92,48.66,2,33.64,2,-999,5,-999,5,-999,5
114,20130308,12,-75.72062,168.79824,149.968,34.63,-1.91,48.80,2,35.38,2,-999,5,-999,5,-999,5
114,20130308,14,-75.72048,168.79766,79.596,34.55,-1.61,49.74,2,34.88,2,-999,5,-999,5,-999,5
114,20130308,16,-75.72040,168.79752,39.877,34.29,-1.68,50.56,2,26.80,2,-999,5,-999,5,-999,5
114,20130308,18,-75.72024,168.79711,15.073,34.20,-1.83,51.62,2,25.28,2,-999,5,-999,5,-999,5
114,20130308,20,-75.72006,168.79668,0.868,34.20,-1.83,51.92,2,23.57,2,-999,5,-999,5,-999,5
115,20130309,2,-75.70572,168.74166,399.767,34.73,-1.90,45.36,2,33.16,2,2.26,2,85.82,2,30.80,2
115,20130309,4,-75.70568,168.74137,350.319,34.73,-1.90,46.13,2,33.22,2,2.26,2,84.68,2,30.85,2
115,20130309,6,-75.70564,168.74108,300.130,34.71,-1.90,47.65,2,32.02,2,2.26,2,84.07,2,30.98,2
115,20130309,8,-75.70558,168.74076,250.215,34.69,-1.90,48.21,2,31.33,2,2.22,2,81.61,2,30.80,2
115,20130309,10,-75.70556,168.74045,200.312,34.66,-1.91,48.74,2,32.12,2,2.23,2,82.11,2,30.87,2
115,20130309,12,-75.70552,168.74018,149.749,34.64,-1.91,48.91,2,34.46,2,2.24,2,82.96,2,31.06,2
115,20130309,14,-75.70548,168.73981,80.099,34.57,-1.59,49.62,2,34.77,2,2.24,2,82.03,2,31.20,2
115,20130309,16,-75.70544,168.73958,40.119,34.44,-1.47,50.54,2,35.50,2,2.31,2,80.50,2,30.17,2
115,20130309,18,-75.70542,168.73936,14.537,34.21,-1.81,51.44,2,25.03,2,1.58,2,55.12,2,21.18,2
115,20130309,20,-75.70538,168.73930,1.092,34.20,-1.82,52.31,2,24.88,2,1.55,2,56.53,2,21.05,2
118,20130309,2,-76.50168,167.99880,749.770,34.76,-1.89,45.25,2,31.17,2,2.13,2,86.01,2,30.04,2
118,20130309,4,-76.50174,167.99881,700.064,34.75,-1.89,45.38,2,33.16,2,2.16,2,87.52,2,30.30,2
118,20130309,6,-76.50184,167.99886,600.335,34.73,-1.89,45.69,2,33.29,2,2.14,2,81.46,2,30.20,2
118,20130309,8,-76.50196,167.99890,500.477,34.72,-1.89,45.66,2,33.54,2,2.15,2,82.16,2,30.51,2
118,20130309,10,-76.50206,167.99896,400.123,34.71,-1.89,46.21,2,31.35,2,2.16,2,81.42,2,30.35,2
118,20130309,12,-76.50218,167.99902,300.023,34.68,-1.88,46.78,2,32.45,2,2.17,2,81.36,2,30.49,2
118,20130309,14,-76.50236,167.99908,150.132,34.63,-1.89,47.42,2,32.82,2,2.19,2,81.42,2,30.78,2
118,20130309,16,-76.50246,167.99912,75.499,34.53,-1.66,48.75,2,33.28,2,2.21,2,82.80,2,30.15,2
118,20130309,18,-76.50254,167.99912,25.133,34.23,-1.74,50.98,2,27.23,2,1.99,2,65.54,2,25.46,2
118,20130309,20,-76.50258,167.99914,2.326,34.22,-1.76,52.99,2,21.51,2,1.41,2,53.56,2,19.93,2
119,20130309,2,-76.50142,170.00375,705.892,34.74,-1.89,45.36,2,31.68,2,2.20,2,85.90,2,-999,5
119,20130309,4,-76.50144,170.00524,600.106,34.73,-1.89,46.52,2,31.74,2,2.19,2,81.75,2,30.38,2
119,20130309,6,-76.50150,170.00666,500.395,34.71,-1.90,46.48,2,32.05,2,2.18,2,82.00,2,30.58,2
119,20130309,8,-76.50154,170.00815,400.197,34.68,-1.89,46.77,2,31.13,2,2.22,2,80.63,2,30.76,2
119,20130309,10,-76.50158,170.00959,300.319,34.64,-1.91,47.78,2,31.44,2,2.18,2,81.22,2,30.98,2
119,20130309,12,-76.50162,170.01098,200.257,34.57,-1.84,47.91,2,31.74,2,2.19,2,81.01,2,30.86,2
119,20130309,14,-76.50166,170.01242,100.137,34.44,-1.54,48.57,2,32.10,2,2.22,2,80.04,2,29.68,2
119,20130309,16,-76.50168,170.01335,50.360,34.29,-1.72,49.38,2,28.79,2,1.90,2,72.06,2,24.79,2
119,20130309,18,-76.50168,170.01388,25.616,34.29,-1.73,50.87,2,24.66,2,1.62,2,64.72,2,21.91,2
119,20130309,20,-76.50168,170.01464,2.850,34.29,-1.74,51.23,2,24.47,2,1.56,2,64.72,2,22.21,2
120,20130310,2,-76.50255,172.02805,647.020,34.73,-1.89,45.80,2,34.73,2,2.30,2,88.49,2,30.41,2
120,20130310,4,-76.50268,172.02919,599.997,34.73,-1.89,45.44,2,33.04,2,2.22,2,86.72,2,30.85,2
120,20130310,6,-76.50286,172.03116,500.300,34.71,-1.90,46.57,2,31.72,2,2.17,2,83.15,2,30.80,2
120,20130310,8,-76.50306,172.03312,400.903,34.67,-1.90,46.95,2,32.61,2,2.24,2,81.71,2,30.56,2
120,20130310,10,-76.50326,172.03511,300.079,34.63,-1.91,47.26,2,31.50,2,2.21,2,82.71,2,31.17,2
120,20130310,12,-76.50346,172.03707,200.234,34.55,-1.72,47.39,2,33.01,2,2.29,2,83.12,2,30.59,2
120,20130310,14,-76.50367,172.03908,100.556,34.45,-1.50,48.33,2,31.72,2,2.24,2,80.20,2,29.85,2
120,20130310,16,-76.50382,172.04041,50.525,34.27,-1.53,50.24,2,26.30,2,1.78,2,66.35,2,22.69,2
120,20130310,18,-76.50392,172.04133,24.621,34.26,-1.66,51.72,2,24.65,2,1.64,2,63.07,2,21.79,2
120,20130310,20,-76.50400,172.04214,1.219,34.26,-1.66,52.54,2,25.24,2,1.51,2,63.51,2,21.82,2
121,20130310,2,-76.50042,174.00164,563.502,34.72,-1.89,45.63,2,34.43,2,2.25,2,85.42,2,30.47,2
121,20130310,4,-76.50054,174.00192,500.377,34.71,-1.90,45.21,2,33.19,2,2.24,2,82.56,2,30.35,2
121,20130310,6,-76.50072,174.00208,400.315,34.67,-1.93,46.55,2,34.88,2,2.19,2,82.49,2,30.58,2
121,20130310,8,-76.50089,174.00222,300.203,34.60,-1.88,47.03,2,34.00,2,2.22,2,83.18,2,30.56,2
121,20130310,10,-76.50100,174.00234,250.011,34.55,-1.76,47.63,2,34.55,2,2.22,2,82.61,2,30.19,2
121,20130310,12,-76.50114,174.00244,200.324,34.51,-1.66,48.11,2,33.72,2,2.24,2,82.34,2,31.38,2
121,20130310,14,-76.50124,174.00248,150.225,34.46,-1.55,48.56,2,35.56,2,2.21,2,81.38,2,30.99,2
121,20130310,16,-76.50132,174.00242,99.893,34.33,-1.67,49.02,2,28.79,2,1.82,2,70.77,2,24.71,2
121,20130310,18,-76.50134,174.00284,49.748,34.32,-1.70,49.87,2,29.23,2,1.77,2,68.84,2,24.40,2
121,20130310,20,-76.50136,174.00336,0.939,34.30,-1.74,51.57,2,27.87,2,1.83,2,69.27,2,24.15,2
122,20130310,2,-76.49868,176.00346,404.580,34.62,-1.91,45.81,2,32.77,2,2.18,2,85.96,2,31.01,2
122,20130310,4,-76.49856,176.00364,300.336,34.52,-1.69,46.33,2,33.81,2,2.17,2,82.98,2,30.86,2
122,20130310,6,-76.49850,176.00375,250.666,34.48,-1.32,47.30,2,34.24,2,2.09,2,84.79,2,30.98,2
122,20130310,8,-76.49842,176.00384,200.209,34.43,-1.49,47.63,2,32.49,2,2.10,2,81.88,2,30.95,2
122,20130310,10,-76.49836,176.00396,150.408,34.40,-1.66,48.12,2,33.47,2,2.05,2,79.90,2,30.92,2
122,20130310,12,-76.49830,176.00404,100.393,34.37,-1.49,48.59,2,32.13,2,2.12,2,79.31,2,30.44,2
122,20130310,14,-76.49826,176.00410,75.100,34.28,-1.68,49.51,2,27.95,2,1.69,2,69.00,2,24.62,2
122,20130310,16,-76.49822,176.00416,50.100,34.28,-1.69,50.22,2,29.07,2,1.73,2,67.65,2,23.70,2
122,20130310,18,-76.49816,176.00422,25.102,34.28,-1.69,51.02,2,28.87,2,1.67,2,68.80,2,24.55,2
122,20130310,20,-76.49812,176.00430,1.949,34.28,-1.69,51.54,2,28.40,2,1.70,2,69.95,2,24.68,2
123,20130310,2,-76.50094,178.02360,327.442,34.52,-1.77,46.33,2,32.00,2,2.16,2,83.20,2,30.62,2
123,20130310,4,-76.50081,178.02349,250.080,34.48,-1.51,47.21,2,32.73,2,2.09,2,83.19,2,30.87,2
123,20130310,6,-76.50074,178.02340,200.174,34.44,-1.50,47.89,2,33.23,2,2.10,2,82.02,2,30.56,2
123,20130310,8,-76.50066,178.02334,150.025,34.41,-1.61,48.24,2,33.26,2,2.09,2,80.16,2,30.59,2
123,20130310,10,-76.50058,178.02328,124.779,34.38,-1.51,48.55,2,29.53,2,1.94,2,73.75,2,26.16,2
123,20130310,12,-76.50054,178.02324,99.920,34.36,-1.44,48.75,2,30.69,2,1.85,2,71.41,2,24.44,2
123,20130310,14,-76.50048,178.02320,75.215,34.34,-1.65,49.09,2,27.14,2,1.73,2,70.08,2,24.87,2
123,20130310,16,-76.50042,178.02316,50.330,34.33,-1.75,49.67,2,20.77,7,1.74,2,68.92,2,24.30,2
123,20130310,18,-76.50036,178.02312,24.991,34.33,-1.75,50.36,2,28.23,2,1.75,2,68.68,2,24.54,2
123,20130310,20,-76.50030,178.02308,2.003,34.33,-1.75,52.33,2,27.19,2,1.73,2,68.85,2,24.06,2
124,20130311,2,-76.49864,-179.98842,323.463,34.58,-1.91,46.58,2,34.09,2,2.19,2,83.05,2,31.76,2
124,20130311,4,-76.49860,-179.98814,300.271,34.58,-1.91,47.36,2,34.96,2,2.26,2,83.57,2,31.58,2
124,20130311,6,-76.49854,-179.98778,250.245,34.53,-1.89,47.87,2,31.44,2,2.17,2,82.31,2,30.71,2
124,20130311,8,-76.49848,-179.98738,200.112,34.46,-1.64,48.55,2,33.63,2,2.23,2,81.68,2,30.49,2
124,20130311,10,-76.49842,-179.98704,174.808,34.44,-1.48,48.97,2,36.04,2,2.15,2,82.72,2,30.33,2
124,20130311,12,-76.49836,-179.98665,125.260,34.39,-1.47,49.44,2,34.22,2,2.15,2,80.89,2,29.47,2
124,20130311,14,-76.49832,-179.98632,100.152,34.31,-1.34,49.78,2,31.55,2,2.07,2,77.41,2,27.08,2
124,20130311,16,-76.49828,-179.98603,74.898,34.24,-1.61,50.32,2,25.82,2,1.73,2,64.57,2,22.35,2
124,20130311,18,-76.49822,-179.98566,40.441,34.11,-1.82,50.71,2,26.60,2,1.55,2,60.48,2,22.73,2
124,20130311,20,-76.49814,-179.98514,1.252,34.11,-1.81,51.96,2,28.80,2,1.64,2,59.44,2,22.76,2
125,20130311,2,-76.49604,-177.98716,579.450,34.71,-1.90,45.27,2,31.25,2,2.21,2,86.59,2,30.80,2
125,20130311,4,-76.49582,-177.98624,500.494,34.68,-1.94,45.66,2,33.40,2,2.21,2,84.02,2,31.24,2
125,20130311,6,-76.49559,-177.98522,399.919,34.60,-2.00,46.04,2,33.89,2,2.18,2,83.24,2,31.27,2
125,20130311,8,-76.49534,-177.98412,299.974,34.44,-1.48,46.55,2,35.05,2,2.12,2,84.17,2,30.53,2
125,20130311,10,-76.49508,-177.98298,200.083,34.37,-1.57,47.25,2,34.66,2,2.11,2,81.51,2,30.49,2
125,20130311,12,-76.49493,-177.98234,150.384,34.30,-1.40,47.68,2,32.73,2,2.28,2,80.90,2,29.87,2
125,20130311,14,-76.49478,-177.98174,100.117,34.17,-1.42,48.44,2,32.79,2,2.09,2,76.67,2,28.31,2
125,20130311,16,-76.49462,-177.98107,50.135,34.07,-1.79,49.65,2,24.27,2,1.82,2,62.80,2,24.05,2
125,20130311,18,-76.49450,-177.98052,24.823,34.05,-1.82,50.36,2,22.43,2,1.61,2,59.07,2,23.22,2
125,20130311,20,-76.49440,-177.98003,1.171,34.05,-1.81,51.79,2,25.65,2,1.74,2,57.99,2,23.50,2
127,20130311,2,-76.49850,-175.98050,533.967,34.71,-1.90,45.71,2,31.61,2,2.26,2,85.53,2,31.14,2
127,20130311,4,-76.49822,-175.98020,470.133,34.64,-2.00,46.75,2,32.36,2,2.20,2,82.34,2,30.87,2
127,20130311,6,-76.49784,-175.97982,350.268,34.44,-1.14,46.28,2,32.00,2,2.24,2,85.44,2,30.75,2
127,20130311,8,-76.49764,-175.97962,300.257,34.38,-1.57,46.87,2,35.17,2,2.20,2,81.18,2,30.55,2
127,20130311,10,-76.49732,-175.97930,200.475,34.32,-1.64,47.08,2,32.17,2,2.21,2,78.63,2,29.64,2
127,20130311,12,-76.49714,-175.97912,150.347,34.27,-1.59,47.97,2,32.94,2,2.18,2,77.83,2,29.74,2
127,20130311,14,-76.49692,-175.97890,100.526,34.19,-1.61,48.56,2,31.07,2,2.21,2,76.24,2,28.89,2
127,20130311,16,-76.49672,-175.97866,50.115,34.05,-1.77,49.38,2,26.90,2,1.88,2,67.61,2,24.83,2
127,20130311,18,-76.49658,-175.97850,25.048,34.05,-1.77,50.69,2,24.99,2,1.60,2,82.12,7,22.44,2
127,20130311,20,-76.49644,-175.97834,2.557,34.05,-1.78,51.66,2,23.45,2,1.50,2,61.24,2,21.62,2
128,20130311,2,-76.49765,-173.99358,484.809,34.69,-1.91,45.96,2,32.65,2,2.19,2,86.20,2,31.38,2
128,20130311,4,-76.49738,-173.99334,400.378,34.47,-1.33,47.78,2,32.43,2,2.23,2,89.00,2,31.14,2
128,20130311,6,-76.49708,-173.99309,300.249,34.38,-1.43,-999,5,31.49,5,2.18,2,84.77,2,30.83,2
128,20130311,8,-76.49696,-173.99300,280.310,34.36,-1.69,48.21,2,32.96,2,2.17,2,80.94,2,26.57,2
128,20130311,10,-76.49678,-173.99284,230.377,34.33,-1.62,48.20,2,32.95,2,2.16,2,80.73,2,30.73,2
128,20130311,12,-76.49662,-173.99270,180.200,34.29,-1.61,48.95,2,31.73,2,2.18,2,79.66,2,30.20,2
128,20130311,14,-76.49637,-173.99248,100.252,34.18,-1.54,-999,5,22.73,7,2.19,2,79.38,2,28.58,2
128,20130311,16,-76.49618,-173.99232,50.458,34.02,-1.79,49.71,2,29.90,2,1.89,2,66.27,2,25.45,2
128,20130311,18,-76.49604,-173.99220,24.956,34.02,-1.80,50.14,2,26.07,2,1.73,2,60.37,2,23.52,2
128,20130311,20,-76.49592,-173.99210,1.641,34.02,-1.80,50.98,2,26.80,2,1.70,2,59.29,2,22.47,2
130,20130312,2,-76.49536,-172.49126,463.436,34.57,-1.64,45.36,2,33.71,2,2.22,2,88.55,2,30.58,2
130,20130312,4,-76.49508,-172.49096,400.421,34.44,-0.76,45.87,2,33.53,2,2.15,2,-999,5,31.58,2
130,20130312,6,-76.49472,-172.49056,300.652,34.33,-1.43,46.64,2,33.59,2,2.10,2,84.34,2,30.47,2
130,20130312,8,-76.49450,-172.49032,250.352,34.26,-1.49,46.58,2,32.62,2,2.06,2,80.48,2,30.02,2
130,20130312,10,-76.49428,-172.49007,200.114,34.20,-1.54,47.03,2,34.57,2,2.11,2,81.06,2,28.35,2
130,20130312,12,-76.49406,-172.48985,150.317,34.14,-1.63,47.28,2,32.76,2,2.06,2,79.21,2,29.74,2
130,20130312,14,-76.49386,-172.48966,100.257,34.10,-1.71,47.75,2,32.51,2,2.00,2,76.31,2,29.35,2
130,20130312,16,-76.49364,-172.48944,50.054,33.95,-1.83,48.68,2,29.64,2,1.76,2,63.65,2,26.65,2
130,20130312,18,-76.49346,-172.48926,24.600,33.95,-1.83,49.74,2,28.00,2,1.75,2,62.80,2,26.63,2
130,20130312,20,-76.49328,-172.48908,1.221,33.95,-1.83,50.23,2,30.57,2,1.74,2,63.50,2,26.95,2
131,20130313,2,-78.64296,-164.00502,345.330,34.21,-2.08,45.32,2,33.54,2,2.12,2,81.27,2,30.00,2
131,20130313,4,-78.64296,-164.00502,316.395,34.21,-1.92,45.89,2,31.93,2,2.18,2,80.28,2,29.43,2
131,20130313,6,-78.64296,-164.00498,289.677,34.19,-1.92,46.45,2,32.14,2,2.14,2,80.24,2,28.69,2
131,20130313,8,-78.64296,-164.00498,250.183,34.16,-1.82,47.02,2,32.64,2,2.12,2,79.02,2,28.18,2
131,20130313,10,-78.64296,-164.00496,200.337,34.11,-1.83,47.36,2,34.60,2,2.14,2,80.15,2,28.44,2
131,20130313,12,-78.64296,-164.00496,150.231,34.07,-1.87,47.64,2,33.37,2,2.13,2,81.08,2,27.79,2
131,20130313,14,-78.64296,-164.00496,100.141,34.02,-1.85,48.11,2,27.64,2,2.10,2,80.48,2,26.66,2
131,20130313,16,-78.64296,-164.00496,50.116,34.01,-1.84,48.65,2,31.43,2,2.15,2,79.71,2,26.77,2
131,20130313,18,-78.64296,-164.00496,24.647,33.97,-1.77,49.23,2,27.21,2,1.94,2,79.64,2,27.59,2
131,20130313,20,-78.64296,-164.00496,1.320,33.93,-1.79,50.75,2,31.76,2,1.94,2,79.61,2,26.44,2
133,20130316,2,-76.91516,-157.84643,265.196,34.06,-1.79,44.47,2,32.28,2,2.18,2,83.26,2,30.90,2
133,20130316,4,-76.91514,-157.84668,250.554,34.06,-1.79,45.27,2,32.12,2,2.19,2,82.68,2,30.41,2
133,20130316,6,-76.91510,-157.84714,199.917,34.05,-1.74,45.22,2,32.20,2,2.22,2,83.81,2,30.86,2
133,20130316,8,-76.91506,-157.84750,149.848,34.03,-1.61,45.95,2,33.98,2,2.22,2,83.90,2,30.89,2
133,20130316,10,-76.91504,-157.84790,99.588,34.00,-1.65,47.61,2,35.06,2,2.14,2,84.59,2,31.18,2
133,20130316,12,-76.91502,-157.84814,74.909,33.98,-1.60,48.28,2,33.30,2,2.27,2,85.09,2,30.93,2
133,20130316,14,-76.91500,-157.84842,49.652,33.95,-1.52,48.67,2,32.38,2,2.24,2,85.85,2,30.48,2
133,20130316,16,-76.91498,-157.84871,24.382,33.61,-1.47,49.21,2,30.69,2,2.11,2,82.77,2,29.22,2
133,20130316,18,-76.91496,-157.84890,6.557,33.40,-1.70,50.34,2,28.90,2,2.02,2,79.65,2,26.94,2
133,20130316,20,-76.91496,-157.84900,1.279,33.41,-1.69,50.61,2,29.08,2,2.08,2,79.43,2,25.34,2
134,20130316,2,-76.29162,-158.41736,1689.546,34.71,0.75,41.47,2,34.50,2,2.31,2,121.00,2,30.25,2
134,20130316,4,-76.29142,-158.41686,1400.288,34.71,0.85,42.58,2,34.64,2,2.28,2,116.93,2,31.36,2
134,20130316,6,-76.29122,-158.41640,1100.941,34.72,1.01,43.64,2,33.81,2,2.25,2,113.39,2,31.16,2
134,20130316,8,-76.29100,-158.41590,799.965,34.73,1.27,44.26,2,33.59,2,2.28,2,107.40,2,31.15,2
134,20130316,10,-76.29080,-158.41547,549.910,34.69,1.52,44.96,2,33.74,2,2.30,2,94.04,2,31.46,2
134,20130316,12,-76.29064,-158.41504,300.037,34.12,-1.55,45.35,2,32.38,2,2.18,2,85.65,2,31.18,2
134,20130316,14,-76.29056,-158.41484,199.786,34.09,-1.80,46.30,2,32.70,2,2.12,2,83.81,2,30.52,2
134,20130316,16,-76.29048,-158.41466,100.348,34.06,-1.82,49.51,2,31.12,2,2.19,2,81.47,2,30.86,2
134,20130316,18,-76.29040,-158.41446,22.412,33.83,-1.85,50.76,2,28.16,2,2.11,2,79.29,2,28.77,2
134,20130316,20,-76.29036,-158.41440,1.003,33.83,-1.83,51.43,2,29.23,2,2.11,2,79.67,2,29.06,2
135,20130318,2,-76.52716,-165.77249,466.317,34.36,-1.83,44.44,2,30.64,2,2.19,2,87.09,2,30.25,2
135,20130318,4,-76.52722,-165.77201,450.519,34.35,-1.85,44.46,2,31.85,2,2.22,2,86.07,2,30.56,2
135,20130318,6,-76.52730,-165.77132,400.327,34.31,-1.79,44.72,2,33.50,2,2.15,2,83.69,2,30.88,2
135,20130318,8,-76.52746,-165.77060,300.102,34.25,-1.77,45.66,2,31.91,2,2.09,2,80.20,2,30.37,2
135,20130318,10,-76.52762,-165.76984,199.908,34.20,-1.68,46.21,2,31.93,2,2.17,2,79.25,2,30.05,2
135,20130318,12,-76.52774,-165.76920,119.238,34.15,-1.70,47.65,2,31.11,2,2.14,2,79.13,2,30.79,2
135,20130318,14,-76.52780,-165.76888,99.747,34.13,-1.70,48.32,2,31.72,2,2.14,2,77.97,2,27.01,2
135,20130318,16,-76.52786,-165.76858,74.953,34.11,-1.69,49.66,2,31.11,2,2.12,2,76.38,2,28.85,2
135,20130318,18,-76.52794,-165.76816,24.384,33.78,-1.82,50.33,2,28.96,2,1.96,2,71.67,2,27.33,2
135,20130318,20,-76.52801,-165.76788,0.548,33.75,-1.83,51.21,2,28.54,2,1.79,2,65.95,2,26.10,2
