Cast,Date,Time,ISO_Date_Time,Latitude,Longitude,Depth,Niskin,Sample_Num,Filt_vol,Chl_C3,Chl_lide,MgDvp,Chl_C2,Chl_C1,Peridinin,Ph_ide,But19,Fuco,Neo,Prasino,Viola,Hex19,DD,cis_Fuco,Allo,Diato,Monad,Zeax,Lutein,Croco,Chl_b,Chlorophyll_c2_MGDG,Chlorophyll_a_allomer,DV_Chl_a,Chl_a,Ph_tin,a_Car,b_Car,Total_Chl_a
CTD_2,20130212,2311,2013-02-12T23:11:00.00Z,-77.166500,168.332917,5.0,18,1,1.075,207,103,30,420,0,10,16,22,218,0,63,0,2168,95,55,6,11,15,0,0,4,0,273,17,0,1246,26,0,6,1366
CTD_2,20130212,2311,2013-02-12T23:11:00.00Z,-77.166500,168.332917,50.0,17,2,1.875,114,72,22,247,0,13,14,22,188,0,31,0,1090,45,38,3,5,9,0,0,3,0,163,5,0,733,19,0,6,809
CTD_2,20130212,2311,2013-02-12T23:11:00.00Z,-77.166500,168.332917,99.5,16,3,2.120,59,42,9,98,0,4,7,13,84,0,0,0,533,15,15,1,3,7,0,3,0,0,77,0,0,333,12,0,0,375
CTD_3,20130213,0600,2013-02-13T06:00:00.00Z,-76.416667,167.933333,2.0,20,1,1.060,428,842,178,1465,29,117,397,72,2412,3,23,3,472,402,696,2,93,20,0,0,7,0,39,109,0,2018,204,0,87,2969
CTD_3,20130213,0600,2013-02-13T06:00:00.00Z,-76.416667,167.933333,20.0,18,2,1.060,394,588,173,1294,25,92,278,64,2057,2,24,2,447,331,598,2,80,17,0,0,8,0,55,106,0,2370,155,0,70,3064
CTD_3,20130213,0600,2013-02-13T06:00:00.00Z,-76.416667,167.933333,40.0,16,3,1.060,154,189,43,454,8,48,68,36,876,1,9,0,231,87,230,2,21,6,0,0,3,0,18,47,0,1274,56,0,19,1510
CTD_4,20130213,2022,2013-02-13T20:22:00.00Z,-74.999200,167.118000,4.9,20,1,1.060,485,573,0,1937,0,69,432,79,3811,8,18,5,341,784,1010,25,148,322,0,0,9,0,11,69,0,3674,285,0,111,4316
CTD_4,20130213,2022,2013-02-13T20:22:00.00Z,-74.999200,167.118000,15.0,18,2,1.060,363,648,104,1744,44,124,0,43,2376,0,31,3,203,487,640,18,62,194,0,0,9,0,11,41,0,1325,218,0,71,2014
CTD_4,20130213,2022,2013-02-13T20:22:00.00Z,-74.999200,167.118000,25.0,16,3,1.060,154,135,31,470,0,72,64,49,920,3,12,0,188,93,239,4,23,9,0,0,0,0,11,40,0,1394,68,0,18,1569
CTD_5,20130214,0055,2013-02-14T00:55:00.00Z,-74.907500,165.811667,1.8,20,1,1.060,283,236,107,1085,20,137,639,64,1918,7,6,5,76,437,411,3,39,109,0,0,5,0,24,14,0,1657,129,0,85,1907
CTD_5,20130214,0055,2013-02-14T00:55:00.00Z,-74.907500,165.811667,14.0,18,2,1.060,253,236,112,1084,0,190,652,55,1744,9,8,0,72,382,386,4,33,106,0,0,4,0,26,13,0,1407,113,56,0,1655
CTD_5,20130214,0055,2013-02-14T00:55:00.00Z,-74.907500,165.811667,60.0,16,3,1.060,108,142,35,392,0,233,167,29,811,16,0,0,49,93,153,0,6,43,0,0,0,0,22,13,0,987,58,9,0,1142
CTD_5,20130214,0055,2013-02-14T00:55:00.00Z,-74.907500,165.811667,100.0,14,4,1.060,13,62,0,98,0,110,37,17,187,7,7,0,67,20,30,0,0,0,0,0,0,0,28,1,0,312,22,0,0,375
CTD_6,20130214,0841,2013-02-14T08:41:00.00Z,-74.099333,165.095167,0.0,20,1,1.060,292,453,91,849,18,171,0,54,1384,0,24,2,101,272,386,1,28,110,0,0,6,0,13,25,0,775,69,0,37,1253
CTD_6,20130214,0841,2013-02-14T08:41:00.00Z,-74.099333,165.095167,30.0,18,2,1.060,77,160,43,303,0,179,105,18,671,0,26,0,59,85,171,0,27,0,0,0,0,0,17,19,0,897,43,0,10,1075
CTD_6,20130214,0841,2013-02-14T08:41:00.00Z,-74.099333,165.095167,60.0,16,3,1.060,46,105,18,149,0,117,40,16,327,0,20,0,81,44,73,3,15,0,0,0,0,0,2,15,0,456,27,0,1,576
CTD_6,20130214,0841,2013-02-14T08:41:00.00Z,-74.099333,165.095167,75.0,14,4,1.060,94,74,0,75,0,51,19,38,127,0,17,0,124,11,24,2,5,0,0,0,0,0,0,29,0,283,18,0,0,385
CTD_6,20130214,0841,2013-02-14T08:41:00.00Z,-74.099333,165.095167,139.0,12,5,2.120,34,32,0,40,0,0,3,31,63,0,13,0,209,6,16,1,2,0,0,0,0,0,0,39,0,195,9,0,0,266
CTD_7,20130214,1712,2013-02-14T17:12:00.00Z,-75.696533,165.862517,5.0,20,1,1.060,112,0,73,532,0,247,216,0,1082,0,36,0,35,137,0,2,39,0,0,0,5,0,0,0,0,1207,57,0,27,1207
CTD_7,20130214,1712,2013-02-14T17:12:00.00Z,-75.696533,165.862517,15.0,18,2,1.060,21,0,24,167,0,48,39,0,391,0,0,0,13,28,0,0,12,0,0,0,0,0,0,0,0,465,17,0,0,465
CTD_7,20130214,1712,2013-02-14T17:12:00.00Z,-75.696533,165.862517,30.0,16,3,1.060,6,0,0,88,0,12,10,0,184,0,0,0,17,9,0,3,4,0,0,0,0,0,0,0,0,266,9,0,0,266
CTD_7,20130214,1712,2013-02-14T17:12:00.00Z,-75.696533,165.862517,81.0,14,4,1.060,9,0,0,49,0,8,6,0,121,0,0,0,11,4,0,0,1,0,0,0,0,0,0,0,0,170,5,0,0,170
CTD_7,20130214,1712,2013-02-14T17:12:00.00Z,-75.696533,165.862517,141.0,12,5,2.120,26,0,0,85,0,18,12,0,211,1,0,0,16,16,0,2,4,0,0,0,0,0,0,0,0,308,16,0,0,308
CTD_8,20130214,2019,2013-02-14T20:19:00.00Z,-75.725433,166.834083,10.0,4,1,0.500,139,172,88,1709,0,371,289,0,543,0,41,0,119,201,160,4,49,0,0,0,0,0,2,22,0,324,60,0,4,519
CTD_8,20130214,2019,2013-02-14T20:19:00.00Z,-75.725433,166.834083,20.0,2,2,0.500,14,121,0,131,0,45,21,26,253,0,0,0,78,17,39,0,4,0,0,3,0,0,0,5,0,406,13,0,0,532
CTD_9,20130215,2206,2013-02-15T22:06:00.00Z,-76.933400,169.250483,2.1,1,1,1.060,67,90,36,340,0,15,38,39,590,1,0,0,794,105,54,0,20,25,0,0,4,0,97,6,0,972,57,0,8,1069
CTD_9,20130215,2206,2013-02-15T22:06:00.00Z,-76.933400,169.250483,25.0,2,2,1.060,109,87,41,311,0,18,39,34,587,0,0,0,578,93,50,0,14,17,0,0,3,0,71,3,0,904,37,0,6,994
CTD_9,20130215,2206,2013-02-15T22:06:00.00Z,-76.933400,169.250483,50.0,3,3,1.060,64,94,41,320,0,17,39,30,599,0,0,0,637,84,47,0,14,15,0,0,0,0,81,4,0,888,50,0,5,986
CTD_9,20130215,2206,2013-02-15T22:06:00.00Z,-76.933400,169.250483,100.0,4,4,1.060,41,81,22,221,0,29,28,23,471,0,0,0,374,54,33,0,0,16,0,0,0,0,44,2,0,683,31,0,2,766
CTD_10,20130216,0324,2013-02-16T03:24:00.00Z,-76.500000,172.000000,100.0,13,6,1.060,79,57,0,76,0,0,6,35,55,0,20,0,506,9,10,0,2,6,0,3,0,0,0,67,0,292,18,0,0,416
CTD_10,20130216,0324,2013-02-16T03:24:00.00Z,-76.500000,172.000000,80.0,14,7,1.060,96,132,27,299,0,11,22,24,469,0,11,0,539,69,109,0,11,20,0,0,0,0,7,85,0,720,27,0,1,937
CTD_10,20130216,0324,2013-02-16T03:24:00.00Z,-76.500000,172.000000,50.0,16,8,1.060,122,101,26,293,0,7,19,23,436,0,5,0,569,63,101,0,10,18,0,0,0,0,0,78,0,761,24,0,0,940
CTD_10,20130216,0324,2013-02-16T03:24:00.00Z,-76.500000,172.000000,25.0,18,9,1.060,109,118,26,326,0,9,24,25,455,0,7,0,769,93,112,0,16,24,0,0,0,0,0,105,0,847,29,0,3,1070
CTD_10,20130216,0324,2013-02-16T03:24:00.00Z,-76.500000,172.000000,2.0,20,10,1.060,120,134,23,328,0,5,20,33,416,0,11,0,968,105,111,0,19,27,0,0,3,0,2,134,0,847,38,0,4,1115
CTD_12,20130216,1853,2013-02-16T18:53:00.00Z,-76.033000,177.999067,90.0,14,7,1.060,78,71,11,141,0,0,8,20,137,0,12,0,512,26,28,0,3,5,0,0,0,0,0,73,0,410,17,0,0,555
CTD_12,20130216,1853,2013-02-16T18:53:00.00Z,-76.033000,177.999067,50.0,16,8,1.060,109,128,28,298,0,11,19,28,365,0,8,0,755,75,90,4,10,18,0,0,0,0,0,122,0,788,28,0,3,1038
CTD_12,20130216,1853,2013-02-16T18:53:00.00Z,-76.033000,177.999067,25.0,18,9,1.060,118,176,27,325,0,10,18,29,388,0,7,0,780,89,95,0,11,20,0,0,0,0,0,138,0,780,26,0,4,1094
CTD_12,20130216,1853,2013-02-16T18:53:00.00Z,-76.033000,177.999067,3.5,20,10,1.060,123,209,28,332,0,9,23,28,378,0,7,0,803,95,97,0,11,11,0,0,3,0,0,140,0,697,36,0,4,1045
CTD_18,20130218,0115,2013-02-18T01:15:00.00Z,-75.645883,166.895717,100.0,10,5,1.060,2,0,0,19,0,0,6,0,20,0,0,0,17,0,0,0,0,0,0,0,0,0,0,0,0,44,3,0,4,44
CTD_18,20130218,0115,2013-02-18T01:15:00.00Z,-75.645883,166.895717,55.0,12,6,1.060,7,57,0,58,0,31,16,12,123,0,0,0,33,8,18,0,0,0,0,0,0,0,0,0,0,197,11,0,0,255
CTD_18,20130218,0115,2013-02-18T01:15:00.00Z,-75.645883,166.895717,20.0,14,7,0.500,10,117,0,97,0,38,23,32,194,0,5,0,108,10,20,0,0,14,0,0,0,0,12,0,0,337,20,0,0,453
CTD_18,20130218,0115,2013-02-18T01:15:00.00Z,-75.645883,166.895717,15.0,16,8,0.500,93,208,46,543,0,29,107,29,878,0,24,0,115,183,186,0,16,58,0,0,0,0,17,0,0,1098,42,0,0,1307
CTD_18,20130218,0115,2013-02-18T01:15:00.00Z,-75.645883,166.895717,10.0,18,9,0.500,297,398,108,1471,26,43,409,50,2051,2,8,0,170,550,524,7,78,204,0,0,11,0,24,4,0,2256,113,0,39,2658
CTD_18,20130218,0115,2013-02-18T01:15:00.00Z,-75.645883,166.895717,1.5,20,10,0.500,430,907,158,2378,43,63,786,68,3201,5,13,2,242,875,889,6,147,378,0,0,20,0,39,14,0,2374,200,0,74,3295
CTD_19,20130218,0340,2013-02-18T03:40:00.00Z,-75.433333,167.366667,100.0,10,5,1.060,12,0,0,34,0,3,9,15,45,0,3,0,85,1,0,0,0,0,0,0,0,0,8,0,0,100,8,0,0,100
CTD_19,20130218,0340,2013-02-18T03:40:00.00Z,-75.433333,167.366667,50.0,12,6,1.060,19,0,0,34,0,30,8,19,80,3,5,0,102,3,5,0,4,0,0,0,0,0,11,0,0,164,15,0,0,164
CTD_19,20130218,0340,2013-02-18T03:40:00.00Z,-75.433333,167.366667,25.0,14,7,0.500,21,130,0,109,0,34,23,0,236,0,0,0,112,10,23,0,0,0,0,15,0,0,13,0,0,375,19,0,0,505
CTD_19,20130218,0340,2013-02-18T03:40:00.00Z,-75.433333,167.366667,15.0,16,8,0.500,233,532,145,1648,0,130,510,46,1758,8,9,0,186,639,351,11,54,132,0,0,9,0,30,4,0,1197,78,0,40,1734
CTD_19,20130218,0340,2013-02-18T03:40:00.00Z,-75.433333,167.366667,10.0,18,9,0.500,414,712,197,2394,0,88,886,73,2821,9,11,1,247,939,549,15,208,174,0,0,16,0,43,6,0,2057,174,0,79,2775
CTD_19,20130218,0340,2013-02-18T03:40:00.00Z,-75.433333,167.366667,1.0,20,10,0.500,450,721,188,2523,0,83,898,73,3122,9,10,1,264,974,604,17,239,178,0,0,17,0,45,6,0,2341,201,0,86,3068
CTD_23,20130218,2010,2013-02-18T20:10:00.00Z,-75.457733,169.000000,50.0,14,7,0.500,9,0,0,57,0,28,15,0,45,0,0,0,75,0,0,0,0,0,0,0,0,0,0,0,0,108,9,0,0,108
CTD_23,20130218,2010,2013-02-18T20:10:00.00Z,-75.457733,169.000000,25.0,16,8,0.500,146,228,57,668,0,61,149,29,1083,8,12,0,213,175,179,1,17,44,0,0,0,0,25,0,0,1251,54,0,0,1479
CTD_23,20130218,2010,2013-02-18T20:10:00.00Z,-75.457733,169.000000,10.0,18,9,0.500,397,586,114,2179,0,76,692,60,2442,9,10,1,387,746,473,15,137,139,0,0,19,0,51,9,0,2025,164,0,61,2619
CTD_23,20130218,2010,2013-02-18T20:10:00.00Z,-75.457733,169.000000,4.3,20,10,0.500,407,680,124,2191,0,56,710,61,2639,6,11,2,424,766,503,12,161,137,0,0,20,0,62,0,0,2071,172,42,0,2751
CTD_24,20130218,2321,2013-02-18T23:21:00.00Z,-75.750000,168.996667,30.0,14,7,0.500,99,0,0,361,0,74,63,0,658,9,16,0,238,81,0,1,16,0,0,0,0,0,0,0,0,840,37,0,0,840
CTD_24,20130218,2321,2013-02-18T23:21:00.00Z,-75.750000,168.996667,20.0,16,8,0.500,300,0,70,1496,21,87,409,0,1986,7,12,0,216,449,0,5,67,120,0,0,10,0,0,0,0,1704,91,0,32,1704
CTD_24,20130218,2321,2013-02-18T23:21:00.00Z,-75.750000,168.996667,10.0,18,9,0.500,515,0,0,2879,0,123,845,0,3494,8,12,4,266,927,0,19,326,271,0,6,8,0,0,0,0,2490,180,0,101,2490
CTD_24,20130218,2321,2013-02-18T23:21:00.00Z,-75.750000,168.996667,5.0,20,10,0.500,562,0,114,2956,47,92,947,0,3770,6,11,5,273,990,0,14,325,271,0,0,6,0,0,0,0,2677,203,0,95,2677
CTD_25,20130219,0300,2013-02-19T03:00:00.00Z,-75.583333,167.916667,50.0,12,6,0.500,4,0,0,54,0,8,14,0,67,0,0,0,71,0,0,0,0,0,0,0,0,0,0,0,0,126,7,0,0,126
CTD_25,20130219,0300,2013-02-19T03:00:00.00Z,-75.583333,167.916667,30.0,14,7,0.500,289,572,0,1504,0,190,459,46,2004,10,11,0,181,417,339,2,36,81,0,0,6,0,18,0,0,1437,91,0,32,2008
CTD_25,20130219,0300,2013-02-19T03:00:00.00Z,-75.583333,167.916667,20.0,16,8,0.500,510,733,168,2824,0,136,1009,82,3621,13,13,1,247,922,679,18,98,170,0,0,14,0,42,0,0,2665,205,0,80,3399
CTD_25,20130219,0300,2013-02-19T03:00:00.00Z,-75.583333,167.916667,10.0,18,9,0.500,597,874,162,3331,0,119,1190,105,4172,13,14,6,299,1295,783,28,185,212,0,0,8,0,48,0,0,2933,257,0,116,3807
CTD_25,20130219,0300,2013-02-19T03:00:00.00Z,-75.583333,167.916667,4.0,20,10,0.500,602,948,133,3311,51,102,1220,99,4200,12,12,8,293,1376,844,30,231,260,0,3,14,0,54,0,0,2872,253,0,121,3819
CTD_26,20130219,0649,2013-02-19T06:49:00.00Z,-75.416667,166.766667,30.0,14,7,0.500,18,0,0,65,0,1,14,0,95,0,0,0,85,0,6,0,0,0,0,0,0,0,6,0,0,175,10,0,0,175
CTD_26,20130219,0649,2013-02-19T06:49:00.00Z,-75.416667,166.766667,20.0,16,8,0.500,26,131,0,146,0,29,28,30,232,0,6,0,100,17,28,0,6,0,0,0,0,0,13,0,0,367,19,0,0,498
CTD_26,20130219,0649,2013-02-19T06:49:00.00Z,-75.416667,166.766667,10.0,18,9,0.500,247,333,118,1298,29,77,378,47,1252,4,10,0,164,384,323,5,83,0,0,4,6,0,28,0,0,1222,83,0,24,1555
CTD_26,20130219,0649,2013-02-19T06:49:00.00Z,-75.416667,166.766667,1.0,20,10,0.500,327,354,154,1903,44,108,634,81,2002,5,14,0,234,618,545,13,56,269,0,0,10,0,52,7,0,1707,189,0,50,2068
CTD_28,20130220,0714,2013-02-20T07:14:00.00Z,-74.940000,164.226667,40.0,16,8,1.060,163,0,64,604,0,198,246,0,1119,0,31,0,38,195,0,1,61,0,0,0,4,0,0,0,0,1202,68,0,28,1202
CTD_28,20130220,0714,2013-02-20T07:14:00.00Z,-74.940000,164.226667,20.0,18,9,1.060,227,0,83,841,0,260,371,0,1444,0,35,4,58,321,0,3,87,20,0,0,5,0,0,0,0,1437,95,0,46,1437
CTD_28,20130220,0714,2013-02-20T07:14:00.00Z,-74.940000,164.226667,2.5,20,10,1.060,235,0,73,781,0,237,392,0,1420,0,29,4,57,334,0,3,88,20,0,1,5,0,0,0,0,1309,95,0,43,1309
CTD_29,20130220,1830,2013-02-20T18:30:00.00Z,-74.833250,164.477533,50.0,16,8,1.060,179,289,81,645,0,195,302,37,1327,13,0,1,45,208,258,3,47,0,0,1,3,0,15,10,0,1318,61,0,41,1616
CTD_29,20130220,1830,2013-02-20T18:30:00.00Z,-74.833250,164.477533,24.0,18,9,1.060,198,421,119,811,0,170,389,45,1549,3,20,4,53,298,325,4,56,0,0,3,3,0,16,14,0,1302,83,0,63,1737
CTD_29,20130220,1830,2013-02-20T18:30:00.00Z,-74.833250,164.477533,5.0,20,10,1.060,203,329,94,812,0,157,364,45,1653,14,0,5,62,347,345,5,58,21,0,5,4,0,28,22,0,1750,96,0,72,2100
CTD_30,20130220,2359,2013-02-20T23:59:00.00Z,-75.200000,164.233333,50.0,16,8,1.060,160,256,83,603,0,240,282,26,1150,0,30,2,38,207,263,1,57,0,0,0,4,0,11,16,0,1183,53,0,31,1455
CTD_30,20130220,2359,2013-02-20T23:59:00.00Z,-75.200000,164.233333,25.0,18,9,1.060,162,299,78,599,0,249,296,29,1175,12,0,2,38,226,261,2,58,0,0,2,4,0,10,11,0,1061,55,0,35,1372
CTD_30,20130220,2359,2013-02-20T23:59:00.00Z,-75.200000,164.233333,3.0,20,10,1.060,184,212,79,620,0,241,272,28,1333,0,33,4,46,254,284,2,58,0,0,0,4,0,11,13,0,1434,81,0,40,1659
CTD_33,20130221,1801,2013-02-21T18:01:00.00Z,-75.183333,164.216667,200.0,2,1,1.060,0,0,0,36,3,11,16,0,49,0,0,0,20,8,9,0,0,0,0,0,0,0,0,0,0,53,0,0,0,53
CTD_33,20130221,1801,2013-02-21T18:01:00.00Z,-75.183333,164.216667,160.0,4,2,1.060,0,0,1,11,0,1,3,14,34,0,0,0,31,0,2,0,0,0,0,0,6,0,14,4,0,78,0,0,0,82
CTD_33,20130221,1801,2013-02-21T18:01:00.00Z,-75.183333,164.216667,100.0,8,4,1.060,0,0,22,77,3,75,35,0,263,0,0,0,39,32,54,4,3,27,21,0,8,0,29,10,0,357,13,0,6,366
CTD_33,20130221,1801,2013-02-21T18:01:00.00Z,-75.183333,164.216667,80.0,10,5,1.060,28,0,86,276,0,159,140,0,641,0,0,0,19,95,169,1,5,36,0,0,11,0,19,33,0,809,36,0,21,841
CTD_33,20130221,1801,2013-02-21T18:01:00.00Z,-75.183333,164.216667,60.0,12,6,1.060,25,0,84,332,4,186,169,0,760,0,0,0,37,124,214,0,10,48,0,0,17,0,31,32,0,938,39,0,26,970
CTD_33,20130221,1801,2013-02-21T18:01:00.00Z,-75.183333,164.216667,40.0,14,7,1.060,25,0,102,353,0,198,192,25,845,0,0,0,28,143,227,1,13,54,0,2,11,0,36,37,0,952,45,0,29,989
CTD_33,20130221,1801,2013-02-21T18:01:00.00Z,-75.183333,164.216667,30.0,16,8,1.060,28,0,100,351,0,178,191,0,833,0,0,0,29,135,225,0,12,49,0,2,18,0,23,40,0,990,44,0,30,1030
CTD_33,20130221,1801,2013-02-21T18:01:00.00Z,-75.183333,164.216667,20.0,18,9,1.060,3,0,91,340,0,189,194,23,887,2,0,0,35,156,242,0,14,65,4,2,8,0,28,37,0,987,52,0,41,1024
CTD_33,20130221,1801,2013-02-21T18:01:00.00Z,-75.183333,164.216667,4.8,20,10,1.060,17,0,87,299,0,164,167,23,829,1,0,0,27,144,222,7,13,58,0,0,11,0,25,30,0,972,47,0,35,1002
CTD_34,20130222,0959,2013-02-22T09:59:00.00Z,-75.183333,164.000000,50.0,16,8,1.060,154,228,80,593,0,192,294,26,1109,0,26,2,43,272,244,0,24,96,0,0,5,0,9,14,0,1209,56,0,31,1450
CTD_34,20130222,0959,2013-02-22T09:59:00.00Z,-75.183333,164.000000,25.0,18,9,1.060,124,181,79,489,0,200,223,21,951,0,32,0,31,185,207,0,15,80,0,0,3,0,6,12,0,1068,51,0,22,1261
CTD_34,20130222,0959,2013-02-22T09:59:00.00Z,-75.183333,164.000000,3.0,20,10,1.060,359,162,76,475,0,163,217,25,921,0,26,1,37,206,204,0,19,77,0,0,3,0,6,11,0,1072,52,0,20,1245
CTD_35,20130222,1233,2013-02-22T12:33:00.00Z,-75.166667,163.933333,100.0,2,1,1.060,13,0,0,91,0,62,28,0,175,1,0,0,26,17,0,0,5,0,0,0,0,0,0,0,0,268,11,0,0,268
CTD_35,20130222,1233,2013-02-22T12:33:00.00Z,-75.166667,163.933333,50.0,4,2,1.060,116,0,68,444,0,169,184,0,874,6,0,0,21,158,0,0,35,0,0,0,3,0,0,0,0,1102,48,0,21,1102
CTD_35,20130222,1233,2013-02-22T12:33:00.00Z,-75.166667,163.933333,25.0,6,3,1.060,143,0,69,568,0,175,257,0,1048,11,0,1,38,236,0,0,45,0,0,0,4,0,0,0,0,1264,57,0,29,1264
CTD_35,20130222,1233,2013-02-22T12:33:00.00Z,-75.166667,163.933333,3.0,8,4,1.060,148,0,74,562,7,177,266,0,1081,13,0,2,42,249,0,1,53,10,0,0,4,0,0,0,0,1160,59,0,34,1160
CTD_37,20130222,1804,2013-02-22T18:04:00.00Z,-75.116667,163.900000,100.0,14,7,1.060,5,56,0,34,0,21,14,16,66,0,0,0,38,4,5,0,0,0,0,0,0,0,5,0,0,121,4,0,0,176
CTD_37,20130222,1804,2013-02-22T18:04:00.00Z,-75.116667,163.900000,50.0,16,8,1.060,117,131,59,378,0,157,189,17,699,13,0,0,27,106,156,2,7,66,0,0,3,0,7,4,0,839,40,10,0,974
CTD_37,20130222,1804,2013-02-22T18:04:00.00Z,-75.116667,163.900000,25.0,18,9,1.060,115,152,67,457,0,219,244,17,876,13,0,0,28,122,201,0,8,69,0,0,4,0,17,11,0,1036,56,15,0,1199
CTD_37,20130222,1804,2013-02-22T18:04:00.00Z,-75.116667,163.900000,3.0,20,10,1.060,178,183,76,649,0,215,385,32,1251,16,6,0,51,273,291,2,22,123,0,0,4,0,13,11,0,1245,92,29,0,1439
CTD_38,20130222,2109,2013-02-22T21:09:00.00Z,-75.084233,163.952800,50.0,4,2,1.060,167,228,83,528,0,143,212,24,1032,0,30,1,43,181,207,1,15,84,0,0,3,0,9,11,0,1171,50,0,30,1410
CTD_38,20130222,2109,2013-02-22T21:09:00.00Z,-75.084233,163.952800,25.0,6,3,1.060,141,181,74,532,0,213,219,15,1113,3,30,0,34,168,239,1,13,85,0,0,3,0,6,12,0,1328,62,0,28,1521
CTD_38,20130222,2109,2013-02-22T21:09:00.00Z,-75.084233,163.952800,3.0,8,4,1.060,171,199,60,606,0,163,270,32,1313,8,0,2,54,327,275,1,30,110,0,0,5,0,11,11,0,1451,76,0,44,1661
CTD_39,20130223,0156,2013-02-23T01:56:00.00Z,-75.050000,164.033333,70.0,14,7,1.060,8,56,0,31,0,13,11,12,48,0,0,0,26,2,5,0,0,0,0,0,0,0,0,0,0,83,2,0,0,139
CTD_39,20130223,0156,2013-02-23T01:56:00.00Z,-75.050000,164.033333,40.0,16,8,1.060,84,138,38,304,0,90,107,23,621,7,0,0,33,91,160,3,7,55,0,0,3,0,4,5,0,805,29,0,10,948
CTD_39,20130223,0156,2013-02-23T01:56:00.00Z,-75.050000,164.033333,25.0,18,9,1.060,127,182,60,452,0,108,204,26,799,9,3,0,42,194,217,8,59,0,0,0,4,0,8,10,0,977,39,0,17,1169
CTD_39,20130223,0156,2013-02-23T01:56:00.00Z,-75.050000,164.033333,1.0,20,10,1.060,153,196,70,547,0,116,278,0,0,9,5,0,67,297,283,13,81,0,0,0,7,0,13,13,0,1130,56,0,25,1339
CTD_44,20130223,1805,2013-02-23T18:05:00.00Z,-75.200000,164.200000,50.0,16,8,1.060,162,228,58,485,0,227,231,28,1015,2,28,0,43,151,197,1,0,0,0,0,3,0,6,7,0,1111,46,0,27,1346
CTD_44,20130223,1805,2013-02-23T18:05:00.00Z,-75.200000,164.200000,25.0,18,9,1.060,155,207,58,516,0,179,237,33,1059,3,25,0,41,185,209,0,15,86,0,0,4,0,6,8,0,1196,53,0,34,1411
CTD_44,20130223,1805,2013-02-23T18:05:00.00Z,-75.200000,164.200000,3.0,20,10,1.060,153,214,63,521,0,139,224,34,1071,14,0,3,52,237,210,1,21,81,0,0,4,0,9,10,0,1248,57,0,37,1473
CTD_46,20130224,0020,2013-02-24T00:20:00.00Z,-75.196667,164.200000,50.0,4,2,1.060,103,145,46,332,0,206,141,18,657,3,31,0,36,101,126,1,35,0,0,0,0,0,6,5,0,793,33,0,14,944
CTD_46,20130224,0020,2013-02-24T00:20:00.00Z,-75.196667,164.200000,25.0,6,3,1.060,150,215,87,636,0,181,279,30,1157,0,31,3,50,248,243,0,48,0,0,0,5,0,15,12,0,1266,63,0,39,1494
CTD_46,20130224,0020,2013-02-24T00:20:00.00Z,-75.196667,164.200000,0.5,8,4,1.060,155,229,60,611,0,146,262,30,1346,8,0,3,46,306,296,0,56,14,0,0,5,0,16,12,0,1405,76,0,41,1646
CTD_48,20130224,0605,2013-02-24T06:05:00.00Z,-75.183333,164.233333,50.0,16,9,1.060,160,176,39,394,0,164,156,26,862,3,0,0,41,127,151,0,41,0,0,0,3,0,19,5,0,1029,41,0,23,1209
CTD_48,20130224,0605,2013-02-24T06:05:00.00Z,-75.183333,164.233333,25.0,18,10,1.060,184,196,55,503,0,159,186,30,1115,3,28,0,56,167,204,2,49,0,0,4,4,0,10,7,0,1366,55,0,34,1570
CTD_48,20130224,0605,2013-02-24T06:05:00.00Z,-75.183333,164.233333,3.0,20,11,1.060,163,267,99,756,0,149,293,33,1562,0,28,4,52,369,305,15,50,14,0,0,5,0,18,19,0,1779,78,0,50,2066
CTD_49,20130224,0904,2013-02-24T09:04:00.00Z,-75.195833,164.228333,50.0,4,2,1.060,111,151,20,345,7,137,131,16,633,9,0,0,26,95,139,0,36,0,0,0,0,0,7,7,0,761,36,0,12,919
CTD_49,20130224,0904,2013-02-24T09:04:00.00Z,-75.195833,164.228333,25.0,6,3,1.060,199,293,92,785,0,189,358,39,1369,0,30,3,63,327,323,3,77,14,0,0,4,0,13,10,0,1245,70,0,49,1548
CTD_49,20130224,0904,2013-02-24T09:04:00.00Z,-75.195833,164.228333,1.7-2.5,8,4,1.060,199,239,104,780,10,165,298,18,1437,11,0,3,59,344,382,2,91,13,0,0,3,0,17,20,0,1653,84,0,49,1912
CTD_50,20130224,2134,2013-02-24T21:34:00.00Z,-75.595600,167.992633,65.0,16,8,1.060,11,58,0,41,0,31,12,12,81,3,4,0,39,6,2,0,0,0,0,0,0,0,2,0,0,122,6,0,0,180
CTD_50,20130224,2134,2013-02-24T21:34:00.00Z,-75.595600,167.992633,30.0,18,9,1.060,259,463,83,1298,19,67,567,40,1753,6,9,1,128,555,313,11,48,88,0,0,6,0,22,3,0,1164,118,38,0,1630
CTD_50,20130224,2134,2013-02-24T21:34:00.00Z,-75.595600,167.992633,1.0,20,10,1.060,351,542,106,1657,34,55,637,56,2488,6,10,2,180,829,447,12,84,121,0,0,3,0,32,0,0,1961,182,54,0,2502
CTD_51,20130225,0101,2013-02-25T01:01:00.00Z,-75.412500,169.011667,40.0,16,8,1.060,29,83,0,94,0,71,24,15,193,0,0,0,62,19,26,0,6,0,0,0,0,0,12,0,0,224,11,0,0,307
CTD_51,20130225,0101,2013-02-25T01:01:00.00Z,-75.412500,169.011667,15.0,18,9,0.700,62,167,17,286,0,11,43,20,417,0,0,0,195,72,72,0,9,19,0,0,0,0,28,2,0,449,0,0,0,618
CTD_51,20130225,0101,2013-02-25T01:01:00.00Z,-75.412500,169.011667,1.0,20,10,0.750,38,142,7,329,0,42,97,0,259,0,0,0,124,114,47,0,11,24,0,0,0,0,28,13,0,253,0,0,0,408
CTD_51,20130225,0101,2013-02-25T01:01:00.00Z,-75.412500,169.011667,1.0,20,10,0.750,36,139,4,234,0,0,50,0,363,0,0,0,57,100,57,0,11,11,0,0,0,0,0,0,0,343,0,0,0,482
CTD_52,20130225,0358,2013-02-25T03:58:00.00Z,-75.083333,169.348333,30.0,14,7,0.500,176,371,28,739,0,55,144,30,937,0,0,0,331,190,161,0,22,17,0,0,0,0,55,9,0,974,25,0,0,1354
CTD_52,20130225,0358,2013-02-25T03:58:00.00Z,-75.083333,169.348333,20.0,16,8,0.500,191,419,0,892,0,27,224,36,1021,0,0,0,305,284,179,0,32,46,0,0,8,0,55,16,0,997,50,0,2,1433
CTD_52,20130225,0358,2013-02-25T03:58:00.00Z,-75.083333,169.348333,10.0,18,9,0.500,274,561,0,1646,25,58,646,20,1338,0,0,0,208,628,287,1,61,147,0,0,5,0,34,12,0,1147,64,0,31,1720
CTD_52,20130225,0358,2013-02-25T03:58:00.00Z,-75.083333,169.348333,1.5,20,10,0.360,109,380,0,530,0,0,99,0,789,0,0,0,104,212,111,0,24,32,0,0,0,0,51,0,0,709,0,0,0,1088
CTD_53,20130225,8:52,2013-02-25T08:00:00.00Z,-74.800000,169.383333,30.0,14,7,0.500,465,803,174,2052,21,79,658,56,3223,0,7,0,272,762,630,0,80,186,0,0,17,0,75,0,0,2744,193,0,69,3547
CTD_53,20130225,8:52,2013-02-25T08:00:00.00Z,-74.800000,169.383333,20.0,16,8,0.500,410,616,148,1883,27,72,547,55,2789,0,0,0,227,754,547,8,99,158,0,0,17,0,67,0,0,2820,169,0,58,3436
CTD_53,20130225,8:52,2013-02-25T08:00:00.00Z,-74.800000,169.383333,10.0,18,9,0.500,384,668,154,1807,19,51,542,48,2712,0,0,0,219,742,539,9,88,152,0,0,30,0,110,0,0,2433,151,0,52,3101
CTD_53,20130225,8:52,2013-02-25T08:00:00.00Z,-74.800000,169.383333,1.4,20,10,0.500,408,700,147,1875,19,53,526,47,2902,0,5,0,244,778,588,6,81,171,0,0,23,0,74,0,0,2687,184,0,73,3386
CTD_55,20130225,1802,2013-02-25T18:02:00.00Z,-74.176133,169.554667,90.0,14,7,1.060,58,113,7,159,0,56,60,21,325,0,2,0,80,43,48,0,3,52,0,0,0,0,13,1,0,370,22,0,0,484
CTD_55,20130225,1802,2013-02-25T18:02:00.00Z,-74.176133,169.554667,40.0,16,8,1.060,215,322,33,789,0,241,349,50,1299,3,4,0,97,216,248,9,16,269,0,2,14,0,48,24,0,1106,89,0,45,1452
CTD_55,20130225,1802,2013-02-25T18:02:00.00Z,-74.176133,169.554667,20.0,18,9,1.060,313,613,70,1043,9,202,533,79,2087,4,7,0,154,406,381,5,30,326,0,1,8,0,51,27,0,1279,174,0,75,1919
CTD_55,20130225,1802,2013-02-25T18:02:00.00Z,-74.176133,169.554667,2.5,20,10,1.060,462,807,137,1519,0,287,748,118,2784,6,7,2,194,664,535,11,54,340,0,2,33,0,80,45,0,1950,202,1,126,2802
CTD_56,20130226,0051,2013-02-26T00:51:00.00Z,-73.915000,170.425000,50.0,16,8,0.970,43,101,0,100,0,80,36,46,234,0,0,0,0,29,29,0,0,50,0,0,0,0,21,0,0,291,9,0,0,392
CTD_56,20130226,0051,2013-02-26T00:51:00.00Z,-73.915000,170.425000,20.0,18,9,0.560,43,0,0,0,0,88,204,0,1881,0,0,0,183,396,348,5,0,334,13,33,15,0,91,10,0,1424,71,0,63,1435
CTD_56,20130226,0051,2013-02-26T00:51:00.00Z,-73.915000,170.425000,1.0,20,10,0.630,97,348,0,559,0,169,174,70,1075,1,7,0,158,240,185,0,12,154,0,0,7,0,35,16,0,1144,58,0,25,1508
CTD_57,20130226,0627,2013-02-26T06:27:00.00Z,-74.163333,170.413333,28.0,18,9,1.060,222,275,65,734,13,175,325,37,1322,1,5,0,126,241,290,9,20,164,0,1,8,0,54,0,0,1209,89,0,36,1484
CTD_57,20130226,0627,2013-02-26T06:27:00.00Z,-74.163333,170.413333,1.0,20,10,1.060,265,620,130,1100,11,125,569,62,2022,4,7,1,196,533,409,12,45,197,0,0,13,0,53,5,0,1017,157,0,59,1643
CTD_58,20130226,1811,2013-02-26T18:11:00.00Z,-74.159767,169.818183,50.0,16,8,0.474,56,176,5,206,0,40,59,0,397,0,0,0,85,51,43,10,0,39,0,0,20,0,87,0,0,510,20,0,0,686
CTD_58,20130226,1811,2013-02-26T18:11:00.00Z,-74.159767,169.818183,25.0,18,9,0.390,145,422,0,573,0,62,123,60,1181,0,0,0,215,207,167,0,15,84,0,0,0,0,51,0,0,1232,62,0,16,1654
CTD_58,20130226,1811,2013-02-26T18:11:00.00Z,-74.159767,169.818183,3.0,20,10,0.345,158,269,0,599,0,128,140,55,1353,0,0,0,135,219,201,5,13,181,0,0,0,0,46,0,0,1675,63,0,11,1944
CTD_63,20130227,0317,2013-02-27T03:17:00.00Z,-74.161667,169.501667,79.5,16,8,1.060,37,0,5,107,0,45,35,21,249,0,0,0,44,29,30,0,0,39,0,0,0,0,10,0,0,313,19,0,0,313
CTD_63,20130227,0317,2013-02-27T03:17:00.00Z,-74.161667,169.501667,65.0,17,9,1.060,67,174,13,208,0,81,78,23,450,1,0,0,42,60,75,3,4,83,0,0,10,0,13,6,0,514,40,0,1,694
CTD_63,20130227,0317,2013-02-27T03:17:00.00Z,-74.161667,169.501667,50.0,18,10,1.060,118,239,0,377,0,159,122,29,776,2,0,0,54,109,137,5,7,176,0,0,14,0,32,19,0,841,47,0,17,1099
CTD_63,20130227,0317,2013-02-27T03:17:00.00Z,-74.161667,169.501667,20.0,19,11,1.060,274,346,52,816,7,298,288,56,1626,4,4,0,90,220,320,11,18,267,0,2,7,0,52,44,0,1802,130,0,45,2192
CTD_63,20130227,0317,2013-02-27T03:17:00.00Z,-74.161667,169.501667,1.3,20,12,1.060,350,378,68,1036,0,278,379,77,1939,3,5,0,125,320,378,8,25,243,0,1,10,0,68,52,0,2225,150,0,74,2655
CTD_66,20130227,1911,2013-02-27T19:11:00.00Z,-74.056367,169.681100,70.0,16,8,1.060,136,123,0,407,0,112,108,43,740,4,32,0,100,119,170,5,10,171,0,0,0,0,16,9,0,1102,57,0,15,1235
CTD_66,20130227,1911,2013-02-27T19:11:00.00Z,-74.056367,169.681100,30.0,18,9,1.060,331,218,58,1084,0,189,337,91,1975,11,38,26,255,353,492,19,29,535,0,4,3,0,41,17,0,2483,207,0,65,2717
CTD_66,20130227,1911,2013-02-27T19:11:00.00Z,-74.056367,169.681100,2.0,20,10,1.060,377,316,87,1169,25,233,443,114,2219,9,48,7,239,467,567,13,38,526,0,2,3,0,49,20,0,2514,202,0,92,2850
CTD_70,20130228,0734,2013-02-28T07:34:00.00Z,-74.915000,170.153333,300.0,6,3,4.650,13,24,0,23,0,14,13,10,61,0,0,0,20,11,11,1,6,0,0,0,0,0,5,0,0,71,4,0,0,95
CTD_70,20130228,0734,2013-02-28T07:34:00.00Z,-74.915000,170.153333,200.0,10,5,4.650,11,19,0,28,0,42,11,16,68,0,2,0,63,11,13,3,8,0,0,0,0,0,10,0,0,111,8,0,1,130
CTD_70,20130228,0734,2013-02-28T07:34:00.00Z,-74.915000,170.153333,100.0,14,7,4.650,18,20,0,25,0,31,12,15,63,0,1,0,42,9,11,1,10,4,0,0,0,0,8,0,0,102,8,0,1,122
CTD_70,20130228,0734,2013-02-28T07:34:00.00Z,-74.915000,170.153333,40.0,16,8,1.060,347,546,0,932,0,287,367,65,2096,6,7,0,192,362,457,5,168,62,22,1,9,0,64,15,0,1921,132,0,62,2481
CTD_70,20130228,0734,2013-02-28T07:34:00.00Z,-74.915000,170.153333,20.0,18,9,1.060,286,616,6,910,0,256,386,66,1861,5,7,0,208,380,384,6,126,63,12,0,5,0,52,14,0,1398,115,0,55,2028
CTD_70,20130228,0734,2013-02-28T07:34:00.00Z,-74.915000,170.153333,1.0,20,10,1.060,295,351,41,924,8,231,333,80,1866,6,8,0,232,398,411,6,106,112,0,0,10,0,69,14,0,1934,125,0,56,2299
CTD_73,20130228,1905,2013-02-28T19:05:00.00Z,-73.865733,170.359200,40.0,16,8,1.060,131,156,2,299,0,45,58,28,750,0,0,0,109,76,148,2,25,17,0,0,4,0,32,0,0,973,46,0,10,1129
CTD_73,20130228,1905,2013-02-28T19:05:00.00Z,-73.865733,170.359200,20.0,18,9,1.060,299,548,17,844,0,141,274,54,1837,2,5,0,241,337,419,5,50,91,5,0,19,0,66,11,0,1626,125,0,51,2185
CTD_73,20130228,1905,2013-02-28T19:05:00.00Z,-73.865733,170.359200,1.7,20,10,1.060,300,460,26,876,0,152,270,56,1981,3,5,0,235,385,449,5,58,101,3,0,5,0,73,0,0,1836,141,0,57,2296
CTD_74,20130301,0319,2013-03-01T03:19:00.00Z,-74.176667,169.858333,20.0,18,9,1.060,199,229,49,654,0,253,237,72,1388,4,4,0,151,263,176,12,22,295,0,0,8,0,43,17,0,1603,82,0,45,1850
CTD_74,20130301,0319,2013-03-01T03:19:00.00Z,-74.176667,169.858333,1.0,20,10,1.060,209,338,61,654,0,218,267,73,1403,3,5,0,199,286,178,2,26,202,0,0,7,0,40,12,0,1359,74,0,43,1709
CTD_75,20130301,0544,2013-03-01T05:44:00.00Z,-74.166667,169.608333,35.0,18,9,1.060,113,247,0,306,0,246,121,46,789,4,0,0,57,124,151,13,173,28,0,0,0,0,9,5,0,719,48,0,16,970
CTD_75,20130301,0544,2013-03-01T05:44:00.00Z,-74.166667,169.608333,1.0,20,10,1.060,219,412,11,648,0,268,295,71,1473,4,5,0,144,262,312,9,95,41,8,0,5,0,34,21,0,1311,79,0,41,1744
CTD_76,20130301,1946,2013-03-01T19:46:00.00Z,-74.633083,174.494683,30.0,18,9,1.060,66,78,0,173,0,4,14,44,380,0,0,0,144,43,68,0,9,0,0,0,0,0,19,0,0,548,11,0,0,627
CTD_76,20130301,1946,2013-03-01T19:46:00.00Z,-74.633083,174.494683,2.5,20,10,1.060,44,86,3,147,4,0,9,93,293,0,0,0,216,98,57,11,14,7,0,0,6,0,40,0,0,565,12,0,16,652
CTD_77,20130301,2242,2013-03-01T22:42:00.00Z,-74.533467,173.535167,60.0,16,8,1.060,91,132,0,210,0,10,23,0,438,0,0,0,266,38,53,3,5,9,0,0,7,0,55,0,0,568,48,0,0,700
CTD_77,20130301,2242,2013-03-01T22:42:00.00Z,-74.533467,173.535167,30.0,18,9,1.060,111,175,11,381,0,11,42,0,729,0,0,0,230,150,108,2,19,12,0,0,4,0,30,0,0,866,37,0,12,1041
CTD_77,20130301,2242,2013-03-01T22:42:00.00Z,-74.533467,173.535167,2.0,20,10,1.060,77,133,16,255,0,0,28,0,472,0,0,0,232,110,69,5,17,11,0,0,6,0,52,0,0,649,34,0,7,782
CTD_78,20130302,0359,2013-03-02T03:59:00.00Z,-74.383333,172.466667,30.0,18,9,1.060,129,154,39,413,0,12,45,28,749,0,4,0,523,154,80,0,14,8,0,0,13,0,88,0,0,961,35,0,9,1115
CTD_78,20130302,0359,2013-03-02T03:59:00.00Z,-74.383333,172.466667,1.5,20,10,1.060,125,204,27,406,0,3,44,31,739,0,3,0,508,188,82,0,21,9,0,0,8,0,89,0,0,915,31,0,10,1119
CTD_79,20130302,0641,2013-03-02T06:41:00.00Z,-74.266667,171.450000,40.0,18,9,1.060,192,255,55,650,0,32,132,48,1242,0,3,0,233,250,139,3,23,22,0,0,5,0,44,0,0,1247,73,0,22,1503
CTD_79,20130302,0641,2013-03-02T06:41:00.00Z,-74.266667,171.450000,1.3,20,10,1.060,174,387,53,655,0,30,142,54,1246,0,3,0,274,269,132,10,23,18,0,0,5,0,43,0,0,1047,72,0,23,1435
CTD_80,20130302,2030,2013-03-02T20:30:00.00Z,-75.749800,168.999517,60.0,16,8,1.060,11,0,0,23,0,5,7,13,52,0,3,0,81,0,0,0,0,7,0,0,0,0,7,0,0,80,6,0,0,80
CTD_80,20130302,2030,2013-03-02T20:30:00.00Z,-75.749800,168.999517,15.0,18,9,1.060,282,421,99,1259,11,52,541,34,1956,1,4,2,204,611,230,8,49,49,0,0,3,0,34,0,0,1314,105,0,51,1735
CTD_80,20130302,2030,2013-03-02T20:30:00.00Z,-75.749800,168.999517,3.0,20,10,1.060,341,845,115,1440,13,64,535,43,2580,0,6,3,264,723,262,9,56,47,0,0,10,0,69,0,0,1164,125,0,65,2009
CTD_81,20130302,0237,2013-03-02T02:37:00.00Z,-75.776667,169.131667,60.0,16,8,1.060,10,0,0,20,0,22,8,0,42,0,0,0,52,0,0,0,0,0,0,0,0,0,10,0,0,64,4,0,0,64
CTD_81,20130302,0237,2013-03-02T02:37:00.00Z,-75.776667,169.131667,15.0,18,9,1.060,321,398,105,1513,0,74,575,39,2179,1,5,1,232,694,303,3,60,67,0,0,15,0,77,0,0,1764,143,0,60,2162
CTD_81,20130302,0237,2013-03-02T02:37:00.00Z,-75.776667,169.131667,4.0,20,10,1.060,354,788,98,1601,0,63,621,44,2638,2,7,2,273,784,345,14,71,72,12,0,23,0,103,0,0,1324,174,0,71,2112
CTD_82,20130303,0706,2013-03-03T07:06:00.00Z,-75.765000,169.048333,60.0,16,8,1.060,9,0,0,21,0,14,5,0,37,0,0,0,55,0,0,0,0,0,0,0,17,0,6,0,0,56,2,0,0,56
CTD_82,20130303,0706,2013-03-03T07:06:00.00Z,-75.765000,169.048333,14.0,18,9,1.060,240,382,90,1047,10,38,408,32,1630,0,4,0,230,530,209,1,44,41,0,0,18,0,64,0,0,1258,92,0,38,1640
CTD_82,20130303,0706,2013-03-03T07:06:00.00Z,-75.765000,169.048333,2.0,20,10,1.060,318,771,93,1387,0,48,593,43,2379,0,6,1,288,723,279,8,63,53,0,0,15,0,81,0,0,1150,139,0,57,1921
CTD_85,20130303,1906,2013-03-03T19:06:00.00Z,-75.753033,168.759183,70.0,12,7,1.060,5,0,0,43,0,5,19,0,71,0,0,0,32,2,0,0,0,0,0,0,0,0,2,0,0,92,7,0,0,92
CTD_85,20130303,1906,2013-03-03T19:06:00.00Z,-75.753033,168.759183,20.0,14;16,9,1.060,251,491,101,1243,12,78,0,0,1518,1,4,1,197,609,190,7,46,49,0,0,11,0,38,0,0,681,75,0,45,1172
CTD_85,20130303,1906,2013-03-03T19:06:00.00Z,-75.753033,168.759183,10.0,18,10,1.060,251,509,97,1139,13,43,498,33,1618,1,4,1,192,566,193,6,49,40,0,0,9,0,59,0,0,808,83,0,43,1317
CTD_85,20130303,1906,2013-03-03T19:06:00.00Z,-75.753033,168.759183,2.5,20,11,1.060,359,858,93,1613,0,64,691,47,2640,2,6,2,285,822,280,4,63,54,0,0,10,0,70,0,0,945,149,0,73,1803
CTD_86,20130303,2318,2013-03-03T23:18:00.00Z,-75.755833,168.596667,60.0,16,8,0.474,29,0,0,62,0,4,23,0,108,0,0,0,65,1,0,0,0,0,0,14,0,0,0,0,0,118,0,0,0,118
CTD_86,20130303,2318,2013-03-03T23:18:00.00Z,-75.755833,168.596667,15.0,18,9,0.390,653,1540,269,2947,35,106,1159,0,4469,0,10,0,457,1280,906,14,101,261,0,0,28,0,74,0,0,2183,260,0,83,3722
CTD_86,20130303,2318,2013-03-03T23:18:00.00Z,-75.755833,168.596667,1.0,20,10,0.345,1188,2271,415,5100,65,285,1693,0,8212,43,70,32,1171,2306,1882,123,405,790,123,76,288,0,413,171,0,6494,787,8,248,8936
CTD_88,20130304,0344,2013-03-04T03:44:00.00Z,-75.779167,168.560000,60.0,16,8,1.060,3,0,0,20,0,4,9,0,46,0,0,0,35,0,0,0,0,0,0,0,0,0,2,0,0,54,0,0,0,54
CTD_88,20130304,0344,2013-03-04T03:44:00.00Z,-75.779167,168.560000,15.0,18,9,1.060,344,698,129,1508,13,58,552,0,2387,1,6,1,233,682,415,9,58,90,0,0,16,0,54,0,0,1419,173,0,66,2117
CTD_88,20130304,0344,2013-03-04T03:44:00.00Z,-75.779167,168.560000,1.0,20,10,1.060,387,718,114,1698,13,68,670,0,2633,0,6,1,275,757,465,6,75,111,0,0,24,0,75,0,0,1567,207,0,67,2285
CTD_89,20130304,0705,2013-03-04T07:05:00.00Z,-75.780000,168.503333,60.0,16,8,1.060,12,59,0,28,0,13,9,0,44,0,0,0,61,0,0,0,0,0,0,0,0,0,3,0,0,61,2,0,0,119
CTD_89,20130304,0705,2013-03-04T07:05:00.00Z,-75.780000,168.503333,15.0,18,9,1.060,194,494,74,896,0,50,343,29,1434,0,4,0,170,399,177,4,33,22,0,0,7,0,41,0,0,717,68,0,26,1211
CTD_89,20130304,0705,2013-03-04T07:05:00.00Z,-75.780000,168.503333,1.0,20,10,1.060,355,553,116,1491,11,49,434,42,2656,1,6,0,280,710,314,9,75,58,0,0,12,0,81,0,0,2278,151,0,71,2831
CTD_92,20130304,1906,2013-03-04T19:06:00.00Z,-75.780000,168.503333,60.0,16,8,1.060,17,58,0,31,0,46,10,8,61,0,0,0,58,1,3,0,6,0,0,0,0,0,5,0,0,94,7,0,0,152
CTD_92,20130304,1906,2013-03-04T19:06:00.00Z,-75.780000,168.503333,15.0,18,9,1.060,320,623,16,1271,5,59,515,38,1972,0,6,0,274,572,428,21,55,145,0,0,13,0,74,0,0,1254,131,0,53,1877
CTD_92,20130304,1906,2013-03-04T19:06:00.00Z,-75.780000,168.503333,1.0,20,10,1.060,359,800,0,1439,0,59,699,34,2371,0,5,0,266,677,520,3,64,179,0,0,11,0,66,0,0,885,197,0,67,1685
CTD_93,20130304,2310,2013-03-04T23:10:00.00Z,-75.736667,168.163333,100.0,14,7,1.060,14,0,0,21,0,1,6,0,47,0,0,0,39,0,0,0,0,0,0,0,0,0,6,0,0,60,7,0,0,60
CTD_93,20130304,2310,2013-03-04T23:10:00.00Z,-75.736667,168.163333,60.0,16,8,1.060,6,0,0,19,0,20,6,0,46,0,0,0,53,0,0,0,0,10,0,5,0,0,6,0,0,71,9,0,0,71
CTD_93,20130304,2310,2013-03-04T23:10:00.00Z,-75.736667,168.163333,15.0,18,9,1.060,272,503,91,1288,14,68,579,0,1697,0,6,1,231,540,372,8,44,138,0,12,8,0,42,0,0,795,124,0,45,1299
CTD_93,20130304,2310,2013-03-04T23:10:00.00Z,-75.736667,168.163333,1.0,20,10,1.060,292,579,96,1326,15,59,665,0,1951,1,7,1,235,574,391,8,45,119,0,15,23,0,83,0,0,727,214,0,58,1306
CTD_94,20130305,0159,2013-03-05T01:59:00.00Z,-75.746667,168.228333,150.0,1,1,1.060,7,0,0,19,0,0,7,0,49,0,0,0,33,0,0,0,0,0,0,0,0,0,2,0,0,63,0,0,0,63
CTD_94,20130305,0159,2013-03-05T01:59:00.00Z,-75.746667,168.228333,50.0,5,2,1.060,8,0,0,28,0,9,11,0,72,0,0,0,56,2,2,0,0,0,0,0,0,0,6,0,0,98,0,0,0,98
CTD_94,20130305,0159,2013-03-05T01:59:00.00Z,-75.746667,168.228333,38.0,7,3,1.060,71,159,0,221,0,31,48,0,453,0,3,0,101,54,70,1,5,19,0,1,0,0,32,0,0,456,29,0,1,615
CTD_94,20130305,0159,2013-03-05T01:59:00.00Z,-75.746667,168.228333,26.0,11,4,1.060,263,586,74,1161,10,58,516,0,1797,0,4,0,155,447,326,6,38,80,0,11,6,0,30,0,0,666,150,0,39,1251
CTD_94,20130305,0159,2013-03-05T01:59:00.00Z,-75.746667,168.228333,23.0,12,5,1.060,273,630,97,1332,14,63,588,0,1830,2,7,0,208,541,356,8,52,106,0,13,7,0,39,0,0,744,145,0,45,1374
CTD_94,20130305,0159,2013-03-05T01:59:00.00Z,-75.746667,168.228333,20.0,13,6,1.060,271,411,96,1253,16,54,518,0,1680,0,4,0,223,502,326,2,46,101,0,11,6,0,38,0,0,1127,124,0,39,1538
CTD_94,20130305,0159,2013-03-05T01:59:00.00Z,-75.746667,168.228333,17.0,14,7,1.060,361,553,119,1640,17,81,643,0,2161,1,7,0,292,656,421,9,60,141,0,1,32,0,75,0,0,1564,155,0,55,2117
CTD_94,20130305,0159,2013-03-05T01:59:00.00Z,-75.746667,168.228333,14.0,15,8,1.060,387,697,99,1700,0,69,596,0,2472,1,6,0,305,676,482,7,71,136,0,0,26,0,65,11,0,1762,175,0,56,2470
CTD_94,20130305,0159,2013-03-05T01:59:00.00Z,-75.746667,168.228333,11.0,16,9,1.060,339,565,113,1470,19,69,529,0,2107,0,7,0,293,586,432,8,71,131,0,0,21,0,90,0,0,1605,160,0,52,2170
CTD_94,20130305,0159,2013-03-05T01:59:00.00Z,-75.746667,168.228333,5.0,17,10,1.060,334,564,111,1424,19,62,448,0,2101,0,6,0,300,573,397,7,72,106,0,0,9,0,51,0,0,1697,135,0,43,2262
CTD_94,20130305,0159,2013-03-05T01:59:00.00Z,-75.746667,168.228333,2.0,18,11,1.060,283,621,103,1365,17,62,585,0,1785,0,6,0,266,559,335,8,59,102,0,1,18,0,71,0,0,814,107,0,42,1435
CTD_94,20130305,0159,2013-03-05T01:59:00.00Z,-75.746667,168.228333,1.0,19,12,1.060,355,734,110,1717,0,79,763,0,2073,0,6,0,272,673,402,8,58,135,0,3,31,0,61,27,0,921,131,0,64,1683
CTD_99,20130305,1924,2013-03-05T19:24:00.00Z,-75.195733,164.189983,90.0,16,8,1.060,36,146,19,171,0,104,80,0,394,1,0,0,22,44,67,0,0,41,0,0,0,0,11,4,0,381,15,0,2,531
CTD_99,20130305,1924,2013-03-05T19:24:00.00Z,-75.195733,164.189983,35.0,18,9,1.060,70,310,50,419,0,119,208,0,904,0,0,0,47,118,189,2,8,73,0,12,8,0,14,8,0,791,56,0,19,1109
CTD_99,20130305,1924,2013-03-05T19:24:00.00Z,-75.195733,164.189983,5.0,20,10,1.060,60,345,44,363,4,92,220,0,819,0,0,0,38,114,171,5,8,60,0,0,10,0,7,1,0,585,55,0,17,932
CTD_100,20130305,2208,2013-03-05T22:08:00.00Z,-75.195700,164.187433,300.0,6,1,1.060,3,0,0,17,0,7,10,0,47,0,0,0,0,0,0,1,0,0,0,0,0,0,0,0,0,53,3,0,0,53
CTD_100,20130305,2208,2013-03-05T22:08:00.00Z,-75.195700,164.187433,250.0,8,2,1.060,2,0,0,23,0,24,15,0,65,0,0,0,12,2,1,0,0,8,0,2,0,0,0,0,0,72,5,0,0,72
CTD_100,20130305,2208,2013-03-05T22:08:00.00Z,-75.195700,164.187433,200.0,10,3,1.060,6,0,0,30,0,29,18,0,84,0,0,0,23,4,2,0,0,9,0,1,0,0,9,0,0,96,6,0,0,96
CTD_100,20130305,2208,2013-03-05T22:08:00.00Z,-75.195700,164.187433,100.0,14,4,1.060,23,105,12,113,0,92,63,0,290,1,0,0,21,29,30,0,0,32,0,5,0,0,12,2,0,296,20,0,0,404
CTD_100,20130305,2208,2013-03-05T22:08:00.00Z,-75.195700,164.187433,75.0,15,5,1.060,32,98,22,168,0,110,69,0,435,0,0,0,23,45,56,0,2,41,0,1,0,0,10,7,0,499,33,0,2,604
CTD_100,20130305,2208,2013-03-05T22:08:00.00Z,-75.195700,164.187433,50.0,16,6,1.060,63,224,0,372,0,143,161,0,859,0,0,0,27,96,135,2,6,56,0,14,3,0,10,12,0,823,64,0,17,1059
CTD_100,20130305,2208,2013-03-05T22:08:00.00Z,-75.195700,164.187433,35.0,17,7,1.060,60,300,54,372,16,105,169,0,806,0,0,0,43,106,164,3,7,56,0,6,7,0,13,10,0,761,46,0,14,1070
CTD_100,20130305,2208,2013-03-05T22:08:00.00Z,-75.195700,164.187433,25.0,18,8,1.060,53,269,55,331,24,101,154,0,718,0,0,0,46,94,145,2,6,53,0,4,4,0,12,5,0,645,29,0,12,919
CTD_100,20130305,2208,2013-03-05T22:08:00.00Z,-75.195700,164.187433,10.0,19,9,1.060,57,222,50,349,0,98,160,0,753,0,0,0,39,100,141,10,8,51,0,2,11,0,14,9,0,805,52,0,15,1036
CTD_100,20130305,2208,2013-03-05T22:08:00.00Z,-75.195700,164.187433,3.5,10,10,1.060,57,163,51,341,15,96,168,0,781,0,0,0,40,107,147,3,8,53,0,0,4,0,29,10,0,885,68,0,14,1057
CTD_101,20130306,2031,2013-03-06T20:31:00.00Z,-74.955000,164.215000,150.0,12,6,1.060,25,104,13,116,0,88,64,0,299,0,0,0,31,36,38,0,0,28,0,9,0,0,2,0,0,312,15,0,0,416
CTD_101,20130306,2031,2013-03-06T20:31:00.00Z,-74.955000,164.215000,100.0,14,7,1.060,81,138,40,366,13,98,169,0,857,0,0,0,67,137,163,7,10,60,0,7,5,0,12,6,0,1057,75,0,19,1201
CTD_101,20130306,2031,2013-03-06T20:31:00.00Z,-74.955000,164.215000,50.0,16,8,1.060,100,233,52,440,0,126,198,0,994,0,3,0,96,152,181,0,10,68,0,11,5,0,18,10,0,1086,56,0,24,1328
CTD_101,20130306,2031,2013-03-06T20:31:00.00Z,-74.955000,164.215000,25.0,18,9,1.060,91,142,46,409,0,115,165,0,924,1,3,0,83,140,165,5,10,62,0,0,4,0,18,8,0,1217,67,0,21,1367
CTD_101,20130306,2031,2013-03-06T20:31:00.00Z,-74.955000,164.215000,3.0,20,10,1.060,80,204,45,326,17,97,151,0,792,0,3,0,67,122,151,3,10,57,0,2,9,0,20,9,0,854,45,0,26,1067
CTD_102,20130306,0706,2013-03-06T07:06:00.00Z,-74.831667,164.480000,50.0,16,8,2.120,73,103,28,232,15,89,125,0,582,0,1,0,37,87,95,0,8,38,2,21,12,0,31,18,0,750,48,0,33,871
CTD_102,20130306,0706,2013-03-06T07:06:00.00Z,-74.831667,164.480000,25.0,18,9,2.015,77,140,31,247,13,94,122,0,616,0,0,0,40,94,98,1,7,38,1,22,6,0,19,11,0,730,50,0,24,881
CTD_102,20130306,0706,2013-03-06T07:06:00.00Z,-74.831667,164.480000,1.0,20,10,2.015,75,81,34,243,12,83,116,0,575,0,2,0,69,95,92,1,8,34,2,20,9,0,24,16,0,817,54,0,27,915
CTD_103,20130306,2005,2013-03-06T20:05:00.00Z,-74.272500,168.924183,75.0,16,8,1.060,52,105,0,198,0,92,58,0,455,1,0,0,54,57,66,10,4,103,0,0,7,0,23,0,0,556,55,0,10,660
CTD_103,20130306,2005,2013-03-06T20:05:00.00Z,-74.272500,168.924183,30.0,18,9,1.060,99,152,24,412,0,254,137,0,913,3,4,0,82,133,160,10,10,204,0,0,0,0,11,1,0,1029,87,0,13,1182
CTD_103,20130306,2005,2013-03-06T20:05:00.00Z,-74.272500,168.924183,2.5,20,10,1.060,115,225,32,409,0,165,157,0,868,1,4,0,105,130,148,7,8,175,0,0,6,0,34,14,0,944,62,0,37,1183
CTD_104,20130306,2302,2013-03-06T23:02:00.00Z,-74.192667,169.621667,75.0,14,7,1.060,21,81,3,82,0,23,29,0,157,0,0,0,37,16,13,0,0,36,0,0,0,0,6,0,0,162,11,0,0,244
CTD_104,20130306,2302,2013-03-06T23:02:00.00Z,-74.192667,169.621667,35.0,16,8,1.060,79,230,0,368,0,131,132,0,860,0,0,0,54,108,136,9,8,98,0,0,0,0,11,6,0,770,61,0,22,1006
CTD_104,20130306,2302,2013-03-06T23:02:00.00Z,-74.192667,169.621667,25.0,18,9,1.060,91,269,0,410,0,137,156,0,924,0,0,0,60,118,149,7,7,78,0,0,17,0,32,18,0,862,49,0,23,1149
CTD_104,20130306,2302,2013-03-06T23:02:00.00Z,-74.192667,169.621667,1.0,20,10,1.060,94,219,31,341,0,107,116,0,763,0,0,0,61,114,120,0,10,44,0,0,18,0,26,18,0,900,63,0,25,1136
CTD_106,20130307,0533,2013-03-07T05:33:00.00Z,-74.007002,170.416667,50.0,16,8,1.060,134,234,32,406,11,58,119,0,832,0,0,0,115,126,141,9,11,78,0,18,4,0,24,3,0,760,59,0,11,997
CTD_106,20130307,0533,2013-03-07T05:33:00.00Z,-74.007002,170.416667,25.0,18,9,1.060,140,193,46,465,0,64,134,0,880,0,0,0,143,169,149,10,16,79,0,5,7,0,34,0,0,885,86,0,17,1078
CTD_106,20130307,0533,2013-03-07T05:33:00.00Z,-74.007002,170.416667,2.0,20,10,1.060,119,220,39,411,0,57,123,0,805,0,3,0,172,185,134,8,20,65,0,31,15,0,63,0,0,832,75,0,17,1052
CTD_107,20130307,1848,2013-03-07T18:48:00.00Z,-75.750733,168.999200,150.0,12,6,1.060,62,136,0,191,0,53,50,0,331,0,3,0,113,52,52,1,4,13,0,8,0,0,22,0,0,357,19,0,0,493
CTD_107,20130307,1848,2013-03-07T18:48:00.00Z,-75.750733,168.999200,80.0,14,7,1.060,9,0,0,18,0,35,7,0,47,0,0,0,75,0,0,0,0,0,0,2,0,0,8,0,0,75,7,0,0,75
CTD_107,20130307,1848,2013-03-07T18:48:00.00Z,-75.750733,168.999200,40.0,16,8,1.060,0,0,0,4,0,0,0,0,5,0,0,0,28,0,0,0,0,0,0,0,0,0,2,0,0,15,0,0,0,15
CTD_107,20130307,1848,2013-03-07T18:48:00.00Z,-75.750733,168.999200,15.0,18,9,1.060,230,413,60,921,0,49,303,0,1341,0,5,0,271,374,265,5,31,76,0,13,41,0,78,22,0,1009,91,0,50,1444
CTD_107,20130307,1848,2013-03-07T18:48:00.00Z,-75.750733,168.999200,2.5,20,10,1.060,249,253,68,956,0,51,257,0,1457,0,0,0,317,391,284,3,31,76,0,1,25,0,118,0,0,1476,124,0,38,1728
CTD_108,20130307,2324,2013-03-07T23:24:00.00Z,-75.752817,168.997117,150.0,12,6,1.060,2,0,0,15,0,0,0,0,13,0,0,0,28,0,0,0,0,0,0,0,0,0,3,0,0,22,0,0,0,22
CTD_108,20130307,2324,2013-03-07T23:24:00.00Z,-75.752817,168.997117,80.0,14,7,1.060,13,0,0,28,0,2,11,0,55,0,3,0,89,0,0,0,0,0,0,0,0,0,29,0,0,94,0,0,0,94
CTD_108,20130307,2324,2013-03-07T23:24:00.00Z,-75.752817,168.997117,40.0,16,8,1.060,165,310,55,682,10,42,238,0,937,0,5,0,217,249,201,5,20,64,0,0,6,0,49,0,0,640,76,0,15,950
CTD_108,20130307,2324,2013-03-07T23:24:00.00Z,-75.752817,168.997117,15.0,18,9,1.060,179,326,58,753,11,39,277,0,1021,0,5,0,239,306,214,1,27,70,0,0,18,0,63,13,0,726,85,0,21,1065
CTD_108,20130307,2324,2013-03-07T23:24:00.00Z,-75.752817,168.997117,2.5,20,10,1.060,264,331,73,1014,14,48,340,0,1516,0,6,1,366,429,332,5,42,111,0,13,21,0,104,0,0,1430,147,0,37,1761
CTD_109,20130308,0324,2013-03-08T03:24:00.00Z,-75.769483,163.973333,150.0,12,6,1.060,0,0,0,3,0,0,0,0,0,0,0,0,27,0,0,0,0,0,0,0,0,0,17,0,0,10,0,0,0,10
CTD_109,20130308,0324,2013-03-08T03:24:00.00Z,-75.769483,163.973333,80.0,14,7,1.060,9,0,0,18,0,0,7,0,39,0,0,0,76,0,0,0,0,0,0,1,0,0,8,0,0,65,3,0,0,65
CTD_109,20130308,0324,2013-03-08T03:24:00.00Z,-75.769483,163.973333,40.0,16,8,1.060,198,291,69,836,10,54,317,0,1143,0,5,0,234,366,202,6,30,59,0,10,7,0,52,1,0,882,87,0,22,1174
CTD_109,20130308,0324,2013-03-08T03:24:00.00Z,-75.769483,163.973333,15.0,18,9,1.060,243,310,72,1001,0,63,363,0,1408,0,5,0,295,446,246,7,40,68,0,15,24,0,114,0,0,1288,123,0,53,1598
CTD_109,20130308,0324,2013-03-08T03:24:00.00Z,-75.769483,163.973333,1.0,20,10,1.060,271,291,61,1062,0,54,334,0,1570,0,6,1,357,467,280,6,49,69,0,14,17,0,96,0,0,1606,151,0,38,1896
CTD_110,20130308,0723,2013-03-08T07:23:00.00Z,-75.763333,168.916667,150.0,12,6,1.060,3,0,0,5,0,1,1,0,2,0,0,0,34,0,0,0,0,0,0,0,0,0,0,0,0,20,0,0,0,20
CTD_110,20130308,0723,2013-03-08T07:23:00.00Z,-75.763333,168.916667,80.0,14,7,1.060,11,0,0,21,0,25,5,0,25,0,0,0,74,0,0,0,0,0,0,0,0,0,3,0,0,62,4,0,0,62
CTD_110,20130308,0723,2013-03-08T07:23:00.00Z,-75.763333,168.916667,40.0,16,8,1.060,35,83,0,104,0,54,18,0,230,0,3,0,85,25,19,0,3,0,0,0,0,0,8,0,0,286,13,0,0,369
CTD_110,20130308,0723,2013-03-08T07:23:00.00Z,-75.763333,168.916667,15.0,18,9,1.060,221,393,66,974,0,79,271,37,1272,0,6,0,338,443,187,8,42,47,0,0,6,0,7,61,0,969,67,0,32,1423
CTD_110,20130308,0723,2013-03-08T07:23:00.00Z,-75.763333,168.916667,15.0,20,10,1.060,195,324,60,824,13,67,245,33,1217,1,6,0,297,385,179,6,37,40,0,0,5,0,5,49,0,926,71,0,22,1299
CTD_113,20130308,1926,2013-03-08T19:26:00.00Z,-75.738383,168.827067,150.0,12,6,1.060,0,0,0,8,0,0,1,0,0,0,0,0,33,0,0,0,0,0,0,0,0,0,0,0,0,12,0,0,0,12
CTD_113,20130308,1926,2013-03-08T19:26:00.00Z,-75.738383,168.827067,80.0,14,7,1.060,5,0,0,14,0,32,7,16,22,0,0,0,70,0,0,0,0,0,0,0,0,0,3,0,0,59,4,0,0,59
CTD_113,20130308,1926,2013-03-08T19:26:00.00Z,-75.738383,168.827067,40.0,16,8,1.060,76,182,11,260,0,42,54,15,535,4,3,0,138,93,53,0,6,11,0,0,0,0,17,0,0,423,32,0,4,605
CTD_113,20130308,1926,2013-03-08T19:26:00.00Z,-75.738383,168.827067,15.0,18,9,1.060,257,517,59,1012,0,70,263,51,1726,13,8,1,298,460,210,6,35,38,0,0,7,0,53,0,0,1113,108,0,37,1630
CTD_113,20130308,1926,2013-03-08T19:26:00.00Z,-75.738383,168.827067,2.0,20,10,1.060,215,441,56,852,0,55,248,18,1428,8,6,0,271,392,167,6,31,32,0,0,6,0,43,0,0,833,84,0,28,1274
CTD_114,20130308,2314,2013-03-08T23:14:00.00Z,-75.721667,168.800000,80.0,14,7,1.060,0,0,0,3,0,0,0,0,0,0,0,0,30,0,0,0,0,0,0,0,0,0,0,0,0,9,0,0,0,9
CTD_114,20130308,2314,2013-03-08T23:14:00.00Z,-75.721667,168.800000,40.0,16,8,1.060,0,0,0,7,0,8,2,0,12,0,0,0,33,0,0,0,0,0,0,0,0,0,0,0,0,32,0,0,0,32
CTD_114,20130308,2314,2013-03-08T23:14:00.00Z,-75.721667,168.800000,15.0,18,9,1.060,152,281,0,610,0,48,149,17,910,6,5,0,216,237,147,3,20,7,0,0,3,0,37,0,0,749,45,0,13,1031
CTD_114,20130308,2314,2013-03-08T23:14:00.00Z,-75.721667,168.800000,1.0,20,10,1.060,230,398,56,988,0,71,254,38,1405,10,7,0,323,418,225,8,34,62,0,0,6,0,63,0,0,905,97,0,33,1303
CTD_115,20130309,0345,2013-03-09T03:45:00.00Z,-75.705000,168.743333,150.0,12,6,1.060,194,460,47,816,0,50,246,30,1218,7,6,0,247,348,197,5,32,51,0,0,5,0,49,0,0,639,72,0,23,1099
CTD_115,20130309,0345,2013-03-09T03:45:00.00Z,-75.705000,168.743333,80.0,14,7,1.060,1,0,0,9,0,0,1,0,0,0,0,0,26,0,0,0,0,0,0,0,0,0,0,0,0,10,0,0,0,10
CTD_115,20130309,0345,2013-03-09T03:45:00.00Z,-75.705000,168.743333,40.0,16,8,1.060,5,0,0,10,0,16,3,0,19,0,0,0,50,0,0,0,0,0,0,0,0,0,1,0,0,49,2,0,0,49
CTD_115,20130309,0345,2013-03-09T03:45:00.00Z,-75.705000,168.743333,15.0,18,9,1.060,16,62,0,43,0,4,7,0,88,1,0,0,73,6,5,0,0,0,0,0,0,0,5,0,0,129,6,0,0,192
CTD_115,20130309,0345,2013-03-09T03:45:00.00Z,-75.705000,168.743333,1.0,20,10,1.060,240,439,55,964,0,65,237,35,1375,1,6,0,340,427,233,7,45,59,0,0,5,0,61,0,0,1226,75,0,32,1666
CTD_118,20130309,1806,2013-03-09T18:06:00.00Z,-75.501000,167.998333,150.0,14,7,1.060,253,259,57,955,0,55,206,37,1562,2,6,0,353,446,265,8,38,61,0,0,6,0,63,0,0,1727,125,0,33,1986
CTD_118,20130309,1806,2013-03-09T18:06:00.00Z,-75.501000,167.998333,75.0,16,8,1.060,8,51,0,15,0,24,3,0,22,4,3,0,82,0,0,0,0,3,0,0,0,0,5,0,0,63,0,5,0,114
CTD_118,20130309,1806,2013-03-09T18:06:00.00Z,-75.501000,167.998333,25.0,18,9,1.060,0,0,0,4,0,5,0,0,6,0,0,0,16,0,0,0,0,0,0,0,0,0,0,0,0,20,0,0,0,20
CTD_118,20130309,1806,2013-03-09T18:06:00.00Z,-75.501000,167.998333,2.4,20,10,1.060,146,276,26,410,0,78,119,20,728,8,6,0,165,131,125,2,4,13,16,0,3,0,2,25,0,650,0,110,13,951
CTD_119,20130309,2211,2013-03-09T22:11:00.00Z,-75.500500,169.998333,100.0,14,7,1.060,312,396,98,1069,0,84,351,46,1835,10,13,0,276,432,369,12,15,105,0,0,13,0,15,56,0,1885,0,133,64,2338
CTD_119,20130309,2211,2013-03-09T22:11:00.00Z,-75.500500,169.998333,50.0,16,8,1.060,36,65,0,50,0,48,10,11,56,5,7,0,343,8,1,0,2,11,0,0,0,0,31,0,0,176,0,18,0,240
CTD_119,20130309,2211,2013-03-09T22:11:00.00Z,-75.500500,169.998333,25.0,18,9,1.060,86,140,12,205,0,41,41,14,395,5,5,0,314,62,46,0,2,6,0,0,0,0,36,0,0,480,0,53,0,620
CTD_119,20130309,2211,2013-03-09T22:11:00.00Z,-75.500500,169.998333,2.8,20,10,1.060,146,147,30,433,0,44,91,27,784,7,7,0,416,149,124,3,7,15,10,0,7,0,4,60,0,1035,0,46,14,1242
CTD_120,20130310,0200,2013-03-10T02:00:00.00Z,-76.500000,172.013333,50.0,16,8,1.060,135,120,32,417,0,37,85,0,761,0,0,0,430,150,108,0,9,14,4,0,0,0,57,0,0,1046,0,62,11,1166
CTD_120,20130310,0200,2013-03-10T02:00:00.00Z,-76.500000,172.013333,25.0,18,9,1.060,169,93,17,357,0,31,53,20,708,6,6,0,477,89,101,2,4,9,1,1,4,0,3,65,0,1017,0,116,5,1174
CTD_120,20130310,0200,2013-03-10T02:00:00.00Z,-76.500000,172.013333,1.0,20,10,1.060,178,126,28,498,0,35,79,22,905,5,7,0,555,163,138,1,7,17,5,0,5,0,6,76,0,1231,0,109,12,1432
CTD_121,20130310,0612,2013-03-10T06:12:00.00Z,-76.500000,174.000000,150.0,14,7,1.060,83,113,18,293,0,16,57,13,484,0,3,0,274,99,72,0,5,14,0,0,3,0,0,36,0,609,0,27,1,758
CTD_121,20130310,0612,2013-03-10T06:12:00.00Z,-76.500000,174.000000,100.0,16,8,1.060,22,0,0,24,0,22,3,12,7,2,7,0,271,1,0,0,0,0,0,0,0,0,26,0,0,118,5,0,0,118
CTD_121,20130310,0612,2013-03-10T06:12:00.00Z,-76.500000,174.000000,50.0,18,9,1.060,113,124,22,280,0,30,37,32,505,4,7,0,560,68,74,0,5,15,0,0,0,0,87,0,0,814,27,2,0,938
CTD_121,20130310,0612,2013-03-10T06:12:00.00Z,-76.500000,174.000000,1.0,20,10,1.060,97,98,24,244,0,20,30,26,427,2,5,0,507,57,60,0,3,13,0,0,0,0,78,0,0,718,22,0,0,816
CTD_122,20130310,1801,2013-03-10T18:01:00.00Z,-76.499167,176.002500,150.0,10,5,1.060,94,105,24,246,0,18,29,27,410,0,3,0,524,82,58,0,7,10,0,0,0,0,82,0,0,711,22,0,0,816
CTD_122,20130310,1801,2013-03-10T18:01:00.00Z,-76.499167,176.002500,100.0,12,6,1.060,7,53,0,30,0,19,0,0,22,0,0,0,65,0,0,0,0,0,0,0,0,0,5,0,0,56,0,0,0,109
CTD_122,20130310,1801,2013-03-10T18:01:00.00Z,-76.499167,176.002500,75.0,14,7,1.060,9,55,0,21,0,28,6,0,12,2,0,0,145,0,0,0,3,5,0,0,0,0,11,0,0,72,0,14,0,127
CTD_122,20130310,1801,2013-03-10T18:01:00.00Z,-76.499167,176.002500,50.0,16,8,1.060,70,155,8,168,0,24,32,19,241,0,3,0,376,34,47,0,4,12,0,0,0,0,66,0,0,367,0,22,0,522
CTD_122,20130310,1801,2013-03-10T18:01:00.00Z,-76.499167,176.002500,25.0,18,9,1.060,77,132,19,182,0,20,24,20,266,0,4,0,391,40,49,0,1,9,0,0,0,0,73,0,0,436,0,23,0,567
CTD_122,20130310,1801,2013-03-10T18:01:00.00Z,-76.499167,176.002500,1.9,20,10,1.060,78,150,17,189,0,21,0,20,284,0,3,0,389,50,49,1,4,14,0,4,0,0,72,0,0,435,0,0,0,585
CTD_123,20130310,2234,2013-03-10T22:34:00.00Z,-76.501500,178.024167,125.0,10,5,1.060,83,170,20,225,0,24,26,23,323,6,6,0,505,61,61,4,7,16,0,7,5,0,0,89,0,505,0,32,0,763
CTD_123,20130310,2234,2013-03-10T22:34:00.00Z,-76.501500,178.024167,100.0,12,6,1.060,5,57,2,62,0,0,10,0,151,0,17,0,86,7,3,0,0,0,0,0,0,0,5,0,0,213,10,0,0,270
CTD_123,20130310,2234,2013-03-10T22:34:00.00Z,-76.501500,178.024167,75.0,14,7,1.060,18,64,6,97,0,22,18,13,227,0,24,0,151,14,12,0,0,0,0,0,0,0,24,0,0,350,17,0,0,414
CTD_123,20130310,2234,2013-03-10T22:34:00.00Z,-76.501500,178.024167,50.0,16,8,1.060,37,90,13,164,8,31,29,22,377,0,21,0,259,32,25,0,4,0,0,0,0,0,50,2,0,545,24,0,0,637
CTD_123,20130310,2234,2013-03-10T22:34:00.00Z,-76.501500,178.024167,25.0,18,9,1.060,77,118,29,293,0,44,49,36,602,0,16,0,407,73,48,0,9,13,0,0,5,0,85,4,0,892,34,0,6,1014
CTD_123,20130310,2234,2013-03-10T22:34:00.00Z,-76.501500,178.024167,2.0,20,10,1.060,80,121,33,303,0,48,47,37,589,0,17,0,429,74,47,0,10,12,0,0,5,0,92,6,0,874,32,0,5,1001
CTD_124,20130311,0325,2013-03-11T03:25:00.00Z,-76.498333,-178.010000,125.0,12,6,1.060,61,120,27,256,10,39,46,34,517,0,15,0,382,67,45,0,9,14,0,0,5,0,84,5,0,759,25,0,4,885
CTD_124,20130311,0325,2013-03-11T03:25:00.00Z,-76.498333,-178.010000,100.0,14,7,1.060,11,53,0,28,0,22,6,0,25,4,3,0,134,0,0,0,2,0,0,0,0,0,11,0,0,92,0,8,0,145
CTD_124,20130311,0325,2013-03-11T03:25:00.00Z,-76.498333,-178.010000,75.0,16,8,1.060,25,66,0,52,0,22,5,0,65,5,5,0,206,3,4,0,9,8,0,0,0,0,24,0,0,174,0,8,0,241
CTD_124,20130311,0325,2013-03-11T03:25:00.00Z,-76.498333,-178.010000,40.0,18,9,1.060,229,207,21,460,0,42,50,28,827,11,13,0,597,96,155,4,4,24,6,0,5,0,18,136,0,1207,0,60,8,1550
CTD_124,20130311,0325,2013-03-11T03:25:00.00Z,-76.498333,-178.010000,1.0,20,10,1.060,186,313,43,522,13,31,93,28,1020,5,8,0,388,145,191,3,5,28,0,0,6,0,8,101,0,1119,0,101,12,1533
CTD_125,20130311,0828,2013-03-11T08:28:00.00Z,-76.497017,-176.008867,150.0,12,6,1.060,165,241,39,540,0,29,82,29,1087,4,8,0,315,166,198,4,7,30,0,0,8,0,10,84,0,1274,0,103,14,1599
CTD_125,20130311,0828,2013-03-11T08:28:00.00Z,-76.497017,-176.008867,100.0,14,7,1.060,5,0,0,18,0,25,0,0,13,0,11,0,125,0,0,0,0,0,0,0,0,0,11,0,0,73,4,0,0,73
CTD_125,20130311,0828,2013-03-11T08:28:00.00Z,-76.497017,-176.008867,50.0,16,8,1.060,19,63,0,58,0,28,10,0,103,0,12,0,195,7,3,0,2,0,0,0,0,0,23,0,0,208,9,0,0,271
CTD_125,20130311,0828,2013-03-11T08:28:00.00Z,-76.497017,-176.008867,25.0,18,9,1.060,133,230,32,496,22,64,80,30,1121,0,17,0,341,118,129,2,11,19,0,5,4,0,85,4,0,1239,52,0,11,1473
CTD_125,20130311,0828,2013-03-11T08:28:00.00Z,-76.497017,-176.008867,1.0,20,10,1.060,127,231,40,499,28,53,54,31,1208,0,14,0,368,148,137,2,11,27,0,2,6,0,73,0,0,1326,59,0,17,1557
CTD_127,20130311,1707,2013-03-11T17:07:00.00Z,-76.499717,-174.018183,101.0,14,7,1.060,104,250,35,449,0,36,64,37,973,2,0,0,338,183,101,2,10,39,0,1,4,0,62,0,0,1020,44,0,18,1270
CTD_127,20130311,1707,2013-03-11T17:07:00.00Z,-76.499717,-174.018183,50.0,16,8,1.060,11,0,0,23,0,29,0,0,12,0,10,0,207,0,0,0,2,0,0,0,0,0,18,0,0,93,7,0,0,93
CTD_127,20130311,1707,2013-03-11T17:07:00.00Z,-76.499717,-174.018183,25.0,18,9,1.060,73,110,25,284,0,34,44,20,593,0,0,0,349,81,58,0,9,12,0,0,3,0,52,0,0,782,34,0,2,891
CTD_127,20130311,1707,2013-03-11T17:07:00.00Z,-76.499717,-174.018183,2.5,20,10,1.060,88,160,41,420,0,34,83,28,894,0,0,0,343,122,92,2,11,22,0,1,5,0,58,3,0,1003,51,0,9,1167
CTD_128,20130311,2134,2013-03-11T21:34:00.00Z,-76.499467,-172.004833,100.0,14,7,1.060,123,201,48,516,0,36,78,35,1099,0,0,0,389,157,112,0,11,23,0,0,0,0,65,0,0,1213,60,0,14,1414
CTD_128,20130311,2134,2013-03-11T21:34:00.00Z,-76.499467,-172.004833,50.0,16,8,1.060,0,0,0,8,0,19,0,0,8,0,0,0,68,0,0,0,0,0,0,0,0,0,2,0,0,42,5,0,0,42
CTD_128,20130311,2134,2013-03-11T21:34:00.00Z,-76.499467,-172.004833,25.0,18,9,1.060,64,113,22,269,0,17,25,24,631,0,0,0,209,75,77,0,7,13,0,0,0,0,31,0,0,799,28,0,1,912
CTD_128,20130311,2134,2013-03-11T21:34:00.00Z,-76.499467,-172.004833,1.6,20,10,1.060,58,132,27,302,10,13,32,31,731,1,0,0,199,92,81,0,6,16,0,0,0,0,28,0,0,871,31,0,3,1003
CTD_130,20130312,0219,2013-03-12T02:19:00.00Z,-76.496667,-171.507000,150.0,12,6,1.060,74,143,29,376,0,17,50,38,850,1,0,0,251,115,101,3,8,25,0,0,3,0,40,0,0,1054,39,0,9,1197
CTD_130,20130312,0219,2013-03-12T02:19:00.00Z,-76.496667,-171.507000,100.0,14,7,1.060,5,0,0,23,0,10,5,24,40,0,0,0,41,0,0,0,0,0,0,0,0,0,8,17,0,69,0,0,0,87
CTD_130,20130312,0219,2013-03-12T02:19:00.00Z,-76.496667,-171.507000,50.0,16,8,1.060,0,0,0,0,0,0,7,21,559,0,0,0,210,71,98,11,8,8,0,0,4,0,43,0,0,818,14,0,5,818
CTD_130,20130312,0219,2013-03-12T02:19:00.00Z,-76.496667,-171.507000,25.0,18,9,1.060,72,110,0,214,0,16,12,81,445,0,0,0,210,62,73,8,8,0,5,0,4,0,57,0,0,699,11,0,4,808
CTD_130,20130312,0219,2013-03-12T02:19:00.00Z,-76.496667,-171.507000,1.0,20,10,1.060,66,106,0,192,0,5,11,78,416,0,0,0,202,58,70,0,8,9,0,0,0,0,31,0,0,653,10,0,1,759
CTD_131,20130313,0337,2013-03-13T03:37:00.00Z,-78.642933,-163.995000,50.0,16,8,4.650,20,27,0,47,0,29,13,17,104,0,2,0,50,12,20,3,0,26,0,0,2,0,20,0,0,182,17,0,6,209
CTD_131,20130313,0337,2013-03-13T03:37:00.00Z,-78.642933,-163.995000,1.0,20,10,4.650,0,0,0,0,0,20,8,12,71,0,1,0,50,8,12,1,0,16,0,0,3,0,11,6,0,129,14,0,2,135
CTD_135,20130318,0532,2013-03-18T05:32:00.00Z,-76.528000,-165.767900,119.0,12,6,2.120,17,0,0,25,0,16,5,20,70,0,0,0,43,1,7,1,0,9,0,0,0,0,11,0,0,108,3,0,0,108
CTD_135,20130318,0532,2013-03-18T05:32:00.00Z,-76.528000,-165.767900,100.0,14,7,2.120,11,0,0,17,0,8,4,15,50,0,0,0,33,0,3,0,0,4,0,0,0,0,10,0,0,77,2,0,0,77
CTD_135,20130318,0532,2013-03-18T05:32:00.00Z,-76.528000,-165.767900,75.0,16,8,2.120,25,0,0,32,0,12,6,18,106,0,0,0,38,3,15,0,0,8,0,0,0,0,17,0,0,166,4,0,0,166
CTD_135,20130318,0532,2013-03-18T05:32:00.00Z,-76.528000,-165.767900,25.0,18,9,2.120,34,41,0,65,0,18,6,43,155,1,4,0,80,12,29,4,0,13,0,2,0,5,14,0,0,282,6,0,2,323
CTD_135,20130318,0532,2013-03-18T05:32:00.00Z,-76.528000,-165.767900,0.1,20,10,2.120,32,51,0,84,0,25,8,51,158,1,3,0,138,20,30,0,1,4,4,2,0,6,24,0,0,303,8,0,4,354
CTD_136,20130325,0347,2013-03-25T03:47:00.00Z,-66.666300,-136.066200,200.0,13,4,2.120,1,0,0,8,0,0,2,14,16,0,0,0,7,0,0,0,0,5,0,0,0,0,6,0,0,21,0,0,0,21
CTD_136,20130325,0347,2013-03-25T03:47:00.00Z,-66.666300,-136.066200,150.0,14,5,2.120,5,0,0,14,0,3,3,23,23,0,0,0,17,1,1,0,0,9,5,0,0,0,1,3,0,39,0,0,0,42
CTD_136,20130325,0347,2013-03-25T03:47:00.00Z,-66.666300,-136.066200,100.0,16,6,2.120,7,0,0,24,0,6,5,22,41,0,0,0,22,4,5,3,0,12,5,0,0,0,11,0,0,63,2,0,0,63
CTD_136,20130325,0347,2013-03-25T03:47:00.00Z,-66.666300,-136.066200,75.0,17,7,1.060,24,69,0,15,0,0,13,9,180,0,0,0,29,20,27,1,0,25,0,0,0,0,21,0,0,234,5,0,0,303
CTD_136,20130325,0347,2013-03-25T03:47:00.00Z,-66.666300,-136.066200,50.0,18,8,1.060,41,99,0,0,0,0,31,22,304,0,0,0,85,62,62,3,8,17,0,0,0,0,12,0,0,422,6,0,0,522
CTD_136,20130325,0347,2013-03-25T03:47:00.00Z,-66.666300,-136.066200,25.0,19,9,1.060,39,93,0,200,0,0,27,17,275,0,0,0,82,58,52,1,5,17,4,0,0,0,12,0,0,401,6,0,0,495
CTD_136,20130325,0347,2013-03-25T03:47:00.00Z,-66.666300,-136.066200,1.0,20,10,1.060,35,103,0,181,0,4,27,21,263,0,0,0,72,54,49,1,6,16,0,0,0,0,11,0,0,352,5,0,0,456
CTD_137,20130325,1340,2013-03-25T13:40:00.00Z,-66.209700,-136.060900,175.0,14,4,2.120,0,0,0,6,0,0,0,15,7,0,0,0,10,0,0,0,0,0,0,0,0,0,6,0,0,18,0,0,0,18
CTD_137,20130325,1340,2013-03-25T13:40:00.00Z,-66.209700,-136.060900,150.0,15,5,2.120,2,0,0,7,0,0,1,14,9,0,0,0,15,0,0,0,0,0,0,0,0,0,0,0,0,19,0,0,0,19
CTD_137,20130325,1340,2013-03-25T13:40:00.00Z,-66.209700,-136.060900,100.0,16,6,2.120,20,46,0,107,0,0,16,9,143,0,0,0,38,29,28,0,3,10,0,0,0,0,8,0,0,210,4,0,0,256
CTD_137,20130325,1340,2013-03-25T13:40:00.00Z,-66.209700,-136.060900,75.0,17,7,1.060,10,0,0,26,0,6,7,33,50,0,0,0,38,1,2,0,0,7,0,0,0,0,8,0,0,78,0,0,0,78
CTD_137,20130325,1340,2013-03-25T13:40:00.00Z,-66.209700,-136.060900,50.0,18,8,1.060,7,0,0,38,0,0,7,19,81,0,0,0,17,6,7,0,0,16,0,0,0,0,0,0,0,106,0,0,0,106
CTD_137,20130325,1340,2013-03-25T13:40:00.00Z,-66.209700,-136.060900,25.0,19,9,1.060,39,116,0,216,0,0,31,16,290,0,0,0,76,58,59,2,6,22,0,0,0,0,15,0,0,405,8,0,0,522
CTD_137,20130325,1340,2013-03-25T13:40:00.00Z,-66.209700,-136.060900,1.0,20,10,1.060,43,93,0,229,0,0,33,23,287,0,0,0,85,61,60,0,5,17,0,0,0,0,25,0,0,437,9,0,0,530
CTD_139,nd,nd,nd,nd,nd,150.0,15,15,4.650,1,0,0,4,0,0,1,13,7,0,0,0,6,0,0,0,1,0,0,0,0,0,0,0,0,14,0,0,0,14
CTD_139,nd,nd,nd,nd,nd,100.0,16,16,3.744,7,15,0,6,0,0,2,3,11,0,0,0,17,1,0,0,1,0,3,0,0,0,2,0,0,24,0,0,0,40
CTD_139,nd,nd,nd,nd,nd,75.0,17,17,4.650,4,13,0,7,0,0,2,16,12,0,0,0,24,1,0,0,1,0,1,0,0,0,3,0,0,27,0,0,0,40
CTD_139,nd,nd,nd,nd,nd,50.0,18,18,4.650,5,15,0,13,0,1,3,13,31,0,0,0,16,3,1,0,3,0,2,0,0,0,2,0,0,40,2,0,0,55
CTD_139,nd,nd,nd,nd,nd,25.0,19,19,4.650,35,44,0,157,2,5,30,24,244,0,0,0,80,50,38,0,4,6,0,0,1,0,12,2,0,316,27,0,4,362
CTD_139,nd,nd,nd,nd,nd,1.0,20,20,4.650,16,32,0,72,0,1,12,11,109,0,0,0,38,22,14,0,2,3,0,0,0,0,3,0,0,138,6,0,0,170
